-1.000000000000000000e+00,9.353315830230712891e-02,-7.999116182327270508e-02
4.554997682571411133e-01,-5.911651253700256348e-01,-1.000000000000000000e+00
1.000000000000000000e+00,4.207375049591064453e-01,-2.553713917732238770e-01
-3.812927603721618652e-01,-1.000000000000000000e+00,-4.894177913665771484e-01
3.235855102539062500e-01,1.000000000000000000e+00,-3.607350587844848633e-02
2.584713697433471680e-01,-9.549286365509033203e-01,-1.000000000000000000e+00
7.079787254333496094e-01,-1.000000000000000000e+00,-5.473406314849853516e-01
3.887541294097900391e-01,-9.812019467353820801e-01,-1.000000000000000000e+00
1.000000000000000000e+00,-2.549456357955932617e-01,-9.735842943191528320e-01
-1.000000000000000000e+00,7.123236656188964844e-01,-3.842250704765319824e-01
9.754850864410400391e-01,9.478482007980346680e-01,1.000000000000000000e+00
5.895400047302246094e-01,-9.830894470214843750e-01,-1.000000000000000000e+00
6.717294454574584961e-01,7.769821882247924805e-01,-1.000000000000000000e+00
1.000000000000000000e+00,-2.971832156181335449e-01,1.535245180130004883e-01
-1.000000000000000000e+00,-5.523554086685180664e-01,1.118499040603637695e-01
-1.000000000000000000e+00,2.005277872085571289e-01,5.776656866073608398e-01
7.299268245697021484e-02,-1.000000000000000000e+00,1.552599668502807617e-01
-4.760227799415588379e-01,8.071283102035522461e-01,-1.000000000000000000e+00
1.000000000000000000e+00,1.720720529556274414e-01,6.187096834182739258e-01
5.855355262756347656e-01,-6.456269025802612305e-01,1.000000000000000000e+00
2.205284833908081055e-01,2.062366008758544922e-01,1.000000000000000000e+00
-1.000000000000000000e+00,3.901041746139526367e-01,2.283765077590942383e-01
8.225176334381103516e-01,5.531647205352783203e-01,1.000000000000000000e+00
6.747373342514038086e-01,-4.542986154556274414e-01,1.000000000000000000e+00
-4.265910983085632324e-01,4.996870756149291992e-01,-1.000000000000000000e+00
-6.624654531478881836e-01,4.719156026840209961e-01,-1.000000000000000000e+00
-7.756071686744689941e-01,-6.839969158172607422e-01,1.000000000000000000e+00
5.997486114501953125e-01,-1.866543292999267578e-01,1.000000000000000000e+00
1.000000000000000000e+00,-4.313082098960876465e-01,-2.089282870292663574e-01
-6.027498245239257812e-01,6.779662370681762695e-01,-1.000000000000000000e+00
-5.080488920211791992e-01,5.628312826156616211e-01,1.000000000000000000e+00
-5.069363117218017578e-01,-1.000000000000000000e+00,2.626216411590576172e-02
1.000000000000000000e+00,9.333173036575317383e-01,-4.408743381500244141e-01
-5.106029510498046875e-01,1.000000000000000000e+00,3.958582878112792969e-01
8.585540056228637695e-01,6.358736753463745117e-01,1.000000000000000000e+00
1.000000000000000000e+00,-4.579848051071166992e-01,-9.219961166381835938e-01
-6.921675205230712891e-01,-3.475540280342102051e-01,-1.000000000000000000e+00
-1.773782968521118164e-01,7.329925298690795898e-01,1.000000000000000000e+00
1.341758966445922852e-01,1.000000000000000000e+00,-6.636406779289245605e-01
2.372778654098510742e-01,-1.000000000000000000e+00,6.307852268218994141e-01
-1.000000000000000000e+00,7.769944667816162109e-01,-3.070982694625854492e-01
-9.244353771209716797e-01,-1.000000000000000000e+00,-5.422394275665283203e-01
2.083152532577514648e-01,-2.099784016609191895e-01,1.000000000000000000e+00
-4.043982625007629395e-01,-8.751785755157470703e-01,1.000000000000000000e+00
-8.470226526260375977e-01,3.446689844131469727e-01,1.000000000000000000e+00
-1.000000000000000000e+00,2.130773067474365234e-01,8.274059295654296875e-01
1.000000000000000000e+00,9.361431598663330078e-01,-9.695370793342590332e-01
1.486324071884155273e-01,1.000000000000000000e+00,-4.822868108749389648e-01
-5.997238159179687500e-01,-1.000000000000000000e+00,-8.484658002853393555e-01
-2.733977437019348145e-01,1.000000000000000000e+00,8.800432682037353516e-01
9.960174560546875000e-03,-1.000000000000000000e+00,-5.895591378211975098e-01
3.623063564300537109e-01,-1.000000000000000000e+00,-5.348901748657226562e-01
1.000000000000000000e+00,6.221307516098022461e-01,8.273243904113769531e-03
-8.130131959915161133e-01,-2.264251112937927246e-01,-1.000000000000000000e+00
7.085773944854736328e-01,-9.335942268371582031e-01,1.000000000000000000e+00
-1.759251356124877930e-01,-6.077353954315185547e-01,1.000000000000000000e+00
9.021754264831542969e-01,1.000000000000000000e+00,-4.916844964027404785e-01
2.912755012512207031e-01,-1.000000000000000000e+00,-4.958425164222717285e-01
-3.073579668998718262e-01,-1.000000000000000000e+00,9.643852710723876953e-02
-7.111487984657287598e-01,1.000000000000000000e+00,-8.661568760871887207e-01
4.914965629577636719e-01,-1.000000000000000000e+00,8.753530979156494141e-01
9.422067403793334961e-01,8.781440258026123047e-01,1.000000000000000000e+00
-8.656749129295349121e-01,-4.005160331726074219e-01,-1.000000000000000000e+00
3.667773008346557617e-01,1.000000000000000000e+00,3.010598421096801758e-01
-5.510568618774414062e-01,1.473182439804077148e-01,1.000000000000000000e+00
9.578611850738525391e-01,-1.000000000000000000e+00,-8.564492464065551758e-01
1.000000000000000000e+00,3.876458406448364258e-01,5.594034194946289062e-01
-1.000000000000000000e+00,7.925381660461425781e-01,-5.496070384979248047e-01
-9.155421853065490723e-01,1.000000000000000000e+00,4.850856065750122070e-01
-2.753689885139465332e-01,1.000000000000000000e+00,7.225580215454101562e-01
-1.000000000000000000e+00,-4.971126317977905273e-01,8.577299118041992188e-02
-6.823539733886718750e-04,9.424344301223754883e-01,-1.000000000000000000e+00
-3.304654955863952637e-01,-6.823955774307250977e-01,-1.000000000000000000e+00
-5.873101353645324707e-01,1.868771314620971680e-01,1.000000000000000000e+00
4.103735685348510742e-01,1.000000000000000000e+00,-5.472036600112915039e-01
-3.247997164726257324e-01,-1.000000000000000000e+00,1.277698278427124023e-01
1.000000000000000000e+00,-6.720908880233764648e-01,-1.183493733406066895e-01
1.000000000000000000e+00,-5.127259492874145508e-01,-5.418121814727783203e-03
1.000000000000000000e+00,-5.743998885154724121e-01,-5.787101984024047852e-01
1.000000000000000000e+00,6.229829788208007812e-02,4.560971260070800781e-02
7.777582406997680664e-01,-5.478835105895996094e-02,-1.000000000000000000e+00
2.827543020248413086e-01,1.000000000000000000e+00,5.996497869491577148e-01
-2.123370170593261719e-01,-1.000000000000000000e+00,-8.463075757026672363e-01
1.000000000000000000e+00,-7.613241672515869141e-01,-2.732818126678466797e-01
-3.608773946762084961e-01,1.000000000000000000e+00,-3.159993290901184082e-01
4.995239973068237305e-01,-1.000000000000000000e+00,4.309582710266113281e-02
8.990216255187988281e-01,1.000000000000000000e+00,4.384930133819580078e-01
-1.000000000000000000e+00,6.320447921752929688e-01,-2.135747075080871582e-01
1.000000000000000000e+00,-7.706464529037475586e-01,-2.392780780792236328e-02
7.612918615341186523e-01,7.961232662200927734e-01,-1.000000000000000000e+00
5.074756145477294922e-01,4.308712482452392578e-02,-1.000000000000000000e+00
1.000000000000000000e+00,4.457663297653198242e-01,8.690804243087768555e-01
7.002853155136108398e-01,3.281159400939941406e-01,1.000000000000000000e+00
-1.000000000000000000e+00,6.958485841751098633e-01,8.785177469253540039e-01
-8.166873455047607422e-01,-1.000000000000000000e+00,-9.612436294555664062e-01
-1.000000000000000000e+00,6.992936134338378906e-03,-9.133762121200561523e-02
-9.874680638313293457e-01,3.256590366363525391e-01,-1.000000000000000000e+00
-2.731602787971496582e-01,-7.859899401664733887e-01,-1.000000000000000000e+00
2.182351350784301758e-01,-3.309933543205261230e-01,-1.000000000000000000e+00
2.107795476913452148e-01,9.850240945816040039e-01,-1.000000000000000000e+00
-4.667520523071289062e-01,-5.691621303558349609e-01,1.000000000000000000e+00
-1.000000000000000000e+00,1.025021076202392578e-02,-8.721337318420410156e-01
4.257594347000122070e-01,1.000000000000000000e+00,5.328489542007446289e-01
-4.745147228240966797e-01,8.078553676605224609e-01,1.000000000000000000e+00
1.000000000000000000e+00,-4.930783510208129883e-01,1.813340187072753906e-02
-3.941072225570678711e-01,1.000000000000000000e+00,-9.169911146163940430e-01
3.623316287994384766e-01,-8.336694240570068359e-01,-1.000000000000000000e+00
2.731393575668334961e-01,8.441245555877685547e-02,1.000000000000000000e+00
-1.000000000000000000e+00,-1.057289838790893555e-01,-1.663932800292968750e-01
-4.461156725883483887e-01,-1.825612783432006836e-01,1.000000000000000000e+00
1.073274612426757812e-01,2.847787141799926758e-01,-1.000000000000000000e+00
-6.494618654251098633e-01,1.000000000000000000e+00,-2.022367119789123535e-01
7.640433311462402344e-01,-1.219581961631774902e-01,-1.000000000000000000e+00
-2.308098077774047852e-01,1.000000000000000000e+00,-6.626783013343811035e-01
-1.053449511528015137e-01,5.626622438430786133e-01,-1.000000000000000000e+00
1.000000000000000000e+00,9.368922710418701172e-01,1.865481138229370117e-01
-1.000000000000000000e+00,-1.790505051612854004e-01,-8.690121769905090332e-01
6.078565120697021484e-02,6.775782108306884766e-01,1.000000000000000000e+00
9.365379810333251953e-01,-4.315069913864135742e-01,1.000000000000000000e+00
-7.789490818977355957e-01,-1.000000000000000000e+00,5.485160350799560547e-01
1.000000000000000000e+00,8.872437477111816406e-02,-5.979362726211547852e-01
-1.000000000000000000e+00,1.501063108444213867e-01,9.214893579483032227e-01
-9.511352181434631348e-01,-8.766051530838012695e-01,1.000000000000000000e+00
3.369450569152832031e-02,1.000000000000000000e+00,7.655738592147827148e-01
-1.000000000000000000e+00,2.167352437973022461e-01,2.492742538452148438e-01
4.470744132995605469e-01,1.000000000000000000e+00,2.843436002731323242e-01
1.000000000000000000e+00,-6.193468570709228516e-01,-6.360118389129638672e-01
-1.000000000000000000e+00,7.876433134078979492e-01,4.178578853607177734e-01
5.505756139755249023e-01,-1.000000000000000000e+00,4.014755487442016602e-01
1.000000000000000000e+00,9.498339891433715820e-01,5.909911394119262695e-01
2.639487981796264648e-01,-1.398895382881164551e-01,-1.000000000000000000e+00
-8.931007385253906250e-01,1.000000000000000000e+00,-9.509219527244567871e-01
7.374113798141479492e-01,-1.000000000000000000e+00,-9.814792275428771973e-01
-1.231983304023742676e-01,-1.000000000000000000e+00,-3.820714354515075684e-01
-9.175970554351806641e-01,-1.000000000000000000e+00,5.480287075042724609e-01
8.523622751235961914e-01,1.000000000000000000e+00,5.434931516647338867e-01
-9.108094573020935059e-01,1.000000000000000000e+00,1.748454570770263672e-02
1.000000000000000000e+00,5.832883119583129883e-01,-6.167659759521484375e-01
-2.908647656440734863e-01,-1.000000000000000000e+00,-1.851554512977600098e-01
-6.926178932189941406e-03,-1.000000000000000000e+00,6.548932790756225586e-01
-1.000000000000000000e+00,3.551037311553955078e-01,8.736592531204223633e-01
-3.866333961486816406e-01,-1.000000000000000000e+00,9.833098649978637695e-01
8.646168708801269531e-01,4.093352556228637695e-01,-1.000000000000000000e+00
4.058690071105957031e-01,8.199396133422851562e-01,-1.000000000000000000e+00
1.348966360092163086e-01,-1.000000000000000000e+00,-8.951069116592407227e-01
-4.473257064819335938e-01,1.000000000000000000e+00,1.590044498443603516e-01
1.000000000000000000e+00,-6.086018085479736328e-01,7.196953296661376953e-01
-4.863246679306030273e-01,2.662657499313354492e-01,-1.000000000000000000e+00
6.153652667999267578e-01,-1.518796682357788086e-01,1.000000000000000000e+00
1.000000000000000000e+00,-2.348515987396240234e-01,9.387850761413574219e-02
-6.140392422676086426e-01,4.207531213760375977e-01,1.000000000000000000e+00
6.976487636566162109e-01,-1.000000000000000000e+00,-3.763252496719360352e-01
-1.000000000000000000e+00,1.667494773864746094e-01,-9.604838490486145020e-01
7.576835155487060547e-01,-1.000000000000000000e+00,-1.962487101554870605e-01
-1.000000000000000000e+00,-6.670319437980651855e-01,-7.233557701110839844e-01
1.000000000000000000e+00,9.420880079269409180e-01,-8.013087511062622070e-02
-9.755700826644897461e-01,-7.638365030288696289e-01,-1.000000000000000000e+00
-1.000000000000000000e+00,-1.731027960777282715e-01,-1.860904693603515625e-02
6.205732822418212891e-01,-1.044390797615051270e-01,-1.000000000000000000e+00
-2.370589971542358398e-01,7.429587841033935547e-01,1.000000000000000000e+00
4.251751899719238281e-01,-8.237530589103698730e-01,-1.000000000000000000e+00
8.668574094772338867e-01,1.000000000000000000e+00,-4.030471444129943848e-01
5.171762704849243164e-01,1.000000000000000000e+00,-3.891813755035400391e-02
-1.000000000000000000e+00,4.056427478790283203e-01,-4.803711175918579102e-01
-2.384805679321289062e-02,1.000000000000000000e+00,2.751523256301879883e-01
-7.203983068466186523e-01,7.421045303344726562e-01,1.000000000000000000e+00
-5.311412215232849121e-01,1.000000000000000000e+00,8.523089885711669922e-01
1.373732089996337891e-01,-3.409107923507690430e-01,-1.000000000000000000e+00
1.000000000000000000e+00,-5.000787973403930664e-01,-5.497165918350219727e-01
-3.795804977416992188e-01,-4.946023225784301758e-02,1.000000000000000000e+00
-2.250339388847351074e-01,1.000000000000000000e+00,-7.389638423919677734e-01
-1.409172415733337402e-01,-1.000000000000000000e+00,9.426703453063964844e-01
1.000000000000000000e+00,-2.381538152694702148e-01,-3.344356417655944824e-01
6.104466915130615234e-01,-1.000000000000000000e+00,-8.613368272781372070e-01
-1.000000000000000000e+00,6.804269552230834961e-01,-6.544963717460632324e-01
1.000000000000000000e+00,-7.032421231269836426e-01,-5.334221720695495605e-01
3.984549045562744141e-01,-1.000000000000000000e+00,-5.294086337089538574e-01
-1.000000000000000000e+00,2.481617927551269531e-01,2.247047424316406250e-01
-1.503372192382812500e-01,-1.000000000000000000e+00,-6.871656179428100586e-01
1.000000000000000000e+00,6.146558523178100586e-01,4.199331998825073242e-01
-1.000000000000000000e+00,4.083040952682495117e-01,6.939202547073364258e-01
-5.964839458465576172e-01,1.000000000000000000e+00,2.754775285720825195e-01
1.818634271621704102e-01,1.000000000000000000e+00,3.058743476867675781e-02
-1.000000000000000000e+00,-7.088749408721923828e-01,8.288655281066894531e-01
-2.104691863059997559e-01,1.000000000000000000e+00,6.618425846099853516e-01
-1.000000000000000000e+00,-4.394763112068176270e-01,8.306658267974853516e-01
-9.858443140983581543e-01,-1.000000000000000000e+00,7.769567966461181641e-01
-1.000000000000000000e+00,4.688668251037597656e-02,2.542619705200195312e-01
-1.000000000000000000e+00,-3.198593854904174805e-01,-7.285611629486083984e-01
5.789982080459594727e-01,6.782853603363037109e-02,1.000000000000000000e+00
3.098738193511962891e-02,1.000000000000000000e+00,6.765424013137817383e-01
1.000000000000000000e+00,6.870104074478149414e-01,5.390797853469848633e-01
-4.967601299285888672e-01,1.000000000000000000e+00,4.900267124176025391e-01
-1.000000000000000000e+00,-3.803048729896545410e-01,-3.871856927871704102e-01
-3.124068975448608398e-01,-9.445652365684509277e-01,-1.000000000000000000e+00
2.345947027206420898e-01,-8.391323089599609375e-01,1.000000000000000000e+00
-1.000000000000000000e+00,4.732661247253417969e-01,3.626382350921630859e-01
-1.000000000000000000e+00,-7.568818926811218262e-01,-4.909197688102722168e-01
-5.067176818847656250e-01,6.879392862319946289e-01,1.000000000000000000e+00
1.000000000000000000e+00,-7.920520901679992676e-01,-9.920552372932434082e-01
-7.616519927978515625e-03,5.074692964553833008e-01,6.390112638473510742e-01
5.080398321151733398e-01,5.385098457336425781e-01,9.995875358581542969e-01
7.039222717285156250e-01,-7.779464721679687500e-01,6.576690673828125000e-01
-2.863077521324157715e-01,9.051113128662109375e-01,9.762098789215087891e-01
-7.414215803146362305e-02,-9.349842071533203125e-01,3.104964494705200195e-01
7.727105617523193359e-01,1.274011135101318359e-01,-1.193327307701110840e-01
5.433497428894042969e-01,-6.842117905616760254e-01,-3.112592101097106934e-01
3.257670402526855469e-01,-7.273260951042175293e-01,9.964489936828613281e-01
-7.315436601638793945e-01,9.140626192092895508e-01,1.847367286682128906e-01
-4.335562586784362793e-01,-9.450024366378784180e-02,-2.233256101608276367e-01
-9.490361809730529785e-01,-6.631529331207275391e-02,9.253333806991577148e-01
5.667384862899780273e-01,-9.781969785690307617e-01,-1.947839856147766113e-01
5.081424713134765625e-01,8.520731925964355469e-01,7.941987514495849609e-01
2.208079099655151367e-01,7.303358316421508789e-01,-1.242377161979675293e-01
4.716746807098388672e-01,-7.322210073471069336e-01,5.263383388519287109e-01
1.231038570404052734e-02,6.273703575134277344e-01,-3.722472190856933594e-01
-2.570456266403198242e-01,-8.603203296661376953e-02,-9.800718426704406738e-01
-9.796063899993896484e-01,9.262207746505737305e-01,-2.453641891479492188e-01
4.902811050415039062e-01,-8.626247644424438477e-01,8.100150823593139648e-01
-8.923131227493286133e-01,-5.961720943450927734e-01,-7.976540327072143555e-01
-9.744257330894470215e-01,-8.928094506263732910e-01,-2.577264308929443359e-01
-1.153588294982910156e-03,1.731753349304199219e-02,-1.235120892524719238e-01
-7.682168483734130859e-02,-3.257204294204711914e-01,-4.129832983016967773e-01
-5.089511275291442871e-01,6.711685657501220703e-01,9.255633354187011719e-01
5.445333719253540039e-01,-9.627952575683593750e-01,-7.940527796745300293e-01
6.559888124465942383e-01,4.200631380081176758e-01,4.433556795120239258e-01
9.574446678161621094e-01,3.782165050506591797e-02,7.945730686187744141e-01
8.908312320709228516e-01,-2.959206104278564453e-01,-1.773196458816528320e-02
-9.845651984214782715e-01,-4.409868121147155762e-01,3.061276674270629883e-01
-5.403841137886047363e-01,-3.530523180961608887e-01,1.394095420837402344e-01
-9.919846057891845703e-02,-8.242850303649902344e-01,5.796096324920654297e-01
-8.119673728942871094e-01,-4.057034254074096680e-01,-3.947671651840209961e-01
8.308165073394775391e-01,7.109866142272949219e-01,-6.484308242797851562e-01
-6.187602281570434570e-01,1.625323295593261719e-02,7.936705350875854492e-01
-1.180756688117980957e-01,-4.300522804260253906e-01,3.775537014007568359e-02
-7.269551157951354980e-01,5.727301836013793945e-01,-1.711106300354003906e-01
-1.756376028060913086e-02,-6.663465499877929688e-02,-7.628628015518188477e-01
3.141036033630371094e-01,2.405928373336791992e-01,-3.849489092826843262e-01
-9.766834378242492676e-01,-7.425645589828491211e-01,-1.854961514472961426e-01
4.256467819213867188e-01,9.961521625518798828e-02,9.448727369308471680e-01
-9.888453483581542969e-01,-8.308891057968139648e-01,-3.562158346176147461e-01
6.300030946731567383e-01,-1.732770800590515137e-01,7.880604267120361328e-02
-8.317435979843139648e-01,-2.063536643981933594e-01,-2.145178914070129395e-01
-6.780424118041992188e-01,-2.397738099098205566e-01,6.480416059494018555e-01
6.248703002929687500e-01,1.342767477035522461e-01,-3.152912855148315430e-01
2.320030927658081055e-01,5.988943576812744141e-01,7.312300205230712891e-01
9.985350370407104492e-01,-2.397268414497375488e-01,8.424282073974609375e-01
-3.503067493438720703e-01,-3.365129232406616211e-01,2.800421714782714844e-01
-5.844627618789672852e-01,-6.926130056381225586e-01,5.374090671539306641e-01
-3.255776762962341309e-01,9.410791397094726562e-01,-8.708608746528625488e-01
5.326231718063354492e-01,7.079041004180908203e-01,-1.506345272064208984e-01
-1.900148987770080566e-01,8.590841293334960938e-01,-5.469082593917846680e-01
3.014256954193115234e-01,-8.745109438896179199e-01,2.202714681625366211e-01
-5.930962562561035156e-01,3.133938312530517578e-01,-6.226952075958251953e-01
7.411882877349853516e-01,-2.802228927612304688e-01,2.844820022583007812e-01
1.253938674926757812e-01,-8.503998517990112305e-01,3.372335433959960938e-02
-5.023615956306457520e-01,-9.319884777069091797e-01,-4.020878076553344727e-01
7.954978942871093750e-02,8.065590858459472656e-01,7.628003358840942383e-01
3.548908233642578125e-02,9.204066991806030273e-01,-7.154406309127807617e-01
8.530173301696777344e-01,6.176962852478027344e-01,-7.103073000907897949e-01
3.624531030654907227e-01,5.156304836273193359e-01,3.198051452636718750e-01
5.427496433258056641e-01,-6.349911093711853027e-01,9.284917116165161133e-01
-2.315496802330017090e-01,-6.577515602111816406e-01,-1.396466493606567383e-01
3.290911912918090820e-01,6.495451927185058594e-02,8.112430572509765625e-01
3.790020942687988281e-02,-9.084143042564392090e-01,1.082351207733154297e-01
-6.272900104522705078e-01,2.265048027038574219e-01,8.519387245178222656e-01
4.432258605957031250e-01,-8.378020524978637695e-01,-6.139384508132934570e-01
-4.326424598693847656e-01,5.862559080123901367e-01,-1.270340085029602051e-01
6.400609016418457031e-01,3.118265867233276367e-01,7.749235630035400391e-02
-5.943795442581176758e-01,3.481711149215698242e-01,-3.073944449424743652e-01
8.496356010437011719e-02,-3.346639275550842285e-01,6.950078010559082031e-01
-1.638919115066528320e-02,-1.410132050514221191e-01,-8.429024219512939453e-01
-5.593889951705932617e-02,-9.296631813049316406e-01,-5.441905856132507324e-01
7.657361030578613281e-02,-8.057262897491455078e-01,3.263556957244873047e-02
-8.238846063613891602e-01,-3.112133145332336426e-01,7.093966007232666016e-02
-3.387275338172912598e-01,-5.130497217178344727e-01,8.607561588287353516e-01
-1.124591231346130371e-01,-8.382965326309204102e-01,1.673829555511474609e-01
3.154157400131225586e-01,8.003747463226318359e-02,3.275125026702880859e-01
6.963121891021728516e-01,1.085066795349121094e-02,5.834424495697021484e-02
9.488642215728759766e-01,-9.101084470748901367e-01,8.046144247055053711e-01
-4.061207175254821777e-01,3.867598772048950195e-01,2.665263414382934570e-01
-4.981583952903747559e-01,3.182226419448852539e-01,4.610949754714965820e-01
-5.671494007110595703e-01,-1.659449934959411621e-01,8.698873519897460938e-01
5.818736553192138672e-02,3.740979433059692383e-01,9.366173744201660156e-01
3.698353767395019531e-01,-2.950896620750427246e-01,-5.589606761932373047e-01
8.551396131515502930e-01,8.478306531906127930e-01,6.411759853363037109e-01
-1.973569393157958984e-03,3.978394269943237305e-01,-2.341989278793334961e-01
-8.848617672920227051e-01,1.083704233169555664e-01,-1.473635435104370117e-02
9.464789628982543945e-01,1.922850608825683594e-01,8.848307132720947266e-01
1.667634248733520508e-01,3.344810009002685547e-01,3.370169401168823242e-01
-5.669084787368774414e-01,-2.287623286247253418e-01,-3.016350865364074707e-01
-1.948990225791931152e-01,1.941800117492675781e-01,-4.999954700469970703e-01
-8.181115388870239258e-01,7.049558162689208984e-01,3.574613332748413086e-01
-9.771256446838378906e-01,-2.739179134368896484e-01,4.395276308059692383e-01
-5.850793719291687012e-01,-6.242624521255493164e-01,-4.962849617004394531e-02
6.707389354705810547e-01,-6.454366445541381836e-02,-1.024057269096374512e-01
1.201252937316894531e-01,3.135082721710205078e-01,-7.943186759948730469e-01
-8.322092294692993164e-01,-6.978424787521362305e-01,-4.595884680747985840e-01
3.479846715927124023e-01,-3.261655569076538086e-02,-1.613570451736450195e-01
-4.701823592185974121e-01,7.053781747817993164e-01,4.811182022094726562e-01
4.714028835296630859e-01,-7.211501598358154297e-01,-3.200392723083496094e-01
3.464224338531494141e-01,1.670042276382446289e-01,7.282072305679321289e-01
-2.068603038787841797e-01,7.687327861785888672e-01,-3.977149128913879395e-01
-4.744628071784973145e-01,-3.348001241683959961e-01,-7.737720608711242676e-01
7.318694591522216797e-01,7.874600887298583984e-01,9.555394649505615234e-01
7.799571752548217773e-01,3.834819793701171875e-01,-1.703003644943237305e-01
-2.590596675872802734e-03,9.064729213714599609e-01,-7.625895738601684570e-02
-4.342660903930664062e-01,-8.913731575012207031e-01,5.671489238739013672e-01
-1.717986464500427246e-01,-3.400981426239013672e-02,-3.106204271316528320e-01
-7.357238531112670898e-01,5.808544158935546875e-01,-1.985502839088439941e-01
6.801674365997314453e-01,-2.583234310150146484e-01,-9.515529870986938477e-02
-5.117121338844299316e-01,1.738675832748413086e-01,4.026395082473754883e-01
-7.274507284164428711e-01,4.418704509735107422e-01,-6.678715944290161133e-01
4.995701313018798828e-01,-5.324196815490722656e-02,3.049826622009277344e-02
4.267559051513671875e-01,-2.389847636222839355e-01,-6.040173768997192383e-01
-1.019595861434936523e-01,1.059050559997558594e-01,1.327264308929443359e-02
-9.039154052734375000e-01,3.509281873703002930e-01,3.511651754379272461e-01
-2.712839841842651367e-01,3.944472074508666992e-01,-7.298153638839721680e-01
1.459586620330810547e-02,2.533310651779174805e-01,1.467982530593872070e-01
-3.358340859413146973e-01,-8.805576562881469727e-01,9.026790857315063477e-01
2.664955854415893555e-01,-5.629864335060119629e-01,-2.695638537406921387e-01
-1.838614344596862793e-01,1.088976860046386719e-01,-9.637365937232971191e-01
3.919121026992797852e-01,9.002680778503417969e-01,4.200708866119384766e-02
-3.020964860916137695e-01,-1.332277059555053711e-01,-3.020680546760559082e-01
4.861289262771606445e-01,8.165940046310424805e-01,-4.664466381072998047e-01
2.634986639022827148e-01,-4.611774682998657227e-01,7.961627244949340820e-01
-8.945514559745788574e-01,8.018200397491455078e-01,1.063841581344604492e-01
-2.956733703613281250e-01,1.406377553939819336e-01,-2.417793869972229004e-01
-1.893284916877746582e-01,-2.230393886566162109e-01,5.765854120254516602e-01
-7.629932761192321777e-01,-5.892351269721984863e-01,-3.742456436157226562e-01
3.868087530136108398e-01,3.051754236221313477e-01,4.373289346694946289e-01
8.006023168563842773e-01,6.038136482238769531e-01,-2.346896529197692871e-01
5.334193706512451172e-01,-4.764842391014099121e-01,-1.488609313964843750e-01
-5.862354040145874023e-01,-2.073748707771301270e-01,-3.144943714141845703e-02
-1.733891963958740234e-01,7.541711330413818359e-01,-1.984580755233764648e-01
-6.544001102447509766e-01,-4.165188074111938477e-01,4.894220829010009766e-02
5.673855543136596680e-01,-1.049157977104187012e-01,8.440551757812500000e-01
-3.637068867683410645e-01,4.571247100830078125e-01,-3.713082075119018555e-01
8.607057332992553711e-01,-4.360073804855346680e-02,2.160152196884155273e-01
-9.457994699478149414e-01,8.951871395111083984e-01,4.477560520172119141e-02
-8.226755857467651367e-01,7.643580436706542969e-03,-5.158036947250366211e-01
-7.958982586860656738e-01,5.917787551879882812e-02,7.728142738342285156e-01
-1.578988432884216309e-01,-6.472272872924804688e-01,3.308798074722290039e-01
2.611459493637084961e-01,-5.995056033134460449e-01,-9.118200540542602539e-01
-6.477711796760559082e-01,7.009125947952270508e-01,7.164461612701416016e-01
-4.443863034248352051e-01,8.108873367309570312e-01,7.167100906372070312e-02
2.027773857116699219e-01,1.855072975158691406e-01,-4.647897481918334961e-01
7.767010927200317383e-01,5.009176731109619141e-01,-4.257703423500061035e-01
-5.215718150138854980e-01,-7.354706525802612305e-02,-9.079378843307495117e-01
6.948504447937011719e-01,5.103206634521484375e-01,-2.091957926750183105e-01
-1.727297306060791016e-01,2.935894727706909180e-01,4.172304868698120117e-01
-4.099565148353576660e-01,-7.441771626472473145e-01,-9.689880013465881348e-01
-5.323829650878906250e-01,8.675004243850708008e-01,2.498426437377929688e-01
5.524928569793701172e-01,7.651106119155883789e-01,2.458280324935913086e-01
-8.921788930892944336e-01,-8.496158123016357422e-01,5.832470655441284180e-01
9.199476242065429688e-01,9.405258893966674805e-01,-3.770786523818969727e-01
-9.440218210220336914e-01,-2.628699541091918945e-01,6.781673431396484375e-02
-4.427868127822875977e-01,-1.876066327095031738e-01,8.430600166320800781e-01
9.689956903457641602e-01,-3.992959260940551758e-01,-7.227706909179687500e-01
-6.385418176651000977e-01,8.933767080307006836e-01,-5.972853899002075195e-01
-8.800488114356994629e-01,9.234666824340820312e-01,1.439976692199707031e-01
-3.330384492874145508e-01,-3.607875704765319824e-01,-2.775937914848327637e-01
-8.285349607467651367e-01,-3.741952180862426758e-01,-8.342204093933105469e-01
-2.305328845977783203e-02,-5.301680564880371094e-01,9.547468423843383789e-01
-3.869377374649047852e-01,-9.106532335281372070e-01,9.270905256271362305e-01
-6.863006949424743652e-01,2.224707603454589844e-02,8.292939662933349609e-01
-8.711251616477966309e-01,3.219690322875976562e-01,7.500162124633789062e-01
-7.481108903884887695e-01,-8.629235029220581055e-01,5.443274974822998047e-01
-3.306615948677062988e-01,8.073225021362304688e-01,-1.926186680793762207e-01
-2.038220763206481934e-01,9.077384471893310547e-01,-1.226971149444580078e-01
1.132191419601440430e-01,1.243145465850830078e-01,9.871493577957153320e-01
-9.375676512718200684e-01,7.960456609725952148e-01,7.520338296890258789e-01
5.502998828887939453e-02,5.298756361007690430e-01,-7.055808305740356445e-01
6.352366209030151367e-01,4.456443786621093750e-01,-6.306080818176269531e-01
-1.148351430892944336e-01,-4.698759317398071289e-02,4.629849195480346680e-01
9.580806493759155273e-01,1.496545076370239258e-01,2.604691982269287109e-01
-5.208692550659179688e-01,-1.476375460624694824e-01,-8.241655826568603516e-01
-8.906884789466857910e-01,-3.047626614570617676e-01,5.675432682037353516e-01
-8.979501724243164062e-01,-8.776453137397766113e-01,-8.929749727249145508e-01
8.181767463684082031e-01,2.607744932174682617e-01,-9.754568338394165039e-01
4.706957340240478516e-01,6.596717834472656250e-01,1.257016658782958984e-01
-1.959148049354553223e-01,1.313736438751220703e-01,-4.851828217506408691e-01
-7.096835374832153320e-01,-3.581128716468811035e-01,6.584477424621582031e-01
-4.003310799598693848e-01,1.170775890350341797e-01,9.148615598678588867e-01
4.485926628112792969e-01,9.179798364639282227e-01,9.395489692687988281e-01
-2.075538039207458496e-01,-4.334118962287902832e-01,2.508938312530517578e-02
-4.830692410469055176e-01,6.644846200942993164e-01,-8.936637043952941895e-01
2.430287599563598633e-01,-4.847467541694641113e-01,5.905529260635375977e-01
8.612358570098876953e-01,-9.665554761886596680e-01,-9.618082046508789062e-01
-3.720115423202514648e-01,-5.862323045730590820e-01,-2.142912149429321289e-01
-5.483827590942382812e-01,-2.532321214675903320e-02,9.833472967147827148e-01
-5.974590778350830078e-02,-1.200813055038452148e-01,8.798445463180541992e-01
5.473226308822631836e-01,-9.913412332534790039e-01,-4.366376399993896484e-01
8.216232061386108398e-01,-6.823648214340209961e-01,-2.937604784965515137e-01
-7.545585632324218750e-01,-9.321570396423339844e-03,3.936309814453125000e-01
-8.325396776199340820e-01,-6.240426301956176758e-01,-1.009054780006408691e-01
-3.878275752067565918e-01,7.412337064743041992e-01,1.441395282745361328e-02
9.517915248870849609e-01,-6.081604957580566406e-02,-2.385354638099670410e-01
4.322601556777954102e-01,-6.388233900070190430e-01,-6.021404862403869629e-01
-9.054141640663146973e-01,8.399868011474609375e-01,-2.290616631507873535e-01
1.844308376312255859e-01,-6.221305131912231445e-01,2.286040782928466797e-01
3.060884475708007812e-01,2.182239294052124023e-01,3.559014797210693359e-01
8.844139575958251953e-01,2.581478357315063477e-01,-4.497480392456054688e-01
-4.056549668312072754e-01,-6.332496404647827148e-01,7.599353790283203125e-02
5.715701580047607422e-01,1.289566755294799805e-01,-6.353045701980590820e-01
-4.986835122108459473e-01,-1.669980883598327637e-01,-6.683942079544067383e-01
7.226307392120361328e-01,4.494959115982055664e-01,9.930469989776611328e-01
-8.467355966567993164e-01,7.572342157363891602e-01,-5.536536574363708496e-01
-1.273057460784912109e-01,6.554390192031860352e-01,-1.822163462638854980e-01
-3.547114729881286621e-01,2.993708848953247070e-01,-7.820945978164672852e-02
4.827535152435302734e-02,7.437801361083984375e-02,-9.105429053306579590e-01
-3.551352620124816895e-01,-6.814476251602172852e-01,6.760475635528564453e-01
-1.547241210937500000e-02,2.951121330261230469e-01,-7.458324432373046875e-01
-9.446374177932739258e-01,-5.829663276672363281e-01,2.387102842330932617e-01
1.141384840011596680e-01,-1.221718192100524902e-01,-7.471632957458496094e-02
-9.539971351623535156e-01,8.105862140655517578e-01,-6.899602413177490234e-01
-7.079837322235107422e-01,-1.680554151535034180e-01,-6.983404159545898438e-01
7.686229944229125977e-01,-9.601008892059326172e-02,2.720019817352294922e-01
-4.411141276359558105e-01,8.549222946166992188e-01,9.577821493148803711e-01
4.213808774948120117e-01,-8.791123032569885254e-01,5.718704462051391602e-01
3.043035268783569336e-01,5.496068000793457031e-01,7.366120815277099609e-02
-3.339803814888000488e-01,-8.080653548240661621e-01,-2.740911245346069336e-01
-2.117416262626647949e-01,-3.485855460166931152e-01,-2.912901043891906738e-01
3.588156700134277344e-01,-5.655503273010253906e-01,-7.843265533447265625e-01
9.812124967575073242e-01,4.080134630203247070e-01,4.423372745513916016e-01
-4.390622377395629883e-01,-2.774910330772399902e-01,-6.003615260124206543e-01
8.704906702041625977e-01,7.187699079513549805e-01,-7.734233736991882324e-01
-4.754288196563720703e-01,3.732323646545410156e-01,4.027254581451416016e-01
3.207098245620727539e-01,4.665278196334838867e-01,8.660383224487304688e-01
4.025797843933105469e-01,-4.294269084930419922e-01,-9.454536437988281250e-02
1.845556497573852539e-01,-7.593616247177124023e-01,4.049130678176879883e-01
3.607367277145385742e-01,1.386327743530273438e-01,6.920663118362426758e-01
3.582762479782104492e-01,-4.303638339042663574e-01,-9.011350870132446289e-01
5.577107667922973633e-01,6.290074586868286133e-01,-3.348839879035949707e-01
-1.105849742889404297e-01,-1.856622695922851562e-01,3.543570041656494141e-01
-8.450541496276855469e-01,2.213764190673828125e-02,2.351088523864746094e-01
4.658366441726684570e-01,3.875740766525268555e-01,6.828380823135375977e-01
-3.826318979263305664e-01,-2.466380596160888672e-02,4.520635604858398438e-01
-3.895742893218994141e-01,9.582083225250244141e-01,4.991366863250732422e-01
2.752953767776489258e-01,5.378496646881103516e-02,6.126986742019653320e-01
-8.083340525627136230e-01,-6.599861383438110352e-01,-1.839062571525573730e-01
-9.650284051895141602e-01,6.148748397827148438e-01,-1.301547884941101074e-01
9.939756393432617188e-01,5.459536314010620117e-01,-6.770055890083312988e-01
5.080217123031616211e-01,8.983107805252075195e-01,6.887682676315307617e-01
4.451186656951904297e-01,-4.305226802825927734e-01,-5.416765213012695312e-01
8.127567768096923828e-01,-2.304604649543762207e-01,7.522189617156982422e-01
7.670887708663940430e-01,-4.264314174652099609e-01,-1.387652158737182617e-01
2.817252874374389648e-01,-9.661350250244140625e-01,-2.726980447769165039e-01
3.344172239303588867e-01,4.134299755096435547e-01,6.051942110061645508e-01
-3.737065196037292480e-01,3.933213949203491211e-01,9.948877096176147461e-01
-9.582732319831848145e-01,1.118525266647338867e-01,-1.880752444267272949e-01
-3.588550686836242676e-01,1.511257886886596680e-01,3.002136945724487305e-01
4.211871623992919922e-01,-8.851203918457031250e-01,7.488337755203247070e-01
4.814391136169433594e-01,-1.372500061988830566e-01,4.115889072418212891e-01
-5.297268629074096680e-01,8.227456808090209961e-01,3.417156934738159180e-01
4.223035573959350586e-01,4.513555765151977539e-01,6.245062351226806641e-01
7.372618913650512695e-01,-5.048656463623046875e-02,9.036990404129028320e-01
-7.854554653167724609e-01,8.435680866241455078e-01,-1.185911893844604492e-02
-1.041497588157653809e-01,9.363670349121093750e-01,8.375346660614013672e-02
-2.397841215133666992e-02,2.468291521072387695e-01,2.871288061141967773e-01
3.518176078796386719e-02,5.889542102813720703e-01,2.527776956558227539e-01
2.330964803695678711e-01,1.034483909606933594e-01,6.902885437011718750e-02
2.008484601974487305e-01,-6.315764188766479492e-01,6.439877748489379883e-01
-7.446120977401733398e-01,4.321107864379882812e-01,-5.912095308303833008e-01
4.623198509216308594e-02,5.450999736785888672e-01,-5.710508823394775391e-01
-9.330582618713378906e-01,-4.538161158561706543e-01,-3.914893865585327148e-01
6.712846755981445312e-01,-7.701053619384765625e-01,4.924758672714233398e-01
-6.829950809478759766e-01,-2.579654455184936523e-01,5.583069324493408203e-01
-7.675101161003112793e-01,-6.928139925003051758e-01,9.032380580902099609e-01
-3.050537109375000000e-01,-9.383556842803955078e-01,-4.771649837493896484e-01
8.455660343170166016e-01,-7.190910577774047852e-01,4.216957092285156250e-01
-2.734273076057434082e-01,-2.923892736434936523e-01,-6.060705184936523438e-01
-9.139151573181152344e-01,4.748228788375854492e-01,-1.355053782463073730e-01
1.031806468963623047e-01,-3.434703946113586426e-01,-7.479289770126342773e-01
3.388881683349609375e-03,-3.214246034622192383e-02,-3.573247194290161133e-01
5.036602020263671875e-01,-5.862796306610107422e-01,-8.400368690490722656e-01
9.706839323043823242e-01,1.304075717926025391e-01,6.117146015167236328e-01
1.089007854461669922e-01,-6.630551218986511230e-01,9.699701070785522461e-01
3.454921245574951172e-01,1.279624700546264648e-01,1.509145498275756836e-01
7.778569459915161133e-01,1.321500539779663086e-01,2.755206823348999023e-01
2.852425575256347656e-01,-9.229899048805236816e-01,1.270377635955810547e-02
5.590283870697021484e-02,-9.270749092102050781e-01,6.507444381713867188e-02
4.657006263732910156e-02,5.305507183074951172e-01,-7.826942205429077148e-02
-9.223443269729614258e-02,9.831496477127075195e-01,5.201172828674316406e-01
1.253834962844848633e-01,7.859412431716918945e-01,-9.035955667495727539e-01
-9.412336349487304688e-02,1.459103822708129883e-01,2.950606346130371094e-01
5.723588466644287109e-01,7.836775779724121094e-01,-5.075371265411376953e-02
-8.203820586204528809e-01,-6.065752506256103516e-01,2.722227573394775391e-01
3.817336559295654297e-01,4.560853242874145508e-01,-2.296215295791625977e-01
-9.233634471893310547e-01,-7.489854097366333008e-02,-4.486220479011535645e-01
3.552358150482177734e-01,-5.636823177337646484e-02,-3.543896079063415527e-01
5.153746604919433594e-01,4.386017322540283203e-01,-5.705953836441040039e-01
6.246690750122070312e-01,7.784378528594970703e-02,6.154763698577880859e-01
1.226543188095092773e-01,-4.657739400863647461e-02,6.805877685546875000e-01
8.058179616928100586e-01,3.863126039505004883e-01,7.685892581939697266e-01
-5.874813795089721680e-01,3.127763271331787109e-01,1.534702777862548828e-01
-3.003367781639099121e-01,4.477587938308715820e-01,8.199827671051025391e-01
-2.139854431152343750e-02,5.962746143341064453e-01,-1.885430216789245605e-01
7.849692106246948242e-01,8.867347240447998047e-02,-2.784904837608337402e-01
-4.805303812026977539e-01,-1.594427227973937988e-01,-2.815276980400085449e-01
-4.562724232673645020e-01,4.165363311767578125e-01,2.520859241485595703e-01
-9.471826553344726562e-01,4.857447147369384766e-01,-4.133445024490356445e-01
-7.553676962852478027e-01,6.921126842498779297e-01,-9.252145886421203613e-01
5.254824161529541016e-01,-7.464027404785156250e-01,-7.120376229286193848e-01
-1.074596643447875977e-01,-9.921776056289672852e-01,1.941143274307250977e-01
-2.751630544662475586e-02,6.427326202392578125e-01,7.029474973678588867e-01
-6.798031330108642578e-01,-7.502114772796630859e-02,-9.609693884849548340e-01
-2.654191851615905762e-01,9.342008829116821289e-01,9.166215658187866211e-01
-5.257544517517089844e-01,-3.786422014236450195e-01,6.936862468719482422e-01
-5.254552364349365234e-01,9.141650199890136719e-01,5.568878650665283203e-01
8.094767332077026367e-01,-9.880203604698181152e-01,-4.080508351325988770e-01
-8.673602342605590820e-01,-6.245439052581787109e-01,1.953190565109252930e-01
9.634107351303100586e-01,-8.145664334297180176e-01,7.330905199050903320e-01
-2.632092833518981934e-01,-6.804763674736022949e-01,-4.812121987342834473e-01
-1.119650006294250488e-01,5.956875085830688477e-01,7.352554798126220703e-02
-4.219788312911987305e-01,-9.040510654449462891e-01,-4.054139256477355957e-01
1.633536815643310547e-01,9.550414085388183594e-01,-6.684255599975585938e-01
2.699638605117797852e-01,1.707483530044555664e-01,-5.411343574523925781e-01
-1.505207419395446777e-01,5.918116569519042969e-01,-1.540924906730651855e-01
6.562371253967285156e-01,6.377613544464111328e-01,-7.073678970336914062e-01
-8.681488633155822754e-01,-4.514825344085693359e-02,8.791662454605102539e-01
-7.024526596069335938e-01,8.569536209106445312e-01,-9.176888465881347656e-01
-6.597000360488891602e-02,7.247296571731567383e-01,-8.274346590042114258e-01
2.887204885482788086e-01,-6.465146541595458984e-01,-7.172643542289733887e-01
2.083381414413452148e-01,-4.285336136817932129e-01,3.100249767303466797e-01
3.841130733489990234e-01,-5.243203639984130859e-01,-8.742514252662658691e-01
7.896463871002197266e-01,5.130339860916137695e-01,2.005752325057983398e-01
5.341153144836425781e-01,8.061528205871582031e-01,9.292707443237304688e-01
5.936145782470703125e-02,6.939691305160522461e-01,7.860882282257080078e-01
-2.792497277259826660e-01,-5.660601854324340820e-01,3.537080287933349609e-01
3.867512941360473633e-01,7.951207160949707031e-01,6.022107601165771484e-01
-8.620924949645996094e-01,4.474353790283203125e-02,1.253783702850341797e-02
-2.656970024108886719e-01,-8.038750886917114258e-01,-8.787032961845397949e-01
-5.364487171173095703e-01,1.415141820907592773e-01,-4.145467281341552734e-01
-6.879962086677551270e-01,-3.955081701278686523e-01,9.760349988937377930e-01
-6.128966808319091797e-03,-6.058089733123779297e-01,-7.082933187484741211e-01
-8.220910429954528809e-01,8.138338327407836914e-01,6.761257648468017578e-01
-7.694289684295654297e-01,3.890384435653686523e-01,-1.435858011245727539e-02
-2.028123140335083008e-01,1.665928363800048828e-01,-7.077142596244812012e-01
9.260443449020385742e-01,3.751716613769531250e-01,-4.036008119583129883e-01
8.530852794647216797e-01,4.531992673873901367e-01,5.261597633361816406e-01
4.078248739242553711e-01,1.739673614501953125e-01,-1.166663765907287598e-01
-7.076075673103332520e-01,-3.717369437217712402e-01,7.897893190383911133e-01
-6.576515436172485352e-01,-1.824384331703186035e-01,-8.380585908889770508e-01
-1.485654115676879883e-01,-1.379293203353881836e-01,6.809617280960083008e-01
5.802007913589477539e-01,-5.166200995445251465e-01,-6.851551532745361328e-01
7.273628711700439453e-01,-1.042181253433227539e-02,-6.201933622360229492e-01
7.829440832138061523e-01,9.783982038497924805e-01,9.787998199462890625e-01
-1.552252769470214844e-01,1.502966880798339844e-02,3.848385810852050781e-02
-4.431022405624389648e-01,7.012569904327392578e-01,5.056744813919067383e-01
-1.070559620857238770e-01,-4.205946922302246094e-01,-8.397949934005737305e-01
6.249049901962280273e-01,2.994773387908935547e-01,-8.981450200080871582e-01
8.399151563644409180e-01,-9.301042556762695312e-02,3.572989702224731445e-01
1.228846311569213867e-01,-8.206270933151245117e-01,5.520693063735961914e-01
-9.347830414772033691e-01,-2.632688283920288086e-01,3.360617160797119141e-02
2.329653501510620117e-01,5.280482769012451172e-02,7.309037446975708008e-01
-1.562045216560363770e-01,-6.002570390701293945e-01,9.988240003585815430e-01
-9.203301668167114258e-01,3.044061660766601562e-01,1.818128824234008789e-01
7.422714233398437500e-01,5.314656496047973633e-01,1.803108453750610352e-01
2.014890909194946289e-01,2.860298156738281250e-01,-7.984063029289245605e-01
1.197172403335571289e-01,5.578225851058959961e-01,-6.657698154449462891e-01
9.495614767074584961e-01,4.899069070816040039e-01,-3.765350580215454102e-01
1.911901235580444336e-01,9.228410720825195312e-01,-9.347904920578002930e-01
-6.985777616500854492e-02,9.827677011489868164e-01,-4.777032136917114258e-01
-5.861319303512573242e-01,3.711997270584106445e-01,-3.197248578071594238e-01
-7.247722148895263672e-02,1.397073268890380859e-01,3.217170238494873047e-01
3.037085533142089844e-01,-9.416030049324035645e-01,-1.138567328453063965e-01
-6.563422083854675293e-01,6.498044729232788086e-01,7.068636417388916016e-01
9.117009639739990234e-01,9.611293077468872070e-01,-3.653955459594726562e-02
3.762316703796386719e-02,-3.373264670372009277e-01,-8.553382754325866699e-01
-3.448911309242248535e-01,6.477178335189819336e-01,-9.983281493186950684e-01
1.011072397232055664e-01,-3.924078941345214844e-01,9.759848117828369141e-01
-9.706512689590454102e-01,-2.966184616088867188e-01,8.501027822494506836e-01
8.298348188400268555e-01,-3.680467009544372559e-01,5.016399621963500977e-01
-2.779306769371032715e-01,-6.305377483367919922e-01,-4.318844676017761230e-01
7.019870281219482422e-01,-7.048383951187133789e-01,6.203638315200805664e-01
5.303490161895751953e-02,-4.845208525657653809e-01,-6.747384071350097656e-01
-9.637171030044555664e-01,5.584762096405029297e-01,8.774068355560302734e-01
3.153313398361206055e-01,7.296242713928222656e-01,-1.662733554840087891e-01
8.910868167877197266e-01,-4.152828454971313477e-01,-7.848778367042541504e-01
-6.987713575363159180e-01,-3.159064054489135742e-01,-1.005703806877136230e-01
-4.127345681190490723e-01,7.936900854110717773e-01,4.198621511459350586e-01
-3.399433493614196777e-01,4.861398935317993164e-01,8.944082260131835938e-02
-2.646362781524658203e-01,-6.729764342308044434e-01,6.026915311813354492e-01
3.867678642272949219e-01,2.513134479522705078e-02,-5.481639504432678223e-01
8.620973825454711914e-01,-6.932464241981506348e-01,1.361322402954101562e-02
-7.903558015823364258e-01,-8.412215709686279297e-01,-2.975898981094360352e-02
-7.219941616058349609e-01,-8.124510049819946289e-01,6.733897924423217773e-01
4.592100381851196289e-01,-4.007056355476379395e-01,-9.980192184448242188e-01
-9.961311221122741699e-01,3.056912422180175781e-01,7.011736631393432617e-01
-5.111427307128906250e-01,4.974372386932373047e-01,9.586198329925537109e-01
-1.551324725151062012e-01,-5.791946053504943848e-01,6.776380538940429688e-01
4.090671539306640625e-01,5.456268787384033203e-02,-3.226721286773681641e-01
-1.748037338256835938e-01,-7.321214675903320312e-01,7.795407772064208984e-01
9.256157875061035156e-01,-2.287218570709228516e-01,-3.951473832130432129e-01
5.393993854522705078e-01,7.915977239608764648e-01,-2.594437599182128906e-01
-7.157994508743286133e-01,2.411752939224243164e-01,7.965707778930664062e-01
3.092947006225585938e-01,-7.922469377517700195e-01,-4.148646593093872070e-01
-6.771454811096191406e-01,3.219909667968750000e-01,-5.175983905792236328e-02
1.727882623672485352e-01,5.932759046554565430e-01,6.474453210830688477e-01
6.549441814422607422e-02,-6.477550864219665527e-01,-8.432063460350036621e-01
3.589076995849609375e-01,-5.487406849861145020e-01,5.240663290023803711e-01
-8.121786713600158691e-01,8.917526006698608398e-01,3.943096399307250977e-01
5.247056484222412109e-01,2.608231306076049805e-01,5.034286975860595703e-01
-3.698142170906066895e-01,8.155293464660644531e-01,4.881174564361572266e-01
-8.703565597534179688e-02,-3.293097019195556641e-03,9.906954765319824219e-01
7.451205253601074219e-01,8.469226360321044922e-01,-8.771853446960449219e-01
5.893880128860473633e-01,-7.734858393669128418e-01,5.759083032608032227e-01
-9.021206498146057129e-01,-9.551364779472351074e-01,-1.977077722549438477e-01
-7.227896451950073242e-01,3.116989135742187500e-02,-2.798478603363037109e-01
-9.619749784469604492e-01,3.401722908020019531e-01,-1.929028630256652832e-01
-2.132356166839599609e-03,4.081878662109375000e-01,7.707836627960205078e-01
2.878456115722656250e-01,1.862883567810058594e-03,-5.783835649490356445e-01
1.805777549743652344e-01,4.792510271072387695e-01,6.780338287353515625e-01
9.667050838470458984e-01,-3.699934482574462891e-02,7.128460407257080078e-01
2.233755588531494141e-02,-1.428294181823730469e-02,2.740062475204467773e-01
-6.414009332656860352e-01,2.602354288101196289e-01,-1.688836812973022461e-01
5.912071466445922852e-01,-7.630614042282104492e-01,-8.028038740158081055e-01
-2.503603696823120117e-01,-9.975310564041137695e-01,-9.479069113731384277e-01
8.503332138061523438e-01,-9.865111708641052246e-01,8.422453403472900391e-01
-1.104732751846313477e-01,4.835413694381713867e-01,1.973742246627807617e-01
6.434972286224365234e-01,-7.156938314437866211e-02,-5.306990146636962891e-01
-4.190651178359985352e-01,1.092640161514282227e-01,-3.673107028007507324e-01
7.197782993316650391e-01,-2.114283442497253418e-01,8.877646923065185547e-01
-5.703573226928710938e-01,-4.302409291267395020e-01,4.060755968093872070e-01
7.089141607284545898e-01,1.072697639465332031e-01,3.562440872192382812e-01
9.083801507949829102e-01,-8.185607790946960449e-01,9.198383092880249023e-01
5.512784719467163086e-01,3.223557472229003906e-01,-7.482278347015380859e-02
-4.984804391860961914e-01,-2.135043740272521973e-01,1.820677518844604492e-01
-6.324403285980224609e-01,4.037523269653320312e-02,4.172742366790771484e-02
1.432486772537231445e-01,-1.960871815681457520e-01,8.361101150512695312e-01
7.565486431121826172e-01,-2.493017315864562988e-01,9.714130163192749023e-01
-1.108028888702392578e-01,-7.935577630996704102e-02,7.656643390655517578e-01
-5.863204002380371094e-01,2.889075279235839844e-01,-2.921231985092163086e-01
9.509495496749877930e-01,2.585724592208862305e-01,-2.337722182273864746e-01
-1.830573081970214844e-01,-4.808878898620605469e-02,3.913707733154296875e-01
-2.965461015701293945e-01,-3.319694399833679199e-01,-7.803680896759033203e-01
7.851854562759399414e-01,-1.359904408454895020e-01,3.659378290176391602e-01
9.845118522644042969e-01,4.881918430328369141e-02,-9.737367033958435059e-01
5.288133621215820312e-01,-7.131368517875671387e-01,6.259975433349609375e-01
4.070448875427246094e-01,-3.971744179725646973e-01,-5.016992092132568359e-01
-2.124695777893066406e-01,3.177376985549926758e-01,-9.507818818092346191e-01
-7.147976160049438477e-01,-6.666324734687805176e-01,-2.695475816726684570e-01
-9.937067627906799316e-01,-8.002338409423828125e-01,-3.115671277046203613e-01
-8.879727125167846680e-01,6.830132007598876953e-02,-8.732191324234008789e-01
-4.605166316032409668e-01,-5.259531736373901367e-02,7.246322631835937500e-01
-5.007413029670715332e-01,2.371456623077392578e-01,1.805872917175292969e-01
2.471843957901000977e-01,-2.377304434776306152e-01,-5.710057020187377930e-01
-8.958951830863952637e-01,3.216171264648437500e-02,1.407065391540527344e-01
-5.966005325317382812e-01,-8.210644721984863281e-01,9.152380228042602539e-01
1.757509708404541016e-01,-3.922077417373657227e-01,8.571932315826416016e-01
4.247976541519165039e-01,2.091895341873168945e-01,-9.474483132362365723e-01
-5.366503000259399414e-01,-4.538753032684326172e-01,7.743993997573852539e-01
9.999159574508666992e-01,8.713585138320922852e-01,-5.525643825531005859e-01
5.960826873779296875e-01,3.695483207702636719e-01,1.666597127914428711e-01
4.812790155410766602e-01,5.873330831527709961e-01,-3.704016804695129395e-01
-8.669209480285644531e-01,8.669645786285400391e-01,-3.954606056213378906e-01
-3.049737811088562012e-01,4.013917446136474609e-01,-2.643139362335205078e-01
4.692718982696533203e-01,2.605545520782470703e-01,-8.646035790443420410e-01
2.008062601089477539e-01,-5.382986068725585938e-01,9.080003499984741211e-01
8.973174095153808594e-01,8.389341831207275391e-02,1.834893226623535156e-01
6.444208621978759766e-01,-4.888623952865600586e-02,-2.904683351516723633e-02
-4.663199782371520996e-01,-4.923539757728576660e-01,4.881094694137573242e-01
7.551540136337280273e-01,-4.225162863731384277e-01,4.525941610336303711e-01
-1.588648557662963867e-01,3.154938220977783203e-01,2.259355783462524414e-01
6.493965387344360352e-01,-9.174746274948120117e-01,6.873004436492919922e-01
-9.369865655899047852e-01,-4.241670370101928711e-01,-4.585399627685546875e-01
4.109685420989990234e-01,-3.309538364410400391e-01,2.396686077117919922e-01
5.112382173538208008e-01,-2.292129397392272949e-01,8.490803241729736328e-01
3.052866458892822266e-02,5.895872116088867188e-01,-6.364542245864868164e-01
-8.451527357101440430e-02,1.423940658569335938e-01,5.026626586914062500e-01
7.540007829666137695e-01,-9.771721363067626953e-01,9.538950920104980469e-01
-1.070464849472045898e-01,-2.196397781372070312e-01,-2.326431870460510254e-01
6.338980197906494141e-01,3.539772033691406250e-01,3.153324127197265625e-02
3.639360666275024414e-01,7.976568937301635742e-01,-7.059197425842285156e-01
-7.488027811050415039e-01,2.917425632476806641e-01,2.218402624130249023e-01
-8.207885026931762695e-01,-4.300433993339538574e-01,-8.581262230873107910e-01
-6.844363212585449219e-01,7.002292871475219727e-01,-5.548055171966552734e-01
5.939048528671264648e-01,-6.533710956573486328e-01,6.206979751586914062e-01
1.439294815063476562e-01,1.798114776611328125e-01,-8.632270097732543945e-01
3.572754859924316406e-01,6.365307569503784180e-01,9.798868894577026367e-01
-5.235179662704467773e-01,-4.868986010551452637e-01,5.979315042495727539e-01
2.028437852859497070e-01,-5.936989188194274902e-01,4.108273983001708984e-02
6.745733022689819336e-01,-6.912737488746643066e-01,-4.280664324760437012e-01
5.775820016860961914e-01,8.646249771118164062e-01,3.507874011993408203e-01
-2.401460409164428711e-01,-6.574929356575012207e-01,-5.139742493629455566e-01
9.009124040603637695e-01,-6.683144569396972656e-01,7.616392374038696289e-01
-2.074522376060485840e-01,7.033573389053344727e-01,-3.117488622665405273e-01
-9.531731605529785156e-01,-8.203248381614685059e-01,6.598380804061889648e-01
5.577445030212402344e-01,1.999375820159912109e-01,5.751792192459106445e-01
-2.393034100532531738e-01,-4.584434032440185547e-01,9.288734197616577148e-01
-1.596338748931884766e-01,-4.266660809516906738e-01,6.656571626663208008e-01
4.602769613265991211e-01,-1.204400658607482910e-01,-8.437129259109497070e-01
-6.465950012207031250e-01,6.851106882095336914e-01,-7.192549705505371094e-01
3.259392976760864258e-01,-3.301604390144348145e-01,-6.838016510009765625e-01
-4.978510141372680664e-01,9.064153432846069336e-01,-8.930536508560180664e-01
-5.578297376632690430e-02,-6.989109516143798828e-01,3.613893985748291016e-01
7.582036256790161133e-01,7.659337520599365234e-01,-7.111507058143615723e-01
-3.594738245010375977e-01,6.257436275482177734e-01,-4.516168236732482910e-01
8.204827308654785156e-01,7.113457918167114258e-01,-7.463418245315551758e-01
-3.481236100196838379e-01,8.292281627655029297e-01,7.601747512817382812e-01
6.212508678436279297e-01,-2.498460412025451660e-01,-2.918016910552978516e-01
6.592226028442382812e-02,1.293114423751831055e-01,9.007225036621093750e-01
2.496851682662963867e-01,5.195449590682983398e-01,8.537623882293701172e-01
1.490118503570556641e-01,1.532131433486938477e-01,4.722285270690917969e-02
-7.601369619369506836e-01,-2.261958718299865723e-01,-9.290421009063720703e-01
-2.812680006027221680e-01,6.705923080444335938e-01,-9.032082557678222656e-02
5.285189151763916016e-01,-5.092694759368896484e-01,6.598275899887084961e-01
5.433045625686645508e-01,-4.873216152191162109e-02,7.121646404266357422e-01
-4.521399736404418945e-02,-3.629273176193237305e-02,-8.966266512870788574e-01
-7.856597900390625000e-01,6.814979314804077148e-01,5.205956697463989258e-01
-8.723803758621215820e-01,5.238600969314575195e-01,3.142639398574829102e-01
-5.069879889488220215e-01,-1.085484027862548828e-02,7.876127958297729492e-01
8.057148456573486328e-01,1.525964736938476562e-01,-3.512541055679321289e-01
-5.769975781440734863e-01,-2.733401656150817871e-01,-6.568230390548706055e-01
-3.543388843536376953e-01,6.696703433990478516e-01,-3.617990016937255859e-02
1.832317113876342773e-01,1.947022676467895508e-01,-5.447329282760620117e-01
2.939319610595703125e-02,7.245309352874755859e-01,1.503328084945678711e-01
-1.666751503944396973e-01,-1.485263109207153320e-01,1.586250066757202148e-01
2.918164730072021484e-01,6.446369886398315430e-01,-7.856631875038146973e-01
1.459836959838867188e-01,8.232520818710327148e-01,-7.007336020469665527e-01
1.641449928283691406e-01,3.536926507949829102e-01,4.742457866668701172e-01
8.858745098114013672e-01,9.032417535781860352e-01,-1.512464284896850586e-01
8.084397315979003906e-01,5.615674257278442383e-01,3.514518737792968750e-01
3.090255260467529297e-01,-5.465133190155029297e-01,-1.094805002212524414e-01
1.475647687911987305e-01,-5.142672061920166016e-01,-6.517236232757568359e-01
-8.126603364944458008e-01,-6.844608783721923828e-01,-2.712691426277160645e-01
-2.743070125579833984e-01,2.108640670776367188e-01,-5.951739549636840820e-01
-9.323817491531372070e-02,3.809100389480590820e-01,6.533015966415405273e-01
4.823783636093139648e-01,2.995525598526000977e-01,-2.836431860923767090e-01
-1.462623476982116699e-01,-8.722293972969055176e-01,-2.723919153213500977e-01
5.895886421203613281e-01,5.702806711196899414e-01,5.701562166213989258e-01
-3.819770812988281250e-01,-4.771824479103088379e-01,5.157673358917236328e-02
5.940871238708496094e-01,-3.334858417510986328e-01,-8.767266273498535156e-01
5.705807209014892578e-01,-9.714800119400024414e-02,5.022033452987670898e-01
4.506504535675048828e-01,-6.911557912826538086e-02,-3.004918098449707031e-01
-5.031660795211791992e-01,-5.021787881851196289e-01,5.901515483856201172e-01
-6.766556501388549805e-01,-3.792223930358886719e-01,-9.256697893142700195e-01
7.825257778167724609e-01,2.852044105529785156e-01,9.783357381820678711e-01
6.971740722656250000e-02,-9.118934869766235352e-01,5.362784862518310547e-02
-1.077951788902282715e-01,8.303406238555908203e-01,1.595079898834228516e-01
6.868306398391723633e-01,-8.741678595542907715e-01,-9.874850511550903320e-02
5.285236835479736328e-01,1.046154499053955078e-01,1.966977119445800781e-02
4.197949171066284180e-01,3.861787319183349609e-01,6.906567811965942383e-01
-4.542677402496337891e-01,-8.654917478561401367e-01,-7.241690158843994141e-01
-6.580673456192016602e-01,3.891389369964599609e-01,-2.429091930389404297e-02
-7.712126374244689941e-01,9.034607410430908203e-01,-6.108134984970092773e-01
-7.545403838157653809e-01,-8.345445394515991211e-01,3.564634323120117188e-01
-6.658550500869750977e-01,-1.813693046569824219e-01,3.183799982070922852e-01
-3.906127214431762695e-01,3.813967704772949219e-01,-1.935497522354125977e-01
9.514141082763671875e-01,3.566405773162841797e-01,1.433674097061157227e-01
6.229088306427001953e-01,3.952575922012329102e-01,-7.699120044708251953e-01
-5.707830786705017090e-01,2.802956104278564453e-01,-1.137484312057495117e-01
-8.462643623352050781e-02,-3.656892776489257812e-01,8.630621433258056641e-02
8.392711877822875977e-01,-9.186190366744995117e-02,-2.821103930473327637e-01
8.444404602050781250e-02,-3.614620566368103027e-01,-6.325852870941162109e-01
-6.055307388305664062e-01,6.057493686676025391e-01,-6.237760782241821289e-01
2.961584329605102539e-01,-8.468855023384094238e-01,7.554678916931152344e-01
-9.800460934638977051e-01,2.530828714370727539e-01,7.810540199279785156e-01
5.261960029602050781e-01,-4.597330689430236816e-01,7.813695669174194336e-01
-7.488583326339721680e-01,2.235985994338989258e-01,8.415273427963256836e-01
1.230190992355346680e-01,9.330440759658813477e-01,4.748111963272094727e-01
9.879227876663208008e-01,6.135681867599487305e-01,1.259597539901733398e-01
4.101421833038330078e-01,4.548792839050292969e-01,-5.402685999870300293e-01
3.749170303344726562e-01,9.986836910247802734e-01,-3.986893296241760254e-01
-6.206965446472167969e-02,-2.630947232246398926e-01,-2.494754195213317871e-01
-4.068785905838012695e-01,-3.119753599166870117e-01,-9.636367559432983398e-01
4.033467769622802734e-01,-3.943978548049926758e-01,-9.295479655265808105e-01
-8.540242910385131836e-02,-1.243701577186584473e-01,3.775317668914794922e-01
-7.128136157989501953e-01,8.830093145370483398e-01,-9.686744213104248047e-01
7.579288482666015625e-01,4.781692028045654297e-01,1.840710639953613281e-02
-8.942533731460571289e-01,6.634645462036132812e-01,-7.337954640388488770e-01
3.588069677352905273e-01,9.016656875610351562e-02,4.953087568283081055e-01
1.721163988113403320e-01,6.732918024063110352e-01,-3.200941085815429688e-01
6.098217964172363281e-01,-6.759126186370849609e-01,-6.839107275009155273e-01
5.405983924865722656e-01,2.798163890838623047e-01,7.973297834396362305e-01
1.787618398666381836e-01,-8.711249232292175293e-01,-3.798152208328247070e-01
2.822550535202026367e-01,-5.201040506362915039e-01,7.007377147674560547e-01
7.582415342330932617e-01,-8.908144235610961914e-01,9.901285171508789062e-03
3.997912406921386719e-01,9.763666391372680664e-01,-2.169324755668640137e-01
-8.731608986854553223e-01,9.708615541458129883e-01,8.053817749023437500e-01
-5.642427802085876465e-01,-2.252703905105590820e-02,-9.927269220352172852e-01
-9.959661364555358887e-01,5.533337593078613281e-01,-4.959459900856018066e-01
7.364137172698974609e-01,-2.789878845214843750e-01,6.922341585159301758e-01
7.179145812988281250e-01,-4.468436241149902344e-01,2.843149900436401367e-01
-9.403287172317504883e-01,5.666205883026123047e-01,1.577842235565185547e-02
-2.491149902343750000e-01,-4.028946757316589355e-01,-8.116431832313537598e-01
-4.091903567314147949e-01,8.090318441390991211e-01,2.044454813003540039e-01
4.268549680709838867e-01,-3.514439463615417480e-01,8.087491989135742188e-02
-3.652397394180297852e-01,9.021583795547485352e-01,5.748869180679321289e-01
-3.640871644020080566e-01,7.674611806869506836e-01,-4.245400428771972656e-02
-7.329540252685546875e-01,9.946337938308715820e-01,-5.140258073806762695e-01
6.193236112594604492e-01,6.196562051773071289e-01,-5.075510740280151367e-01
-7.888748049736022949e-01,7.014882564544677734e-01,-4.922710657119750977e-01
5.393379926681518555e-01,5.243496894836425781e-01,-4.684478044509887695e-01
-1.099049448966979980e-01,8.351430892944335938e-01,7.791242599487304688e-01
2.199897766113281250e-01,-2.667936086654663086e-01,6.131304502487182617e-01
3.266721963882446289e-01,-4.851174950599670410e-01,5.210078954696655273e-01
-6.660730838775634766e-01,-3.434774875640869141e-01,5.273679494857788086e-01
-2.574160099029541016e-01,2.303081750869750977e-01,4.274278879165649414e-01
2.297776937484741211e-01,-8.005092740058898926e-01,4.174792766571044922e-02
-7.187271118164062500e-01,-1.618685722351074219e-01,6.345212459564208984e-02
-4.008316993713378906e-01,7.615360021591186523e-01,4.844174385070800781e-01
7.733917236328125000e-02,-1.442951560020446777e-01,-8.096870779991149902e-01
-5.807662010192871094e-01,7.086297273635864258e-01,1.863914728164672852e-01
5.151475667953491211e-01,2.737454175949096680e-01,-8.799636363983154297e-01
6.188770532608032227e-01,1.771348714828491211e-01,5.759605169296264648e-01
-2.458554506301879883e-01,-4.724336862564086914e-01,6.458595991134643555e-01
9.943642616271972656e-01,-1.842111349105834961e-01,-2.254623174667358398e-01
-6.149159073829650879e-01,8.902893066406250000e-01,9.737381935119628906e-01
2.411247491836547852e-01,3.263200521469116211e-01,8.265621662139892578e-01
1.215740442276000977e-01,8.061931133270263672e-01,3.276690244674682617e-01
-1.357032060623168945e-01,9.400396347045898438e-01,2.922873497009277344e-01
3.637578487396240234e-01,-1.605170965194702148e-01,-2.252428531646728516e-01
-6.134386062622070312e-01,-6.830148696899414062e-01,-1.531236171722412109e-01
5.242836475372314453e-01,-3.451018333435058594e-01,-8.147550225257873535e-01
3.567761182785034180e-01,-4.858085513114929199e-01,-7.436289191246032715e-01
-5.047507286071777344e-01,-5.200464725494384766e-01,7.225481271743774414e-01
-9.038051366806030273e-01,-4.775463938713073730e-01,-1.507207751274108887e-01
-5.438146591186523438e-01,7.961857318878173828e-01,7.147186994552612305e-01
7.838040590286254883e-01,-2.146869897842407227e-02,9.245617389678955078e-01
9.195340871810913086e-01,-4.536064863204956055e-01,-6.089988946914672852e-01
3.226609230041503906e-01,2.556712627410888672e-01,-9.137492179870605469e-01
-7.463802099227905273e-01,-3.561545014381408691e-01,-5.975437760353088379e-01
-7.690153121948242188e-01,-4.624552130699157715e-01,7.927685976028442383e-01
6.655384302139282227e-01,-2.596776485443115234e-01,5.455157756805419922e-01
-7.151134610176086426e-01,2.288652658462524414e-01,3.875371217727661133e-01
-9.962576627731323242e-01,-7.567549943923950195e-01,-7.542173266410827637e-01
-5.300067663192749023e-01,-1.993707418441772461e-01,9.481071233749389648e-01
-2.184779047966003418e-01,8.879859447479248047e-01,4.245434999465942383e-01
-6.826157569885253906e-01,-2.526355385780334473e-01,-5.623441934585571289e-02
-1.279838681221008301e-01,-7.579504251480102539e-01,1.830877065658569336e-01
8.432550430297851562e-01,-5.151413083076477051e-01,1.309418678283691406e-01
3.764702081680297852e-01,-8.327251672744750977e-01,-2.829452157020568848e-01
8.967765569686889648e-01,-3.143331408500671387e-01,-4.167076349258422852e-01
6.599324941635131836e-01,4.583474397659301758e-01,3.329310417175292969e-01
2.633601427078247070e-01,-5.110194683074951172e-01,4.679110050201416016e-01
-9.743857979774475098e-01,8.705389499664306641e-02,2.225704193115234375e-01
7.186207771301269531e-01,-1.416350603103637695e-01,9.657106399536132812e-01
8.164081573486328125e-01,-8.604043722152709961e-02,-3.292556405067443848e-01
9.963805675506591797e-01,-7.925192117691040039e-01,-9.928570985794067383e-01
1.284456253051757812e-01,-9.117940068244934082e-01,3.355026245117187500e-02
-6.531206965446472168e-01,-6.224172115325927734e-01,-1.020174622535705566e-01
-1.236111521720886230e-01,-9.232617616653442383e-01,-6.018230319023132324e-01
-4.982852339744567871e-01,-6.766985654830932617e-01,-7.375044822692871094e-01
-2.837629914283752441e-01,-4.896017909049987793e-01,-9.466513395309448242e-01
7.165406942367553711e-01,3.836674690246582031e-01,-7.517592310905456543e-01
-6.876386404037475586e-01,2.346780300140380859e-01,6.801441907882690430e-01
8.321714401245117188e-02,6.281293630599975586e-01,-8.776966333389282227e-01
8.636032342910766602e-01,9.174215793609619141e-02,-4.479072690010070801e-01
-3.459693789482116699e-01,-8.698177337646484375e-01,-7.567831277847290039e-01
4.572184085845947266e-01,-9.005687832832336426e-01,9.586203098297119141e-01
3.246796131134033203e-01,-9.463839530944824219e-01,4.384237527847290039e-01
-4.968845844268798828e-01,-1.352363228797912598e-01,-7.713763713836669922e-01
-4.004753828048706055e-01,-2.697365283966064453e-01,-9.469110965728759766e-01
-2.536016702651977539e-01,9.987161159515380859e-01,-9.846089482307434082e-01
4.796079397201538086e-01,-7.734319567680358887e-01,8.854950666427612305e-01
-5.471476316452026367e-01,7.138442993164062500e-02,-3.231152296066284180e-01
8.805229663848876953e-01,6.123749017715454102e-01,7.213120460510253906e-01
-6.156179904937744141e-01,2.983164787292480469e-01,7.399989366531372070e-01
7.785562276840209961e-01,4.039392471313476562e-01,3.903794288635253906e-01
-4.440027475357055664e-02,-4.081156849861145020e-01,1.363991498947143555e-01
-6.030755043029785156e-01,-6.475110054016113281e-01,-5.955988168716430664e-02
-2.961928844451904297e-01,-9.710431694984436035e-01,-9.751606583595275879e-01
9.748809337615966797e-01,-8.260778188705444336e-01,2.507799863815307617e-01
8.210457563400268555e-01,-5.991449356079101562e-01,-8.322199583053588867e-01
6.779125928878784180e-01,3.116556406021118164e-01,2.439398765563964844e-01
4.816884994506835938e-01,-5.363672971725463867e-02,-5.296915769577026367e-02
8.008266687393188477e-01,7.395488023757934570e-01,-8.607892394065856934e-01
3.622454404830932617e-01,4.537057876586914062e-02,-9.813128709793090820e-01
-3.467040061950683594e-01,-9.294232130050659180e-01,-2.769387960433959961e-01
6.286423206329345703e-01,4.163351058959960938e-01,-5.796176195144653320e-01
-6.875715851783752441e-01,-6.254054307937622070e-01,2.018866539001464844e-01
-3.543410301208496094e-01,-8.711653947830200195e-02,-1.602894067764282227e-01
-3.612497448921203613e-01,-7.216702699661254883e-01,-5.618035793304443359e-01
1.778867244720458984e-01,-9.416273236274719238e-01,6.694490909576416016e-01
-4.726517200469970703e-01,9.231575727462768555e-01,9.792084693908691406e-01
-8.730994462966918945e-01,-4.253541231155395508e-01,5.450713634490966797e-02
-5.486283302307128906e-01,-2.289853692054748535e-01,-6.664983034133911133e-01
-9.387918710708618164e-01,-6.481534242630004883e-02,-2.239874005317687988e-01
4.863610267639160156e-01,-6.801478862762451172e-01,2.537138462066650391e-01
-6.401859521865844727e-01,-7.803636789321899414e-01,-5.047390460968017578e-01
-9.506142139434814453e-02,6.889599561691284180e-01,-5.495968461036682129e-01
-5.369572043418884277e-01,5.002291202545166016e-01,8.471080064773559570e-01
8.224170207977294922e-01,-6.350326538085937500e-01,8.146615028381347656e-01
2.014154195785522461e-01,3.553760051727294922e-01,-3.141828179359436035e-01
7.913166284561157227e-01,-1.772645711898803711e-01,6.861394643783569336e-01
-4.559648036956787109e-02,3.235530853271484375e-02,4.605243206024169922e-01
-6.980476379394531250e-01,-3.600454330444335938e-02,8.098937273025512695e-01
-5.255744457244873047e-01,7.796639204025268555e-01,8.529924154281616211e-01
-5.087635517120361328e-01,3.044749498367309570e-01,8.193403482437133789e-01
9.790496826171875000e-01,-5.242655277252197266e-01,6.286095380783081055e-01
1.723250150680541992e-01,-1.555580496788024902e-01,-3.348469734191894531e-01
7.292698621749877930e-01,-2.799129486083984375e-01,-9.477521181106567383e-01
5.537655353546142578e-01,3.487249612808227539e-01,-4.472650289535522461e-01
7.961070537567138672e-01,9.033602476119995117e-01,8.730518817901611328e-01
-3.777338862419128418e-01,2.130104303359985352e-01,4.072148799896240234e-01
5.309524536132812500e-01,-9.685028195381164551e-01,-2.611706852912902832e-01
5.155090093612670898e-01,-5.050115585327148438e-01,7.758706808090209961e-01
-8.344783782958984375e-01,2.601802349090576172e-01,6.007633209228515625e-01
7.071503400802612305e-01,-4.580280184745788574e-01,4.076404571533203125e-01
4.449272155761718750e-02,9.724119901657104492e-01,5.669889450073242188e-01
3.584098815917968750e-01,3.650836944580078125e-01,-6.155261993408203125e-01
5.588538646697998047e-01,9.750032424926757812e-02,-1.225758790969848633e-01
-2.040157914161682129e-01,-4.799062609672546387e-01,4.758272171020507812e-01
-2.130534648895263672e-01,4.868361949920654297e-01,-2.472306489944458008e-01
-6.637743115425109863e-01,8.796155452728271484e-01,-5.612224340438842773e-01
1.002668142318725586e-01,3.205815553665161133e-01,-2.336327433586120605e-01
3.316248655319213867e-01,3.897511959075927734e-02,-1.782823204994201660e-01
1.601073741912841797e-01,-6.981205940246582031e-02,-7.079954147338867188e-01
-8.355116844177246094e-01,7.427231073379516602e-01,-8.816171288490295410e-01
-9.709361791610717773e-01,-8.458769917488098145e-01,7.710037231445312500e-01
3.598880767822265625e-01,1.553571224212646484e-02,-8.878739476203918457e-01
-1.128242611885070801e-01,2.739596366882324219e-02,-3.746517896652221680e-01
3.549885749816894531e-02,3.083869218826293945e-01,3.155276775360107422e-01
9.403012990951538086e-01,1.489565372467041016e-01,7.683169841766357422e-01
6.121850013732910156e-01,-5.590803623199462891e-01,5.541206598281860352e-01
-1.606911420822143555e-02,2.280629873275756836e-01,-4.669039845466613770e-01
-6.006476879119873047e-01,-9.795305132865905762e-01,7.106740474700927734e-01
-3.289954066276550293e-01,-5.158764123916625977e-01,-9.412481784820556641e-01
3.700344562530517578e-01,2.884303331375122070e-01,-3.771279454231262207e-01
2.612688541412353516e-01,5.696520805358886719e-01,-2.106451988220214844e-02
2.458810806274414062e-03,-5.828365087509155273e-01,3.340771198272705078e-01
-2.190100550651550293e-01,-7.172309756278991699e-01,1.383061408996582031e-01
4.508845806121826172e-01,1.514165401458740234e-01,-9.396604895591735840e-01
-2.784010767936706543e-01,5.206179618835449219e-01,-7.552405595779418945e-01
4.040896892547607422e-01,2.279713153839111328e-01,-5.982722043991088867e-01
6.543885469436645508e-01,-4.859470725059509277e-01,7.240422964096069336e-01
-2.321488261222839355e-01,5.697572231292724609e-01,2.785604000091552734e-01
7.800709009170532227e-01,9.219875335693359375e-01,6.926735639572143555e-01
1.393498182296752930e-01,-1.730436086654663086e-02,9.586703777313232422e-01
-6.882237195968627930e-01,2.339234352111816406e-01,-4.225373268127441406e-02
-1.545475125312805176e-01,-4.194269180297851562e-01,-9.510620236396789551e-01
-6.892409920692443848e-01,2.072856426239013672e-01,8.234632015228271484e-02
7.739094495773315430e-01,2.971792221069335938e-01,7.493565082550048828e-01
7.541072368621826172e-01,-3.223141431808471680e-01,9.020881652832031250e-01
4.975631237030029297e-01,-5.890703201293945312e-01,-5.839874148368835449e-01
-4.112710952758789062e-01,-1.530041694641113281e-01,-7.221474051475524902e-01
-1.180363297462463379e-01,-5.825188755989074707e-01,1.968998908996582031e-01
8.529163599014282227e-01,-6.711566448211669922e-01,-1.639925241470336914e-01
-9.862384200096130371e-01,-7.602559328079223633e-01,-6.586872339248657227e-01
7.708294391632080078e-01,-6.704478263854980469e-01,-3.250851035118103027e-01
7.484256029129028320e-01,-9.299231171607971191e-01,1.556650400161743164e-01
1.970402002334594727e-01,6.055212020874023438e-02,1.676254272460937500e-01
-2.351056337356567383e-01,-5.604937672615051270e-01,4.601836204528808594e-01
3.659217357635498047e-01,-9.259415864944458008e-01,5.936799049377441406e-01
-1.341988444328308105e-01,-9.488729834556579590e-01,-2.375171780586242676e-01
-9.888215065002441406e-01,-7.390483021736145020e-01,8.465769290924072266e-01
-9.965640306472778320e-01,5.681647062301635742e-01,3.416521549224853516e-01
7.536236047744750977e-01,-6.764487028121948242e-01,1.504147052764892578e-01
-2.183975577354431152e-01,-6.281677484512329102e-01,5.349832773208618164e-01
2.969868183135986328e-01,5.428086519241333008e-01,1.857262849807739258e-01
4.026532173156738281e-01,3.155590295791625977e-01,-5.414862632751464844e-01
7.478893995285034180e-01,6.958272457122802734e-01,3.733010292053222656e-01
8.534429073333740234e-01,8.065565824508666992e-01,-5.190456509590148926e-01
3.290951251983642578e-02,7.245934009552001953e-01,4.251345396041870117e-01
7.432309389114379883e-01,-5.770504474639892578e-01,8.787788152694702148e-01
7.624682188034057617e-01,9.509249925613403320e-01,-2.186751961708068848e-01
-3.771217465400695801e-01,2.876844406127929688e-01,2.506215572357177734e-01
1.728502511978149414e-01,4.474102258682250977e-01,-8.484892249107360840e-01
4.756149053573608398e-01,9.918284416198730469e-01,9.892070293426513672e-01
9.673578739166259766e-01,-8.159778118133544922e-01,-5.791324377059936523e-01
3.938058614730834961e-01,2.868379354476928711e-01,9.061465263366699219e-01
2.855321168899536133e-01,-6.724990010261535645e-01,2.094494104385375977e-01
1.029689311981201172e-01,-4.980627894401550293e-01,7.675681114196777344e-01
7.190859317779541016e-02,4.980552196502685547e-02,8.422114849090576172e-01
9.916269779205322266e-02,8.368849754333496094e-02,-1.466553211212158203e-01
3.962144851684570312e-01,-9.470881819725036621e-01,3.281831741333007812e-01
-6.642834544181823730e-01,-7.528418898582458496e-01,-5.314445495605468750e-02
3.474615812301635742e-01,-8.048126101493835449e-01,-5.496740341186523438e-03
2.613257169723510742e-01,1.290785074234008789e-01,-3.072656393051147461e-01
6.185632944107055664e-01,1.439869403839111328e-01,7.560299634933471680e-01
-3.978512287139892578e-01,2.365620136260986328e-01,9.949002265930175781e-01
9.908770322799682617e-01,4.671261310577392578e-01,4.207000732421875000e-01
-4.743795990943908691e-01,2.741277217864990234e-02,-1.143583059310913086e-01
4.957002401351928711e-01,-7.455333471298217773e-01,6.532549858093261719e-02
-6.837782263755798340e-01,6.217682361602783203e-02,-4.163156151771545410e-01
3.891674280166625977e-01,7.972264289855957031e-01,-7.421731352806091309e-01
-7.471084594726562500e-01,-1.443498134613037109e-01,4.259512424468994141e-01
-1.671290397644042969e-01,2.944699525833129883e-01,9.069037437438964844e-01
4.118546247482299805e-01,-4.211575984954833984e-01,-7.131488323211669922e-01
-2.513864636421203613e-01,-1.494091153144836426e-01,-6.564843654632568359e-02
4.823260307312011719e-01,7.824888229370117188e-01,-1.110952496528625488e-01
9.151794910430908203e-01,-2.991058230400085449e-01,-9.327483177185058594e-01
2.918887138366699219e-01,-2.257838845252990723e-01,-3.928866982460021973e-01
-1.341359615325927734e-01,-3.133234381675720215e-01,-1.924916505813598633e-01
3.433800935745239258e-01,4.789084196090698242e-01,-4.524165391921997070e-02
6.181347370147705078e-02,-9.735880494117736816e-01,-5.877037048339843750e-01
4.123401641845703125e-01,-7.356014251708984375e-01,-8.498892784118652344e-01
6.224155426025390625e-02,7.550450563430786133e-01,3.374842405319213867e-01
-9.836356639862060547e-01,8.214900493621826172e-01,-5.973501801490783691e-01
2.867761850357055664e-01,-8.529940843582153320e-01,2.949494123458862305e-01
4.696844816207885742e-01,8.072335720062255859e-01,-2.241763472557067871e-01
5.807399749755859375e-02,7.518926858901977539e-01,-7.573236227035522461e-01
-5.232915878295898438e-01,-3.403330445289611816e-01,-2.036253809928894043e-01
4.710764884948730469e-01,-5.323423147201538086e-01,7.454314231872558594e-01
2.350442409515380859e-01,8.543462753295898438e-01,1.568270921707153320e-01
8.496079444885253906e-01,-9.824754595756530762e-01,8.740510940551757812e-01
-5.863630175590515137e-01,-7.921584844589233398e-01,3.542978763580322266e-01
-4.576183557510375977e-01,8.493454456329345703e-01,2.852772474288940430e-01
