6.081488132476806641e-01,3.089823722839355469e-01,1.000000000000000000e+00
2.095566987991333008e-01,1.000000000000000000e+00,-8.236038684844970703e-01
-1.000000000000000000e+00,-5.900101661682128906e-01,3.107423782348632812e-01
-1.728163957595825195e-01,2.951478958129882812e-01,-1.000000000000000000e+00
-8.705902099609375000e-01,-1.000000000000000000e+00,-7.009359002113342285e-01
5.835061073303222656e-01,1.000000000000000000e+00,-7.411854267120361328e-01
-2.954169511795043945e-01,3.831825256347656250e-01,-1.000000000000000000e+00
-1.000000000000000000e+00,1.880056858062744141e-01,7.293288707733154297e-01
-2.281644940376281738e-01,3.722851276397705078e-01,1.000000000000000000e+00
1.000000000000000000e+00,9.860122203826904297e-02,-1.580467820167541504e-01
-6.721550226211547852e-02,-1.000000000000000000e+00,7.808538675308227539e-01
-1.000000000000000000e+00,9.545232057571411133e-01,4.495952129364013672e-01
1.000000000000000000e+00,8.459389209747314453e-02,3.289844989776611328e-01
-7.562816143035888672e-02,-7.565295696258544922e-02,-1.000000000000000000e+00
-1.000000000000000000e+00,-2.712939381599426270e-01,6.726366281509399414e-01
1.000000000000000000e+00,1.305797100067138672e-01,-1.930413246154785156e-01
4.702310562133789062e-01,-1.000000000000000000e+00,3.884798288345336914e-01
2.325415611267089844e-02,1.000000000000000000e+00,2.936817407608032227e-01
-1.000000000000000000e+00,-3.350251913070678711e-01,-9.045775532722473145e-01
3.914427757263183594e-01,-4.666365981101989746e-01,1.000000000000000000e+00
3.619018793106079102e-01,1.199771165847778320e-01,1.000000000000000000e+00
-1.000000000000000000e+00,-8.472864031791687012e-01,-4.382879137992858887e-01
-6.670892238616943359e-02,1.000000000000000000e+00,-9.646779894828796387e-01
-1.000000000000000000e+00,1.315609216690063477e-01,3.089287281036376953e-01
-9.921814203262329102e-01,1.000000000000000000e+00,-8.460069298744201660e-01
1.955192089080810547e-01,9.126257896423339844e-02,-1.000000000000000000e+00
-3.110708594322204590e-01,-5.837354063987731934e-01,-1.000000000000000000e+00
1.000000000000000000e+00,2.796626091003417969e-02,-6.962291002273559570e-01
-1.000000000000000000e+00,-7.809104919433593750e-01,3.658148050308227539e-01
8.207595348358154297e-01,1.000000000000000000e+00,8.511638641357421875e-01
8.950155973434448242e-01,-1.000000000000000000e+00,1.459978818893432617e-01
7.777540683746337891e-01,6.678277254104614258e-01,1.000000000000000000e+00
-4.834041595458984375e-01,1.000000000000000000e+00,-7.200154066085815430e-01
5.470347404479980469e-02,-1.000000000000000000e+00,7.071912288665771484e-02
2.301056385040283203e-01,1.000000000000000000e+00,-2.990549802780151367e-02
-7.359591126441955566e-01,-1.000000000000000000e+00,-1.503909826278686523e-01
6.525470018386840820e-01,-9.716572761535644531e-01,-1.000000000000000000e+00
4.461636543273925781e-01,6.206084489822387695e-01,-1.000000000000000000e+00
-9.154325723648071289e-02,-6.998412609100341797e-01,1.000000000000000000e+00
-6.520190238952636719e-01,-3.504127264022827148e-01,-1.000000000000000000e+00
2.294793128967285156e-01,-1.000000000000000000e+00,2.651723623275756836e-01
1.000000000000000000e+00,-4.979850053787231445e-01,7.525966167449951172e-01
-1.647291183471679688e-01,1.316436529159545898e-01,1.000000000000000000e+00
-9.719948172569274902e-01,1.000000000000000000e+00,-7.612330317497253418e-01
8.757581710815429688e-01,3.721956014633178711e-01,-1.000000000000000000e+00
-1.000000000000000000e+00,2.513692378997802734e-01,5.454303026199340820e-01
1.000000000000000000e+00,3.935688734054565430e-01,4.025371074676513672e-01
-1.930707693099975586e-02,1.000000000000000000e+00,8.443045616149902344e-02
6.619371175765991211e-01,1.000000000000000000e+00,-3.168922662734985352e-02
5.839630365371704102e-01,1.000000000000000000e+00,-6.982287168502807617e-01
7.305727005004882812e-01,-1.000000000000000000e+00,-4.974487423896789551e-01
9.163812398910522461e-01,1.000000000000000000e+00,1.872069835662841797e-01
-3.672777414321899414e-01,-1.000000000000000000e+00,9.458580017089843750e-01
-4.332792758941650391e-02,1.000000000000000000e+00,4.738111495971679688e-01
8.177539110183715820e-01,1.000000000000000000e+00,-2.345243692398071289e-01
5.268096923828125000e-02,1.000000000000000000e+00,-1.861406564712524414e-01
-5.050494670867919922e-01,-5.417814254760742188e-01,1.000000000000000000e+00
7.366985082626342773e-01,1.000000000000000000e+00,-5.959780216217041016e-01
6.142088174819946289e-01,-1.000000000000000000e+00,3.936275243759155273e-01
1.000000000000000000e+00,-3.373593688011169434e-01,2.706032991409301758e-01
6.481142044067382812e-01,-2.708296775817871094e-01,-1.000000000000000000e+00
-8.483779430389404297e-02,-1.000000000000000000e+00,-1.134138703346252441e-01
3.608217239379882812e-01,3.924936056137084961e-01,-1.000000000000000000e+00
1.000000000000000000e+00,-1.411405801773071289e-01,2.805035114288330078e-01
-2.500556111335754395e-01,-8.374863862991333008e-02,1.000000000000000000e+00
3.705557584762573242e-01,6.484602689743041992e-01,1.000000000000000000e+00
-1.000000000000000000e+00,-7.749170064926147461e-01,7.010082006454467773e-01
1.000000000000000000e+00,4.496269226074218750e-01,-6.072098612785339355e-01
7.950215339660644531e-01,8.162130117416381836e-01,1.000000000000000000e+00
-1.000000000000000000e+00,-4.263694286346435547e-01,5.256226062774658203e-01
-1.000000000000000000e+00,2.838963270187377930e-01,-2.290427684783935547e-03
-6.804025173187255859e-01,-1.000000000000000000e+00,-3.200024366378784180e-02
1.512537002563476562e-01,-1.000000000000000000e+00,4.306279420852661133e-01
5.154430866241455078e-02,-7.655245065689086914e-02,-1.000000000000000000e+00
5.469419956207275391e-01,1.000000000000000000e+00,4.354881048202514648e-01
-3.016915321350097656e-01,1.000000000000000000e+00,-3.787571191787719727e-01
-9.661706686019897461e-01,-3.375422954559326172e-01,-1.000000000000000000e+00
-2.719349265098571777e-01,-4.351979494094848633e-02,-1.000000000000000000e+00
-5.754265785217285156e-01,-4.980374574661254883e-01,-1.000000000000000000e+00
7.033169269561767578e-01,-9.817892909049987793e-01,-1.000000000000000000e+00
1.000000000000000000e+00,3.143608570098876953e-01,8.834605216979980469e-01
7.277139425277709961e-01,1.000000000000000000e+00,-7.202305793762207031e-01
1.618189811706542969e-01,-1.000000000000000000e+00,7.270997762680053711e-01
1.000000000000000000e+00,-7.751427292823791504e-01,9.278857707977294922e-01
5.620788335800170898e-01,-1.000000000000000000e+00,8.319785594940185547e-01
-1.000000000000000000e+00,5.614769458770751953e-02,7.707358598709106445e-01
-8.809415698051452637e-01,-1.000000000000000000e+00,7.813159227371215820e-01
-7.766277790069580078e-01,-1.000000000000000000e+00,-3.127301931381225586e-01
6.548957824707031250e-01,-1.000000000000000000e+00,7.437472343444824219e-01
1.000000000000000000e+00,3.292806148529052734e-01,4.699753522872924805e-01
6.775292158126831055e-01,-1.000000000000000000e+00,-7.949830889701843262e-01
-3.976369500160217285e-01,4.333051443099975586e-01,1.000000000000000000e+00
-1.000000000000000000e+00,4.496876001358032227e-01,-8.467710018157958984e-02
1.000000000000000000e+00,-6.210203766822814941e-01,2.288881540298461914e-01
-1.000000000000000000e+00,9.166963100433349609e-01,-9.334505796432495117e-01
7.387541532516479492e-01,-1.000000000000000000e+00,2.109258174896240234e-01
-9.800162911415100098e-01,-1.000000000000000000e+00,2.955007553100585938e-02
-7.238531112670898438e-01,5.560566186904907227e-01,1.000000000000000000e+00
-1.000000000000000000e+00,-7.476232051849365234e-01,-9.714815616607666016e-01
2.468585968017578125e-02,-7.289243936538696289e-01,-1.000000000000000000e+00
-6.153273582458496094e-02,2.434630393981933594e-01,-1.000000000000000000e+00
1.000000000000000000e+00,5.912708044052124023e-01,1.662814617156982422e-02
2.232799530029296875e-01,4.462623596191406250e-02,1.000000000000000000e+00
-2.272653579711914062e-02,1.000000000000000000e+00,6.305058002471923828e-01
-1.000000000000000000e+00,2.615524530410766602e-01,-2.807614207267761230e-01
1.000000000000000000e+00,7.591155767440795898e-01,8.211373090744018555e-01
-1.000000000000000000e+00,-6.341022253036499023e-02,-5.306290388107299805e-01
-5.621567964553833008e-01,-1.000000000000000000e+00,-1.738481521606445312e-01
4.510487318038940430e-01,-6.865903139114379883e-01,1.000000000000000000e+00
1.000000000000000000e+00,-7.311046123504638672e-02,-8.408523797988891602e-01
1.000000000000000000e+00,-9.891581535339355469e-02,1.006129980087280273e-01
4.095534086227416992e-01,-1.000000000000000000e+00,1.422655582427978516e-01
1.222903728485107422e-01,-1.000000000000000000e+00,4.883232116699218750e-01
-1.000000000000000000e+00,8.463219404220581055e-01,3.152940273284912109e-01
-7.585030794143676758e-01,-8.298894166946411133e-01,-1.000000000000000000e+00
-7.904551029205322266e-01,1.000000000000000000e+00,2.857062816619873047e-01
1.609272956848144531e-01,-9.537481665611267090e-01,1.000000000000000000e+00
-1.000000000000000000e+00,-6.730651259422302246e-01,-8.300894498825073242e-02
-9.539235234260559082e-01,-6.577746272087097168e-01,-1.000000000000000000e+00
1.000000000000000000e+00,7.332109212875366211e-01,3.984793424606323242e-01
-5.099467039108276367e-01,1.000000000000000000e+00,-4.117661714553833008e-01
1.000000000000000000e+00,-6.312010288238525391e-01,-1.686428785324096680e-01
-2.648339271545410156e-01,1.000000000000000000e+00,5.679438114166259766e-01
4.739372730255126953e-01,1.000000000000000000e+00,1.040862798690795898e-01
-2.871826887130737305e-01,2.204277515411376953e-01,1.000000000000000000e+00
6.601415872573852539e-01,-3.299147486686706543e-01,1.000000000000000000e+00
-9.834185838699340820e-01,-8.066456317901611328e-01,1.000000000000000000e+00
-9.119057059288024902e-01,3.937149047851562500e-02,1.000000000000000000e+00
-3.299530744552612305e-01,-1.000000000000000000e+00,-8.733338713645935059e-01
4.262139797210693359e-01,-8.539804816246032715e-01,1.000000000000000000e+00
1.000000000000000000e+00,8.789478540420532227e-01,-3.888856172561645508e-01
-1.000000000000000000e+00,-9.381204247474670410e-01,-7.681986093521118164e-01
-3.868622183799743652e-01,1.000000000000000000e+00,-1.177543997764587402e-01
9.496717453002929688e-01,-1.000000000000000000e+00,-1.057760715484619141e-01
5.801970958709716797e-01,-7.721232175827026367e-01,1.000000000000000000e+00
-1.000000000000000000e+00,-7.404695153236389160e-01,-4.186408519744873047e-01
7.364207506179809570e-01,-7.934250235557556152e-01,-1.000000000000000000e+00
1.000000000000000000e+00,3.111929893493652344e-01,3.001186847686767578e-01
-5.152853727340698242e-01,-7.525725364685058594e-01,-1.000000000000000000e+00
1.000000000000000000e+00,-6.838458776473999023e-02,-2.770805358886718750e-02
-3.581492304801940918e-01,-2.486705183982849121e-01,-1.000000000000000000e+00
-9.458743929862976074e-01,-9.864563941955566406e-01,1.000000000000000000e+00
-8.248370885848999023e-02,-5.183950662612915039e-01,-1.000000000000000000e+00
5.893671512603759766e-01,1.000000000000000000e+00,-5.066015124320983887e-01
1.000000000000000000e+00,7.318495512008666992e-01,-9.682349562644958496e-01
-1.000000000000000000e+00,-2.314659357070922852e-01,-6.118496060371398926e-01
-5.402185916900634766e-01,6.005877256393432617e-01,-1.000000000000000000e+00
4.697382450103759766e-02,-1.000000000000000000e+00,4.964846372604370117e-01
-4.291486740112304688e-01,-1.000000000000000000e+00,6.470994949340820312e-01
5.407906770706176758e-01,-1.000000000000000000e+00,6.810730695724487305e-01
-9.188169240951538086e-01,5.690650939941406250e-01,1.000000000000000000e+00
1.000000000000000000e+00,-5.410240888595581055e-01,-4.763090014457702637e-01
-2.160093188285827637e-01,1.000000000000000000e+00,-7.288089394569396973e-01
9.165983200073242188e-01,-1.000000000000000000e+00,2.435883283615112305e-01
-4.930355548858642578e-01,1.000000000000000000e+00,4.271516799926757812e-01
1.000000000000000000e+00,6.179922819137573242e-01,-5.516430139541625977e-01
6.010446548461914062e-01,1.000000000000000000e+00,-4.244699478149414062e-01
-7.785331606864929199e-01,-1.000000000000000000e+00,-8.262351155281066895e-01
1.000000000000000000e+00,-4.424074888229370117e-01,4.953842163085937500e-01
2.229501008987426758e-01,9.624352455139160156e-01,-1.000000000000000000e+00
-5.997791290283203125e-01,-1.265450119972229004e-01,-1.000000000000000000e+00
-4.491363763809204102e-01,-4.982623457908630371e-01,-1.000000000000000000e+00
-9.880262613296508789e-02,9.924705028533935547e-01,-1.000000000000000000e+00
3.196077346801757812e-01,-4.323342442512512207e-01,1.000000000000000000e+00
-2.619207501411437988e-01,-6.440498828887939453e-01,1.000000000000000000e+00
1.000000000000000000e+00,-3.780503869056701660e-01,4.012870788574218750e-01
-1.000000000000000000e+00,7.221405506134033203e-01,-8.272781372070312500e-01
-7.363101243972778320e-01,-7.423450946807861328e-01,1.000000000000000000e+00
7.356721162796020508e-01,-9.588865041732788086e-01,1.000000000000000000e+00
9.441988468170166016e-01,-1.000000000000000000e+00,-2.232430577278137207e-01
1.000000000000000000e+00,7.115204334259033203e-01,2.736222743988037109e-02
3.218928575515747070e-01,1.000000000000000000e+00,9.435948133468627930e-01
-1.000000000000000000e+00,5.648282766342163086e-01,6.696906089782714844e-01
3.518189191818237305e-01,-1.958382725715637207e-01,1.000000000000000000e+00
-1.531736850738525391e-01,4.483182430267333984e-01,-1.000000000000000000e+00
1.960034370422363281e-01,9.345848560333251953e-01,1.000000000000000000e+00
1.260333061218261719e-01,1.000000000000000000e+00,-1.645287871360778809e-01
-7.806152105331420898e-02,2.338660955429077148e-01,-1.000000000000000000e+00
-5.723382234573364258e-01,6.079504489898681641e-01,-1.000000000000000000e+00
-1.000000000000000000e+00,7.704738378524780273e-01,4.091595411300659180e-01
1.000000000000000000e+00,-5.307361483573913574e-01,9.451838731765747070e-01
1.170719861984252930e-01,1.000000000000000000e+00,-3.157669305801391602e-01
-3.680390119552612305e-02,-1.000000000000000000e+00,1.165875196456909180e-01
-7.603254318237304688e-01,-1.000000000000000000e+00,-3.671749234199523926e-01
1.000000000000000000e+00,-5.899077057838439941e-01,-4.586172103881835938e-01
-2.269425392150878906e-01,-6.634550094604492188e-01,1.000000000000000000e+00
6.468137502670288086e-01,-9.574878215789794922e-01,1.000000000000000000e+00
-1.000000000000000000e+00,5.792622566223144531e-01,1.292321681976318359e-01
-1.000000000000000000e+00,5.930465459823608398e-01,-4.886919260025024414e-01
-1.000000000000000000e+00,-7.351657152175903320e-01,5.921967029571533203e-01
5.167875289916992188e-01,-7.843989133834838867e-01,1.000000000000000000e+00
1.000000000000000000e+00,1.805485486984252930e-01,-2.163062691688537598e-01
-8.836517333984375000e-01,-7.688628435134887695e-01,-1.000000000000000000e+00
9.258226156234741211e-01,3.255529403686523438e-01,1.000000000000000000e+00
1.000000000000000000e+00,-2.854674458503723145e-01,-9.159239530563354492e-01
-1.000000000000000000e+00,-6.457726955413818359e-01,-9.588220119476318359e-01
-1.000000000000000000e+00,1.296329498291015625e-01,-6.322688460350036621e-01
1.000000000000000000e+00,-2.408662438392639160e-01,-1.799831390380859375e-01
-1.000000000000000000e+00,9.461425542831420898e-01,1.670722961425781250e-01
1.000000000000000000e+00,5.847321748733520508e-01,1.322729587554931641e-01
-9.526768922805786133e-01,-4.165934920310974121e-01,1.085177659988403320e-01
-2.383721470832824707e-01,8.230068683624267578e-01,9.237725734710693359e-01
-6.411463022232055664e-01,8.233354091644287109e-01,8.826398849487304688e-01
-6.301383972167968750e-01,2.415689229965209961e-01,8.935525417327880859e-01
1.715576648712158203e-01,-2.170528769493103027e-01,-1.683777570724487305e-01
-6.872475147247314453e-01,-3.651227355003356934e-01,1.041889190673828125e-03
-7.845008373260498047e-02,1.752049922943115234e-01,5.124733448028564453e-01
7.324010133743286133e-01,6.980538368225097656e-01,2.673211097717285156e-01
3.218008279800415039e-01,-3.293267488479614258e-01,6.420931816101074219e-01
-3.315406441688537598e-01,8.049660921096801758e-01,-2.908564209938049316e-01
-9.542971849441528320e-02,9.796575307846069336e-01,8.705116510391235352e-01
8.350824117660522461e-01,3.993479013442993164e-01,-5.386257171630859375e-01
5.820691585540771484e-01,7.411937713623046875e-01,9.109585285186767578e-01
2.700861692428588867e-01,-1.149288415908813477e-01,3.936207294464111328e-01
-2.095853090286254883e-01,-7.425776720046997070e-01,9.288319349288940430e-01
3.609673976898193359e-01,6.167855262756347656e-01,8.239192962646484375e-01
7.787187099456787109e-01,3.741757869720458984e-01,-2.844908833503723145e-01
-4.255846142768859863e-01,7.488895654678344727e-01,8.667823076248168945e-01
-8.685314655303955078e-02,-8.054288029670715332e-01,-4.825560450553894043e-01
-7.049905061721801758e-01,-2.982354164123535156e-01,9.040212631225585938e-02
-6.330598592758178711e-01,3.945411443710327148e-01,-6.095710992813110352e-01
6.333410739898681641e-02,-1.108816266059875488e-01,4.987912178039550781e-01
-7.402712106704711914e-01,-7.209661602973937988e-01,4.337466955184936523e-01
-3.181579709053039551e-01,-9.829705953598022461e-01,-4.300653338432312012e-01
-6.179788112640380859e-01,4.900009632110595703e-01,-2.579836845397949219e-01
-2.002865076065063477e-01,-2.919697165489196777e-01,-4.058670997619628906e-02
4.784380197525024414e-01,9.853218793869018555e-01,-2.677087187767028809e-01
-5.917637348175048828e-01,-8.221225142478942871e-01,2.203879356384277344e-01
4.245958328247070312e-01,2.501626014709472656e-01,5.813101530075073242e-01
4.083969593048095703e-01,3.444312810897827148e-01,-3.837547302246093750e-01
4.396516084671020508e-01,2.014176845550537109e-01,1.435471773147583008e-01
-2.070161700248718262e-01,-1.133597493171691895e-01,-9.805535078048706055e-01
2.268160581588745117e-01,7.024358510971069336e-01,-6.652385592460632324e-01
3.079692125320434570e-01,4.855767488479614258e-01,7.585521936416625977e-01
-2.721922397613525391e-01,-2.192460894584655762e-01,-8.504077196121215820e-01
5.007017850875854492e-01,-9.672728776931762695e-01,3.666176795959472656e-01
6.970938444137573242e-01,6.781501770019531250e-01,9.073626995086669922e-02
-2.723139524459838867e-02,5.104889869689941406e-01,8.301810026168823242e-01
-9.706895351409912109e-01,4.181809425354003906e-01,-3.356360793113708496e-01
-3.771222233772277832e-01,-7.204593420028686523e-01,6.895306110382080078e-01
-4.394533038139343262e-01,-9.971621632575988770e-01,7.208943367004394531e-03
-9.461436271667480469e-01,6.634831428527832031e-01,-4.130564928054809570e-01
7.808411121368408203e-02,5.526803731918334961e-01,-1.171762943267822266e-01
1.742458343505859375e-02,-2.894998788833618164e-01,-7.190673351287841797e-01
9.457732439041137695e-01,-6.973540782928466797e-02,-8.892300128936767578e-01
-3.512316942214965820e-01,-7.784352302551269531e-01,1.713895797729492188e-01
6.838414669036865234e-01,-3.392434120178222656e-01,3.638265132904052734e-01
-9.636129140853881836e-01,-7.559473514556884766e-01,-2.289923429489135742e-01
9.143015146255493164e-01,9.221571683883666992e-01,-4.022097587585449219e-01
5.210878849029541016e-01,9.628510475158691406e-01,-1.781407594680786133e-01
3.017168045043945312e-01,-4.210155606269836426e-01,-8.735559582710266113e-01
-2.750720381736755371e-01,8.949097394943237305e-01,-5.198072791099548340e-01
9.917807579040527344e-02,-9.737356901168823242e-01,-7.034522891044616699e-01
6.832287311553955078e-01,2.527158260345458984e-01,2.093446254730224609e-02
-8.742261528968811035e-01,-9.337548613548278809e-01,6.404899358749389648e-01
6.041916608810424805e-01,-1.104615330696105957e-01,-5.945831537246704102e-02
-2.180371284484863281e-01,-2.555462121963500977e-01,1.097112894058227539e-01
-9.828648567199707031e-01,7.901195287704467773e-01,-9.970318675041198730e-01
4.889284372329711914e-01,1.760914325714111328e-01,6.269469261169433594e-01
1.686961650848388672e-01,3.791611194610595703e-01,1.050581932067871094e-01
-1.355852484703063965e-01,7.021737098693847656e-01,-8.240734338760375977e-01
4.077398777008056641e-01,-2.449790835380554199e-01,7.478756904602050781e-01
-2.893906831741333008e-02,-6.518359184265136719e-01,-5.501748323440551758e-01
7.662978172302246094e-01,-5.545574426651000977e-02,-1.699259877204895020e-01
1.849588155746459961e-01,-9.082753062248229980e-01,-9.011567234992980957e-01
3.661831617355346680e-01,-2.746607065200805664e-01,2.373806238174438477e-01
3.962104320526123047e-01,-9.063985943794250488e-01,7.948760986328125000e-01
4.400748014450073242e-01,-1.300465464591979980e-01,6.789277791976928711e-01
-7.773493528366088867e-01,6.666952371597290039e-01,-7.844352722167968750e-01
3.575936555862426758e-01,4.891252517700195312e-01,-6.942095756530761719e-01
-8.407902121543884277e-01,2.074983119964599609e-01,-9.750843048095703125e-03
7.810139656066894531e-02,-5.785760879516601562e-01,-4.701351523399353027e-01
2.959831953048706055e-01,2.467532157897949219e-01,-2.306475639343261719e-01
3.578921556472778320e-01,1.390533447265625000e-01,8.108592033386230469e-01
-6.839519739151000977e-02,6.371111869812011719e-01,-2.427489161491394043e-01
-6.143217086791992188e-01,9.616450071334838867e-01,-4.684650301933288574e-01
-8.453934192657470703e-01,-4.974300861358642578e-01,2.612586021423339844e-01
6.715202331542968750e-02,4.157408475875854492e-01,2.582707405090332031e-01
-5.819246172904968262e-01,6.841053962707519531e-01,5.828230381011962891e-01
-3.368557691574096680e-01,8.654735088348388672e-01,-3.396379947662353516e-02
3.302875757217407227e-01,-5.753815174102783203e-03,-9.255186319351196289e-01
3.780850172042846680e-01,6.909401416778564453e-01,-7.139772176742553711e-01
9.829884767532348633e-01,4.174757003784179688e-01,2.063106298446655273e-01
6.391432285308837891e-01,-2.123313546180725098e-01,7.612221240997314453e-01
5.467903614044189453e-02,-4.940553307533264160e-01,-5.323259830474853516e-01
2.507947683334350586e-01,9.642382860183715820e-01,5.624234676361083984e-01
4.070876836776733398e-01,-5.042803287506103516e-01,9.336793422698974609e-02
-1.385757327079772949e-01,4.004043340682983398e-01,-3.353736400604248047e-01
3.801672458648681641e-01,-5.690865516662597656e-01,4.688326120376586914e-01
6.175177097320556641e-01,5.324093103408813477e-01,7.586492300033569336e-01
6.195194721221923828e-01,-1.662362813949584961e-01,-1.479075551033020020e-01
-8.143187165260314941e-01,7.047046422958374023e-01,5.830562114715576172e-02
8.499711751937866211e-01,5.883935689926147461e-01,9.543728828430175781e-01
-9.270564317703247070e-01,4.861961603164672852e-01,1.633558273315429688e-01
6.996182203292846680e-01,9.044610261917114258e-01,-9.014281630516052246e-01
6.703681945800781250e-01,5.508056879043579102e-01,-6.598232984542846680e-01
-9.410673975944519043e-01,-8.867580294609069824e-01,8.212373256683349609e-01
9.759013652801513672e-01,5.022270679473876953e-01,-4.514642953872680664e-01
1.037102937698364258e-01,-6.800423264503479004e-01,-5.686457753181457520e-01
1.286013126373291016e-01,3.729462623596191406e-02,4.518963098526000977e-01
-5.439497232437133789e-01,6.839071512222290039e-01,-9.603790640830993652e-01
7.392189502716064453e-01,-8.513599634170532227e-01,6.523859500885009766e-01
8.233169317245483398e-01,3.884235620498657227e-01,-9.285337924957275391e-01
-2.505921125411987305e-01,6.132857799530029297e-01,6.931816339492797852e-01
-7.190421223640441895e-01,-3.601279854774475098e-01,-4.325647950172424316e-01
-6.986244916915893555e-01,-2.556864619255065918e-01,-5.343967676162719727e-01
1.750886440277099609e-02,6.561923027038574219e-01,-1.891129612922668457e-01
-8.702998161315917969e-01,-7.585919499397277832e-01,-1.705917716026306152e-01
5.851424932479858398e-01,-7.376664876937866211e-02,2.401083707809448242e-01
8.163501024246215820e-01,8.270983695983886719e-01,-1.428916454315185547e-01
-4.146046042442321777e-01,7.985345125198364258e-01,4.616007804870605469e-01
5.710072517395019531e-01,8.282315731048583984e-01,9.183652400970458984e-01
-2.986683249473571777e-01,9.886667728424072266e-01,-9.326450228691101074e-01
-3.276635408401489258e-01,-7.494294643402099609e-01,-8.076809644699096680e-01
-9.015720486640930176e-01,1.066337823867797852e-01,-9.025275707244873047e-02
1.581662893295288086e-01,4.590965509414672852e-01,-4.521592855453491211e-01
8.049542903900146484e-01,-1.941958665847778320e-01,2.285940647125244141e-01
4.607484340667724609e-01,4.718016386032104492e-01,4.676371812820434570e-01
4.737995862960815430e-01,7.239499092102050781e-01,-4.148342013359069824e-01
8.755959272384643555e-01,7.160404920578002930e-01,-1.387680768966674805e-01
-8.476849794387817383e-01,-2.805277109146118164e-01,6.200718879699707031e-02
-9.897264838218688965e-01,-1.353142261505126953e-01,3.729077577590942383e-01
-5.933445692062377930e-01,-2.592324614524841309e-01,4.554129838943481445e-01
-8.263999223709106445e-01,-9.369457364082336426e-01,2.754189968109130859e-01
-4.769520759582519531e-01,5.311872959136962891e-01,8.184188604354858398e-01
-9.855347871780395508e-01,-9.783732891082763672e-01,-6.618233919143676758e-01
1.941876411437988281e-01,-1.560351252555847168e-01,-3.360089063644409180e-01
8.292297124862670898e-01,-1.032219529151916504e-01,7.237350940704345703e-02
9.194082021713256836e-01,6.900537014007568359e-01,-8.293555974960327148e-01
1.667628288269042969e-01,2.259750366210937500e-01,2.205061912536621094e-02
-4.651587009429931641e-01,-2.925170660018920898e-01,6.626805067062377930e-01
5.440218448638916016e-01,-5.274271965026855469e-01,-4.555225372314453125e-03
-1.623812317848205566e-01,5.966615676879882812e-01,-9.204524755477905273e-02
9.082304239273071289e-01,-8.694800734519958496e-01,7.331937551498413086e-01
2.454015016555786133e-01,4.878027439117431641e-01,5.873090028762817383e-01
-7.368881702423095703e-01,-7.870851755142211914e-01,5.557239055633544922e-02
-3.032194375991821289e-01,-5.562976598739624023e-01,-4.928563833236694336e-01
6.294965744018554688e-03,1.775901317596435547e-01,-5.650425553321838379e-01
-2.714502811431884766e-01,-5.665577650070190430e-01,-4.960302710533142090e-01
-2.278891205787658691e-01,1.700818538665771484e-02,-9.949283003807067871e-01
-5.974482893943786621e-01,-2.846455574035644531e-02,5.611912012100219727e-01
2.739944458007812500e-01,-1.308138966560363770e-01,2.926161289215087891e-01
-1.594752073287963867e-01,9.525653123855590820e-01,3.327934741973876953e-01
2.619451284408569336e-01,-4.519689083099365234e-02,4.090392589569091797e-01
9.124689102172851562e-01,-1.569887995719909668e-01,2.090454101562500000e-03
-3.213047385215759277e-01,2.039285898208618164e-01,-5.185263156890869141e-01
8.013498783111572266e-01,4.399397373199462891e-01,-6.164313554763793945e-01
-5.590581893920898438e-02,3.966189622879028320e-01,-8.899569511413574219e-01
9.641741514205932617e-01,-1.937250494956970215e-01,-4.982950687408447266e-01
3.960582017898559570e-01,6.329047679901123047e-01,6.483949422836303711e-01
8.959442377090454102e-01,-6.347903013229370117e-01,-1.008174419403076172e-01
6.937764883041381836e-01,-4.048514962196350098e-01,-8.084291815757751465e-01
-3.288803100585937500e-01,1.685349941253662109e-01,-5.813249349594116211e-01
1.394562721252441406e-01,-4.432282447814941406e-01,-5.037020444869995117e-01
4.335454702377319336e-01,-2.444022297859191895e-01,2.603825330734252930e-01
2.604991197586059570e-01,-2.553217411041259766e-01,3.328847885131835938e-02
4.629658460617065430e-01,-7.784795165061950684e-01,4.334491491317749023e-01
-6.113088130950927734e-02,-3.311527371406555176e-01,6.271247863769531250e-01
-8.298470377922058105e-01,7.578241825103759766e-02,-7.440580725669860840e-01
5.984107255935668945e-01,4.064170122146606445e-01,-9.597385525703430176e-01
1.033539772033691406e-01,3.084068298339843750e-01,-3.624588847160339355e-01
-4.999024271965026855e-01,-5.912568569183349609e-01,9.804677963256835938e-02
1.370730400085449219e-01,-8.434029817581176758e-01,-8.539147377014160156e-01
9.630180597305297852e-01,6.061466932296752930e-01,-2.218096852302551270e-01
3.871101140975952148e-01,-6.745054125785827637e-01,9.941592216491699219e-01
-8.014773130416870117e-01,5.847756862640380859e-01,4.757261276245117188e-02
-2.006510496139526367e-01,-6.027659773826599121e-01,6.131627559661865234e-01
1.823160648345947266e-01,-2.379289269447326660e-01,5.998955965042114258e-01
-1.205409765243530273e-01,-1.756585240364074707e-01,8.965512514114379883e-01
4.375445842742919922e-02,1.002180576324462891e-02,6.094825267791748047e-01
-3.785390853881835938e-01,-9.897851943969726562e-02,-4.650278091430664062e-01
-1.393854618072509766e-02,-1.819136142730712891e-01,6.824960708618164062e-01
-4.878944158554077148e-02,-4.280784130096435547e-01,3.597444295883178711e-01
-8.513056635856628418e-01,1.751375198364257812e-02,-3.024238348007202148e-02
9.337718486785888672e-01,7.376670837402343750e-02,-6.847657561302185059e-01
-8.253883123397827148e-01,7.257974147796630859e-02,5.704127550125122070e-01
-3.101669549942016602e-01,-8.932451009750366211e-01,6.193281412124633789e-01
-9.907931089401245117e-01,2.141169309616088867e-01,2.432689666748046875e-01
-1.992619037628173828e-01,-8.206622600555419922e-01,5.013295412063598633e-01
2.894668579101562500e-01,8.055667877197265625e-01,9.870518445968627930e-01
-6.211639046669006348e-01,2.268437147140502930e-01,-7.003290653228759766e-01
6.062530279159545898e-01,3.190435171127319336e-01,-3.242545127868652344e-01
-9.312289953231811523e-02,-5.742038488388061523e-01,4.977020025253295898e-01
-4.155292510986328125e-01,5.517314672470092773e-01,1.455370187759399414e-01
5.320891141891479492e-01,4.158837795257568359e-01,-9.294329285621643066e-01
7.563090324401855469e-02,2.006626129150390625e-02,-7.833776473999023438e-01
-8.442835807800292969e-01,-7.433191537857055664e-01,2.783038616180419922e-01
-9.327283501625061035e-01,-4.769783616065979004e-01,-9.120429754257202148e-01
5.173456668853759766e-01,9.807714223861694336e-01,8.016283512115478516e-01
7.472081184387207031e-01,-5.138983726501464844e-01,-7.257788181304931641e-01
-1.764635443687438965e-01,6.137166023254394531e-01,-7.794891595840454102e-01
2.903780937194824219e-01,8.335177898406982422e-01,-7.281498908996582031e-01
-6.266225576400756836e-01,6.028207540512084961e-01,7.596871852874755859e-01
-9.591955542564392090e-01,1.425552368164062500e-01,-8.877362012863159180e-01
-7.883148789405822754e-01,7.514343261718750000e-01,5.006670951843261719e-03
9.754278659820556641e-01,-3.559703826904296875e-01,6.589306592941284180e-01
-5.442130565643310547e-02,1.244798898696899414e-01,5.551434755325317383e-01
-3.632060885429382324e-01,2.279607057571411133e-01,-1.872339844703674316e-01
-4.514264464378356934e-01,2.464932203292846680e-01,-6.787197589874267578e-01
-6.751583814620971680e-01,-4.699283838272094727e-02,7.195169925689697266e-01
9.230101108551025391e-02,7.828911542892456055e-01,2.923215627670288086e-01
-5.534694194793701172e-01,-8.906953334808349609e-01,-6.719708442687988281e-03
7.938603162765502930e-01,-1.656338572502136230e-01,9.891818761825561523e-01
-1.382397413253784180e-01,2.144372463226318359e-01,-6.114634275436401367e-01
2.746516466140747070e-01,2.334021329879760742e-01,-9.611173868179321289e-01
7.500723600387573242e-01,-3.710124492645263672e-01,3.270672559738159180e-01
-2.755249738693237305e-01,1.584819555282592773e-01,-4.905725717544555664e-01
-2.486269474029541016e-01,-1.224812269210815430e-01,-8.985232114791870117e-01
4.812129735946655273e-01,4.551018476486206055e-01,-7.162318229675292969e-01
2.075371742248535156e-01,-7.505037784576416016e-01,-2.940573692321777344e-01
-5.872299671173095703e-01,-3.133617043495178223e-01,4.293899536132812500e-01
4.710317850112915039e-01,4.033607244491577148e-01,-2.649862766265869141e-01
1.773667335510253906e-02,6.115186214447021484e-02,1.286275386810302734e-01
5.329345464706420898e-01,9.124310016632080078e-01,7.166504859924316406e-01
6.944553852081298828e-01,-5.829881429672241211e-01,-7.228290438652038574e-01
-3.738685250282287598e-01,6.126306056976318359e-01,-4.769920706748962402e-01
-4.585498571395874023e-01,-7.346975803375244141e-01,7.091652154922485352e-01
-9.751135110855102539e-01,9.922158718109130859e-01,1.720559597015380859e-02
-5.972722768783569336e-01,9.913964271545410156e-01,8.343147039413452148e-01
3.043329715728759766e-01,1.856604814529418945e-01,5.569022893905639648e-01
9.584703445434570312e-01,-9.691463112831115723e-01,-3.296357989311218262e-01
4.570546150207519531e-01,8.532336950302124023e-01,-5.381429195404052734e-02
4.957501888275146484e-01,-4.327493309974670410e-01,-3.312196731567382812e-01
-1.682695746421813965e-01,-4.405767917633056641e-01,-2.862336635589599609e-01
-7.890659570693969727e-01,-4.371900558471679688e-01,-6.088107824325561523e-01
9.597990512847900391e-01,4.210566282272338867e-01,-5.323767662048339844e-02
-4.382314085960388184e-01,8.285102844238281250e-01,5.080749988555908203e-01
5.620537996292114258e-01,-5.429311990737915039e-01,-9.574875831604003906e-01
-8.523284196853637695e-01,-2.212268114089965820e-01,6.905821561813354492e-01
-2.237876057624816895e-01,9.429490566253662109e-02,-5.136814117431640625e-01
-2.660228013992309570e-01,-6.620711088180541992e-02,-9.010590314865112305e-01
-2.747097015380859375e-01,-3.048497438430786133e-02,1.661061048507690430e-01
7.606794834136962891e-01,2.966791391372680664e-01,-6.941045522689819336e-01
-9.835226535797119141e-01,2.181638479232788086e-01,2.546893358230590820e-01
-2.720654010772705078e-03,-6.054281592369079590e-01,7.837657928466796875e-01
5.129414796829223633e-01,-6.958663463592529297e-03,8.983207941055297852e-01
-1.292165517807006836e-01,3.756417036056518555e-01,-7.173281908035278320e-02
9.765173196792602539e-01,2.337861061096191406e-02,-1.055206656455993652e-01
-3.445016145706176758e-01,-6.757546663284301758e-01,-4.742859601974487305e-01
-2.328231334686279297e-01,1.118123531341552734e-01,3.725906610488891602e-01
6.522825956344604492e-01,9.732005596160888672e-01,-4.587768316268920898e-01
6.086040735244750977e-01,-3.318735361099243164e-01,-8.864228725433349609e-01
4.105241298675537109e-01,2.020095586776733398e-01,2.081000804901123047e-01
4.429141283035278320e-01,2.340314388275146484e-01,-8.843435049057006836e-01
-6.225288510322570801e-01,2.675974369049072266e-01,5.787613391876220703e-01
7.194638252258300781e-02,4.812574386596679688e-01,-7.493895292282104492e-01
-1.543493270874023438e-01,4.207193851470947266e-01,-8.551174998283386230e-01
5.997697114944458008e-01,9.749888181686401367e-01,2.507786750793457031e-01
-6.264231204986572266e-01,-1.918118596076965332e-01,5.599733591079711914e-01
-6.924325823783874512e-01,-7.033084630966186523e-01,-5.777475237846374512e-01
-4.664742350578308105e-01,-1.747861504554748535e-01,-3.480446934700012207e-01
5.754380226135253906e-01,-7.075268030166625977e-01,-1.262610554695129395e-01
1.858973503112792969e-01,5.144436359405517578e-01,-7.421244382858276367e-01
-5.476751327514648438e-01,-1.277680397033691406e-01,-4.472718238830566406e-01
9.265615940093994141e-01,6.764267683029174805e-01,5.913269519805908203e-01
7.615691423416137695e-01,5.736083984375000000e-01,2.075250148773193359e-01
3.579599857330322266e-01,8.361479043960571289e-01,6.972492933273315430e-01
-8.941838145256042480e-01,-8.717991113662719727e-01,5.108518600463867188e-01
9.221298694610595703e-01,3.668632507324218750e-01,6.356451511383056641e-01
6.368101835250854492e-01,7.363848686218261719e-01,-3.137376904487609863e-01
6.415210962295532227e-01,8.405731916427612305e-01,3.418886661529541016e-01
-1.229247450828552246e-01,-7.998765707015991211e-01,-4.053308367729187012e-01
8.895246982574462891e-01,4.110670089721679688e-01,-3.131144642829895020e-01
3.688256740570068359e-01,8.001924753189086914e-01,-8.320304751396179199e-01
-4.116342663764953613e-01,-6.222686767578125000e-01,-1.153661012649536133e-01
-6.862169504165649414e-02,9.524723291397094727e-01,-5.550014376640319824e-01
9.941886663436889648e-01,7.447354793548583984e-01,5.692034959793090820e-01
4.306025505065917969e-01,8.377043008804321289e-01,-3.832065463066101074e-01
9.032760858535766602e-01,3.547847270965576172e-01,-1.381013989448547363e-01
-4.183492064476013184e-01,4.368298053741455078e-01,3.331890106201171875e-01
2.327857017517089844e-01,-2.535930871963500977e-01,1.415213346481323242e-01
-8.901450634002685547e-01,6.856822967529296875e-01,-8.814749121665954590e-01
8.608254194259643555e-01,-5.691791772842407227e-01,-1.659169793128967285e-01
7.584127187728881836e-01,-6.165043115615844727e-01,1.486893892288208008e-01
4.589860439300537109e-01,5.909843444824218750e-01,-2.199351191520690918e-01
5.152885913848876953e-01,7.480391263961791992e-01,-8.208056092262268066e-01
-2.926275134086608887e-01,-1.446435451507568359e-01,1.940982341766357422e-01
2.809587717056274414e-01,-8.554631471633911133e-02,1.756287813186645508e-01
-3.973365426063537598e-01,-8.035387992858886719e-01,4.282789230346679688e-01
5.192481279373168945e-01,2.239863872528076172e-01,-2.693524956703186035e-01
-4.543527364730834961e-01,-4.587466716766357422e-01,-1.560903787612915039e-01
2.304288148880004883e-01,8.448265790939331055e-01,1.490784883499145508e-01
-5.323947072029113770e-01,5.865293741226196289e-01,-3.148784637451171875e-01
-8.259019851684570312e-01,3.996613025665283203e-01,-9.200963377952575684e-01
4.495341777801513672e-01,-9.006590247154235840e-01,-5.915641784667968750e-01
3.078358173370361328e-01,6.015917062759399414e-01,-7.978696227073669434e-01
-7.699223756790161133e-01,5.814915895462036133e-01,-2.695280313491821289e-01
-2.404443621635437012e-01,-8.535301685333251953e-02,6.366961002349853516e-01
6.371392011642456055e-01,5.516575574874877930e-01,8.523926734924316406e-01
-2.270809412002563477e-01,3.121078014373779297e-01,-8.202165365219116211e-01
3.854106664657592773e-01,-9.168087244033813477e-01,2.174043655395507812e-01
-9.684658050537109375e-01,-5.146801471710205078e-03,7.039685249328613281e-01
-9.315785169601440430e-01,-1.299305558204650879e-01,-2.780153751373291016e-01
1.446427106857299805e-01,-5.842766761779785156e-01,2.984679937362670898e-01
8.612717390060424805e-01,-8.982797861099243164e-01,9.986252784729003906e-01
6.815994977951049805e-01,8.019500970840454102e-01,-2.510199546813964844e-01
-3.280908465385437012e-01,6.619020700454711914e-01,5.555706024169921875e-01
-1.810510158538818359e-01,-6.667137742042541504e-01,5.167608261108398438e-01
6.078259944915771484e-01,4.307143688201904297e-01,-6.478661298751831055e-01
-6.736218929290771484e-03,-6.459571123123168945e-01,-3.302820324897766113e-01
-3.233203291893005371e-01,-8.740681409835815430e-02,5.100983381271362305e-01
-4.385073184967041016e-01,1.437687873840332031e-02,6.546374559402465820e-01
4.300378561019897461e-01,-9.568277001380920410e-01,-8.468784093856811523e-01
2.131628990173339844e-01,-1.398875117301940918e-01,2.621564865112304688e-01
3.300113677978515625e-01,-3.547328710556030273e-02,1.235461235046386719e-01
-2.628011107444763184e-01,-8.070712685585021973e-01,-1.102406382560729980e-01
-6.464266777038574219e-02,-3.465372920036315918e-01,-3.179826140403747559e-01
-8.771498203277587891e-01,3.033001422882080078e-01,-9.623169898986816406e-02
-5.919823050498962402e-01,8.729776144027709961e-01,4.010766744613647461e-01
1.240280866622924805e-01,4.245430231094360352e-01,-2.291332483291625977e-01
6.166642904281616211e-01,-1.619647145271301270e-01,3.716413974761962891e-01
-1.101171970367431641e-02,5.339645147323608398e-01,6.413321495056152344e-01
-3.941055536270141602e-01,2.006194591522216797e-01,-3.981742262840270996e-01
-3.633868694305419922e-01,7.698072195053100586e-01,5.265359878540039062e-01
-9.267480969429016113e-01,-5.834163427352905273e-01,-4.223916530609130859e-01
-3.092665672302246094e-01,1.285330057144165039e-01,-9.247901439666748047e-01
5.533064603805541992e-01,-7.616680860519409180e-02,4.258328676223754883e-01
-9.362794160842895508e-01,-2.294307351112365723e-01,1.416645050048828125e-01
8.244771957397460938e-01,8.640135526657104492e-01,9.692951440811157227e-01
-8.999856710433959961e-01,-7.880944013595581055e-01,9.856140613555908203e-01
1.732957363128662109e-02,2.602481842041015625e-01,8.551048040390014648e-01
-6.918553113937377930e-01,-3.787328600883483887e-01,1.998366117477416992e-01
2.821029424667358398e-01,-1.590747237205505371e-01,-4.569077491760253906e-02
2.302474975585937500e-01,-4.140077233314514160e-01,-2.335380911827087402e-01
-7.457252740859985352e-01,6.419088840484619141e-01,-9.527081251144409180e-02
3.442685604095458984e-01,-7.333660125732421875e-02,7.267664670944213867e-01
-2.240276336669921875e-01,-8.147448301315307617e-01,9.210462570190429688e-01
7.983380556106567383e-01,3.675287961959838867e-01,6.911600828170776367e-01
-6.924886703491210938e-01,-7.322800159454345703e-02,-4.174907207489013672e-01
-5.579144954681396484e-01,1.216251850128173828e-01,7.913068532943725586e-01
3.033363819122314453e-01,-9.952509999275207520e-01,2.938584089279174805e-01
6.231424808502197266e-01,-7.947266697883605957e-01,-3.473725318908691406e-01
-6.021267175674438477e-02,3.703653812408447266e-02,-3.127962350845336914e-01
6.280480623245239258e-01,-3.399896621704101562e-02,1.397492885589599609e-01
2.548518180847167969e-01,9.118036031723022461e-01,-1.076402664184570312e-01
-6.866900324821472168e-01,6.955329179763793945e-01,-9.519979953765869141e-01
-5.608173012733459473e-01,-7.159794569015502930e-01,6.319018602371215820e-01
-4.439219832420349121e-01,9.163310527801513672e-01,4.148211479187011719e-01
2.753268480300903320e-01,8.522357940673828125e-01,-4.171714186668395996e-01
7.161450386047363281e-02,-1.171910166740417480e-01,-1.289669275283813477e-01
9.717180728912353516e-01,-3.395047783851623535e-01,8.753858804702758789e-01
6.470848321914672852e-01,3.171023130416870117e-01,2.956957817077636719e-01
5.337507724761962891e-01,9.830522537231445312e-02,7.222704887390136719e-01
9.357023239135742188e-02,-8.475756645202636719e-01,3.391343355178833008e-01
-5.800120830535888672e-01,9.343838691711425781e-02,6.592333316802978516e-02
1.200926303863525391e-02,1.900756359100341797e-02,-1.017441153526306152e-01
-6.484671235084533691e-01,7.899641990661621094e-01,-7.184193134307861328e-01
1.748503446578979492e-01,4.334163665771484375e-01,-2.281547784805297852e-01
8.607211112976074219e-01,-8.952655196189880371e-01,9.235858917236328125e-03
3.407218456268310547e-01,-8.016300797462463379e-01,-1.614101529121398926e-01
-1.699441075325012207e-01,5.228945016860961914e-01,-3.212352395057678223e-01
1.861282587051391602e-01,9.834793806076049805e-01,-8.051738739013671875e-01
-2.897441387176513672e-01,6.522333621978759766e-02,8.653460741043090820e-01
4.133423566818237305e-01,6.867747306823730469e-01,3.877521753311157227e-01
-9.005119800567626953e-01,4.458603858947753906e-01,4.677428007125854492e-01
-6.052405834197998047e-01,6.532305479049682617e-01,3.754038810729980469e-01
5.268611907958984375e-01,-8.164809346199035645e-01,-7.954984903335571289e-01
5.211883783340454102e-01,-6.956118345260620117e-02,3.607672452926635742e-01
-4.564859867095947266e-01,-7.520967721939086914e-01,4.780988693237304688e-01
-6.922911405563354492e-01,4.170453548431396484e-01,4.445275068283081055e-01
-7.581148147583007812e-01,1.772615909576416016e-01,-8.802735805511474609e-01
-9.188501238822937012e-01,-2.692716121673583984e-01,-3.148137927055358887e-01
-4.123799204826354980e-01,3.397028446197509766e-01,3.520871400833129883e-01
7.064173221588134766e-01,-4.836414456367492676e-01,3.596826791763305664e-01
3.314930200576782227e-01,2.065175771713256836e-01,-3.120196461677551270e-01
6.284356117248535156e-01,7.333424091339111328e-01,-7.054632902145385742e-01
9.169518947601318359e-01,-1.481330990791320801e-01,-4.200772643089294434e-01
-9.032968282699584961e-01,6.825900077819824219e-02,-5.795705318450927734e-01
-2.354778647422790527e-01,8.788338899612426758e-01,4.105656147003173828e-01
6.777615547180175781e-01,5.733808279037475586e-01,3.317594528198242188e-01
8.194432258605957031e-01,6.867152452468872070e-01,4.615695476531982422e-01
7.341784238815307617e-01,-5.047845840454101562e-02,-3.246037960052490234e-01
-9.634584784507751465e-01,9.497085809707641602e-01,5.965690612792968750e-01
1.482725143432617188e-03,3.907027244567871094e-01,9.200941324234008789e-01
6.364440917968750000e-01,-9.163675904273986816e-01,1.153168678283691406e-01
9.543380737304687500e-01,-9.414429664611816406e-01,6.418035030364990234e-01
-3.014268279075622559e-01,-7.986579537391662598e-01,7.201230525970458984e-01
-6.888602972030639648e-01,1.836552619934082031e-01,-8.916300535202026367e-01
-1.657524704933166504e-01,6.875252723693847656e-02,3.910884857177734375e-01
-5.135533213615417480e-01,6.889759302139282227e-01,-9.383684396743774414e-02
-9.508920907974243164e-01,-4.166731834411621094e-01,2.950434684753417969e-01
-3.309190273284912109e-03,-2.072918415069580078e-01,8.132861852645874023e-01
7.273719310760498047e-01,9.455598592758178711e-01,2.529311180114746094e-01
-6.916841864585876465e-01,-1.523841023445129395e-01,-5.074170827865600586e-01
-9.576250314712524414e-01,9.973111152648925781e-01,4.361425638198852539e-01
-2.652023434638977051e-01,2.480357885360717773e-01,-6.556975245475769043e-01
7.211288213729858398e-01,-7.211921811103820801e-01,7.798259258270263672e-01
-5.942929983139038086e-01,-4.824250936508178711e-02,2.776896953582763672e-02
-4.473468661308288574e-01,-7.341957688331604004e-01,-9.472824335098266602e-01
7.161968946456909180e-01,-5.982261896133422852e-01,3.505412340164184570e-01
2.124552726745605469e-01,5.652414560317993164e-01,6.863988637924194336e-01
7.997931241989135742e-01,-6.656785011291503906e-01,6.638157367706298828e-01
4.515296220779418945e-01,-5.011280179023742676e-01,-2.230532169342041016e-01
9.350160360336303711e-01,6.811387538909912109e-01,6.074302196502685547e-01
-9.934878349304199219e-01,-8.818305730819702148e-01,-2.655541300773620605e-01
2.834863662719726562e-01,-1.551458835601806641e-01,-2.243965864181518555e-02
7.518073320388793945e-01,-9.002807736396789551e-01,-8.380068540573120117e-01
6.537462472915649414e-01,1.241171360015869141e-01,-4.204055070877075195e-01
6.684904098510742188e-01,-3.254947066307067871e-01,4.797400236129760742e-01
3.086724281311035156e-01,-9.172578454017639160e-01,6.424412727355957031e-01
9.822570085525512695e-01,1.018171310424804688e-01,2.115010023117065430e-01
5.555835962295532227e-01,8.136539459228515625e-01,7.876129150390625000e-01
4.094573259353637695e-01,-4.298430085182189941e-01,-7.918797731399536133e-01
-3.784656524658203125e-01,1.041363477706909180e-01,-9.694216251373291016e-01
4.259107112884521484e-01,-2.016514539718627930e-01,7.332224845886230469e-01
-2.639412283897399902e-01,7.092882394790649414e-01,3.389009237289428711e-01
2.712833881378173828e-02,9.663413763046264648e-01,5.540429353713989258e-01
-6.381636857986450195e-01,6.652449369430541992e-01,-9.324074387550354004e-01
-9.134368896484375000e-01,-9.702456593513488770e-01,-3.537072539329528809e-01
-5.026221275329589844e-01,-9.050956964492797852e-01,6.740638017654418945e-01
-3.601461648941040039e-01,5.617167949676513672e-01,5.666934251785278320e-01
-1.874479651451110840e-01,4.669314622879028320e-01,-2.527984380722045898e-01
-9.815964102745056152e-01,-8.589317798614501953e-01,-5.737057328224182129e-01
2.805981636047363281e-01,1.809313297271728516e-01,5.743750333786010742e-01
9.468477964401245117e-01,-4.589425325393676758e-01,-9.677141904830932617e-01
-7.027488946914672852e-01,5.654196739196777344e-01,-4.761065244674682617e-01
-8.071366548538208008e-01,8.048570156097412109e-02,9.436757564544677734e-01
6.739668846130371094e-01,3.866682052612304688e-01,8.910921812057495117e-01
4.072766304016113281e-01,3.701509237289428711e-01,8.035802841186523438e-01
8.125549554824829102e-01,1.619458198547363281e-01,8.570789098739624023e-01
-5.886609554290771484e-01,8.960080146789550781e-02,8.603476285934448242e-01
2.820019721984863281e-01,4.575347900390625000e-02,-1.596484780311584473e-01
1.181234121322631836e-01,-5.822666883468627930e-01,-3.512318730354309082e-01
5.270617008209228516e-01,1.981984376907348633e-01,3.174846172332763672e-01
-5.053562521934509277e-01,-2.875477671623229980e-01,8.678607940673828125e-01
-1.380072832107543945e-01,6.958665847778320312e-01,-5.524100065231323242e-01
2.338000535964965820e-01,-5.289008021354675293e-01,5.030870437622070312e-03
-4.252749681472778320e-02,-9.822332262992858887e-01,2.105733156204223633e-01
8.851982355117797852e-01,6.433868408203125000e-01,-1.221349835395812988e-01
9.418523311614990234e-01,8.607708215713500977e-01,-4.719164371490478516e-01
6.582752466201782227e-01,-5.226212739944458008e-01,-2.259712219238281250e-01
1.028009653091430664e-01,1.111853122711181641e-01,8.262262344360351562e-01
7.547346353530883789e-01,1.780223846435546875e-01,1.174640655517578125e-02
9.782699346542358398e-01,-2.125687599182128906e-01,-1.195890903472900391e-01
-6.899119615554809570e-01,-7.813462018966674805e-01,-2.449011802673339844e-02
6.764881610870361328e-01,-7.917109727859497070e-01,-8.760835528373718262e-01
1.582154035568237305e-01,-6.397314071655273438e-01,-9.449243545532226562e-01
8.845384120941162109e-01,8.811715841293334961e-01,6.576359272003173828e-01
-5.523017048835754395e-01,-8.087664842605590820e-01,9.426856040954589844e-01
-2.399502396583557129e-01,3.633340597152709961e-01,1.089473962783813477e-01
-4.532027244567871094e-02,5.886358022689819336e-01,-6.294190883636474609e-02
8.319860696792602539e-01,4.675873517990112305e-01,-3.668752312660217285e-01
-2.779567241668701172e-02,6.705706119537353516e-01,-5.350620746612548828e-01
6.957398653030395508e-01,-8.763486146926879883e-02,-7.964593172073364258e-02
-6.711115241050720215e-01,-9.467840194702148438e-03,-7.355912923812866211e-01
2.024239301681518555e-01,8.304997682571411133e-01,-9.946005940437316895e-01
7.059323787689208984e-02,-9.182442426681518555e-01,4.680985212326049805e-01
3.865516185760498047e-02,2.275454998016357422e-02,-4.357507228851318359e-01
4.272966384887695312e-01,-7.833349704742431641e-01,4.844503402709960938e-01
-1.713201403617858887e-01,3.700413703918457031e-01,-3.634774684906005859e-02
3.116477727890014648e-01,-8.291747570037841797e-01,-9.951186180114746094e-02
-9.942864179611206055e-01,-1.582238674163818359e-01,9.897868633270263672e-01
-2.076196670532226562e-01,9.294662475585937500e-01,-7.253831624984741211e-02
-3.686367869377136230e-01,1.636880636215209961e-01,-8.067166805267333984e-01
6.521368026733398438e-02,-2.457368969917297363e-01,-3.400650620460510254e-01
4.463964700698852539e-01,-6.771436929702758789e-01,-6.325629949569702148e-01
7.449245452880859375e-01,9.328272342681884766e-01,6.084493398666381836e-01
9.420968294143676758e-01,-1.898078918457031250e-01,1.526865959167480469e-01
3.945897817611694336e-01,7.735998630523681641e-01,-5.850286483764648438e-01
7.387539148330688477e-01,5.906217098236083984e-01,-5.452234745025634766e-01
-6.757726669311523438e-01,6.526751518249511719e-01,-7.880872488021850586e-01
6.288725137710571289e-01,-9.813264012336730957e-01,-2.510794997215270996e-01
-8.927014470100402832e-01,1.728808879852294922e-02,-8.786394000053405762e-01
-6.321688890457153320e-01,2.319687604904174805e-01,6.247662305831909180e-01
-8.147073984146118164e-01,-2.555705904960632324e-01,-5.515999197959899902e-01
8.031698465347290039e-01,-8.109258413314819336e-01,-9.941617846488952637e-01
-7.609486579895019531e-03,-5.426512956619262695e-01,-4.785198569297790527e-01
-5.331430435180664062e-01,9.990453720092773438e-02,6.305828094482421875e-01
2.761185169219970703e-01,7.822513580322265625e-01,2.633976936340332031e-02
-1.194608211517333984e-02,9.532856941223144531e-01,-9.270321130752563477e-01
-3.327678442001342773e-01,-3.816227912902832031e-01,-9.444653987884521484e-01
5.188417434692382812e-01,-7.741113901138305664e-01,7.641859054565429688e-01
9.298238754272460938e-01,6.418514251708984375e-02,-9.658317565917968750e-01
-5.983886122703552246e-01,6.373254060745239258e-01,-2.290107607841491699e-01
1.481181383132934570e-01,8.343118429183959961e-01,-2.886411547660827637e-01
7.792212963104248047e-01,-7.732424139976501465e-01,5.250370502471923828e-02
-8.388559818267822266e-01,3.440099954605102539e-01,-9.717307686805725098e-01
4.911885261535644531e-01,-5.068469643592834473e-01,-9.093241095542907715e-01
-5.344250202178955078e-01,-7.120925188064575195e-01,-2.743601202964782715e-01
3.115543127059936523e-01,6.710648536682128906e-02,7.166349887847900391e-02
4.891642332077026367e-01,-6.928609609603881836e-01,-7.820875048637390137e-01
-4.981178045272827148e-02,6.287243366241455078e-01,9.910937547683715820e-01
6.740595102310180664e-01,5.716836452484130859e-01,-3.589975833892822266e-01
6.219041347503662109e-01,4.632503986358642578e-01,-2.067387104034423828e-01
2.556775808334350586e-01,-9.206864237785339355e-01,1.303610801696777344e-01
1.033630371093750000e-01,-1.171874403953552246e-01,-5.471279025077819824e-01
-8.472437262535095215e-01,-5.982080698013305664e-01,7.210977077484130859e-01
-5.656690597534179688e-01,-4.364371299743652344e-02,-8.033935427665710449e-01
3.820596933364868164e-01,-3.937453627586364746e-01,-1.882576346397399902e-01
1.039154529571533203e-01,-3.824176788330078125e-01,4.711637496948242188e-01
-3.268278241157531738e-01,4.888616800308227539e-01,9.745336771011352539e-01
-6.432031393051147461e-01,9.830276966094970703e-01,5.414764881134033203e-01
5.842702388763427734e-01,-6.920835971832275391e-01,-3.273020982742309570e-01
-6.037282943725585938e-01,1.250946521759033203e-01,-5.197499394416809082e-01
1.394755840301513672e-01,-7.268435955047607422e-01,-1.466069817543029785e-01
6.680887937545776367e-01,6.455396413803100586e-01,-1.398621797561645508e-01
1.762431859970092773e-01,3.094272613525390625e-01,9.988672733306884766e-01
-8.900747895240783691e-01,-2.468218207359313965e-01,2.178183794021606445e-01
8.024797439575195312e-01,-6.217905879020690918e-01,5.881292819976806641e-01
-2.121155261993408203e-01,5.338108539581298828e-01,-8.760787248611450195e-01
-7.729605436325073242e-01,-4.103073477745056152e-01,-8.751254081726074219e-01
-2.266139984130859375e-01,4.863089323043823242e-01,1.041014194488525391e-01
-3.064042925834655762e-01,-8.915163278579711914e-01,-1.870785951614379883e-01
-2.064973711967468262e-01,4.735926389694213867e-01,1.949896812438964844e-01
1.317496299743652344e-01,6.201553344726562500e-01,9.586520195007324219e-01
-9.616895914077758789e-01,-7.525203227996826172e-01,-6.583518385887145996e-01
2.240960597991943359e-01,2.690273523330688477e-01,1.981289386749267578e-01
-8.833169341087341309e-01,1.267714500427246094e-01,7.414456605911254883e-01
-4.040000438690185547e-01,-9.645920991897583008e-01,5.522192716598510742e-01
2.290296554565429688e-02,-9.818463325500488281e-01,-5.315047502517700195e-01
-7.559307217597961426e-01,-3.188833594322204590e-01,4.990782737731933594e-01
-6.719213724136352539e-01,-1.518644094467163086e-01,-2.083360552787780762e-01
1.357352733612060547e-01,7.077950239181518555e-01,-8.498116135597229004e-01
9.976298809051513672e-01,1.805526018142700195e-01,-5.352216958999633789e-01
-2.298533916473388672e-03,-9.806119799613952637e-01,4.889696836471557617e-01
8.562196493148803711e-01,7.250679731369018555e-01,-2.781293392181396484e-01
-5.113766193389892578e-01,9.163866043090820312e-01,7.369315624237060547e-01
-3.390706181526184082e-01,-1.269207596778869629e-01,-3.967186808586120605e-01
1.980119943618774414e-01,8.661210536956787109e-01,2.973259687423706055e-01
-7.560553550720214844e-01,8.809052705764770508e-01,-4.732995629310607910e-01
-2.158985733985900879e-01,-7.614099383354187012e-01,8.586857318878173828e-01
-8.057492971420288086e-01,-7.416903972625732422e-01,8.496990203857421875e-01
-9.411990642547607422e-03,4.100463390350341797e-01,5.840620994567871094e-01
1.072815656661987305e-01,5.981445312500000000e-02,-7.170728445053100586e-01
-1.556462049484252930e-02,4.624718427658081055e-01,-6.406981945037841797e-01
2.490490674972534180e-01,-6.337985396385192871e-01,-6.172516345977783203e-01
-7.775675654411315918e-01,4.555439949035644531e-02,-5.047027468681335449e-01
7.389779090881347656e-01,-8.886322975158691406e-01,6.554180383682250977e-01
-1.922225356101989746e-01,7.818460464477539062e-03,-2.252646684646606445e-01
-5.085330009460449219e-01,5.229307413101196289e-01,-1.007922291755676270e-01
-8.301477432250976562e-01,-1.100142598152160645e-01,9.137791395187377930e-01
-4.337926506996154785e-01,-7.255277633666992188e-01,6.491720676422119141e-02
-5.661514997482299805e-01,1.751401424407958984e-01,-5.850222110748291016e-01
-8.038936853408813477e-01,1.595464944839477539e-01,9.178434610366821289e-01
-9.577813148498535156e-01,-1.616152524948120117e-01,5.097967386245727539e-01
3.921343088150024414e-01,-3.028289079666137695e-01,-6.988846063613891602e-01
3.686454296112060547e-01,-7.020792961120605469e-01,-8.890126943588256836e-01
3.501763343811035156e-01,9.534908533096313477e-01,-6.655633449554443359e-02
8.102054595947265625e-01,9.145278930664062500e-01,-4.977940320968627930e-01
8.746864795684814453e-01,-5.709910392761230469e-02,-8.229257464408874512e-01
7.684900760650634766e-01,-2.084279656410217285e-01,-4.812210202217102051e-01
6.639498472213745117e-01,-4.609951972961425781e-01,-5.878796577453613281e-01
-2.550551295280456543e-01,1.933518648147583008e-01,5.569045543670654297e-01
8.431828022003173828e-01,7.732493877410888672e-01,-4.626392722129821777e-01
1.754266023635864258e-01,-5.415675044059753418e-01,-7.261158227920532227e-01
8.051406145095825195e-01,9.856904745101928711e-01,6.055916547775268555e-01
-6.919947862625122070e-01,2.752350568771362305e-01,5.718407630920410156e-01
-6.970286369323730469e-01,5.531479120254516602e-01,6.433452367782592773e-01
1.809892654418945312e-01,-7.427091598510742188e-01,-1.514994502067565918e-01
3.995680809020996094e-01,7.792338132858276367e-01,-3.457150459289550781e-01
1.657304763793945312e-01,-6.285531520843505859e-01,-8.614426851272583008e-02
-3.146950602531433105e-01,8.554471731185913086e-01,4.373381137847900391e-01
-5.764898061752319336e-01,9.807122945785522461e-01,5.898119211196899414e-01
-9.419239759445190430e-01,-2.957836985588073730e-01,4.950273036956787109e-02
-9.624226093292236328e-01,3.232371807098388672e-01,-7.439659833908081055e-01
8.636827468872070312e-01,-8.115757703781127930e-01,9.844094514846801758e-01
1.076281070709228516e-01,3.993690013885498047e-01,-7.267380952835083008e-01
2.227103710174560547e-01,9.836428165435791016e-01,8.137359619140625000e-01
-7.015914916992187500e-01,-4.442989826202392578e-01,7.049435377120971680e-01
6.171262264251708984e-01,-2.504019141197204590e-01,1.864913702011108398e-01
6.726564168930053711e-01,-3.865158557891845703e-01,7.355520725250244141e-01
-5.111992955207824707e-01,-5.252285003662109375e-01,8.482798337936401367e-01
6.491053104400634766e-02,2.105033397674560547e-01,-9.559654593467712402e-01
-5.811429023742675781e-02,-6.801552772521972656e-01,-5.131548047065734863e-01
4.653936624526977539e-01,2.695336341857910156e-01,-8.892623186111450195e-01
1.132023334503173828e-01,-6.271798610687255859e-01,8.745746612548828125e-01
2.426919937133789062e-01,-2.781388759613037109e-01,2.330303192138671875e-01
-2.153211832046508789e-01,-9.591856598854064941e-01,-8.301352262496948242e-01
5.314368009567260742e-01,-8.045048713684082031e-01,4.749109745025634766e-01
-1.573454737663269043e-01,1.989027261734008789e-01,-7.140558958053588867e-02
3.209598064422607422e-01,2.143038511276245117e-01,-1.751565337181091309e-01
9.262251853942871094e-02,-5.762813091278076172e-01,5.724700689315795898e-01
6.057757139205932617e-01,5.423544645309448242e-01,7.378643751144409180e-01
-4.006350040435791016e-02,-2.630273103713989258e-01,4.317430257797241211e-01
3.933086395263671875e-01,-8.604109883308410645e-01,-5.259066224098205566e-01
-2.410954236984252930e-02,-4.466005563735961914e-01,8.010382652282714844e-01
-6.213414669036865234e-02,5.533685684204101562e-01,-1.237565279006958008e-02
-5.024375915527343750e-01,2.906405925750732422e-01,-6.613829135894775391e-01
-6.015674471855163574e-01,1.378750801086425781e-02,9.874843358993530273e-01
-7.402378916740417480e-01,2.574062347412109375e-02,8.826426267623901367e-01
9.106038808822631836e-01,-6.034927964210510254e-01,1.517355442047119141e-01
-3.838940262794494629e-01,-9.623488187789916992e-01,-5.545312762260437012e-01
3.760204315185546875e-01,-8.718945384025573730e-01,-1.721109151840209961e-01
1.278600692749023438e-01,-5.921120047569274902e-01,-8.053641319274902344e-01
-1.868271827697753906e-01,-5.661663413047790527e-01,7.162475585937500000e-01
-9.361867904663085938e-01,4.910892248153686523e-01,-4.757056832313537598e-01
-2.400760650634765625e-01,2.291083335876464844e-03,-4.166687130928039551e-01
-4.052153825759887695e-01,6.030520200729370117e-01,-1.684828400611877441e-01
-6.818776726722717285e-01,2.521831989288330078e-01,6.055352687835693359e-01
3.318634033203125000e-01,9.699252843856811523e-01,3.886765241622924805e-01
-1.138427853584289551e-01,-9.532195329666137695e-01,-3.784387111663818359e-01
6.188777685165405273e-01,-1.612040400505065918e-01,5.591329336166381836e-01
-8.682801723480224609e-01,-3.232954144477844238e-01,6.832131147384643555e-01
4.593968391418457031e-01,-5.545643568038940430e-01,-3.610571026802062988e-01
7.406507730484008789e-01,4.226927757263183594e-01,4.217370748519897461e-01
9.502738714218139648e-01,-7.561159729957580566e-01,2.535887956619262695e-01
-5.767374038696289062e-01,-8.586860895156860352e-01,2.153729200363159180e-01
2.500578165054321289e-01,-8.211306929588317871e-01,5.624195337295532227e-01
-8.982875347137451172e-01,-5.419901609420776367e-01,8.092983961105346680e-01
1.071906089782714844e-02,8.903192281723022461e-01,4.213551282882690430e-01
-1.279010176658630371e-01,-4.483371376991271973e-01,-3.329005837440490723e-01
6.624430418014526367e-01,-8.353731036186218262e-01,9.507710933685302734e-01
-1.854391694068908691e-01,9.464144706726074219e-01,3.941669464111328125e-01
-7.466343641281127930e-01,-9.894902706146240234e-01,-9.084242582321166992e-02
-9.351372718811035156e-02,8.475773334503173828e-01,3.665448427200317383e-01
2.163376808166503906e-01,4.991383552551269531e-01,-7.210572957992553711e-01
3.180311918258666992e-01,-3.267955183982849121e-01,-3.676456212997436523e-02
-8.587014675140380859e-02,-7.431746721267700195e-01,-8.408216238021850586e-01
-7.049468755722045898e-01,-9.116441011428833008e-02,8.100173473358154297e-01
-7.172126770019531250e-01,-7.854664921760559082e-01,2.993626594543457031e-01
-5.180333852767944336e-01,-2.440633177757263184e-01,8.606541156768798828e-02
8.949818611145019531e-01,-3.854364156723022461e-02,3.208340406417846680e-01
8.614858388900756836e-01,5.836255550384521484e-01,6.062321662902832031e-01
6.973381042480468750e-01,5.800467729568481445e-01,4.478406906127929688e-02
3.016979694366455078e-01,-6.830781102180480957e-01,3.498245477676391602e-01
2.689582109451293945e-01,-8.160201311111450195e-01,2.822043895721435547e-01
-3.757930994033813477e-01,8.749675750732421875e-02,1.322124004364013672e-01
-6.550220251083374023e-01,-9.724473953247070312e-02,-8.871260881423950195e-01
-1.188467741012573242e-01,-9.232022762298583984e-01,-2.449654340744018555e-01
-3.812214136123657227e-01,-8.649232387542724609e-01,-7.674176096916198730e-01
2.606424093246459961e-01,1.429378986358642578e-02,-5.775130987167358398e-01
-8.305209875106811523e-02,-2.684891819953918457e-01,3.903658390045166016e-01
-4.717302918434143066e-01,2.007180452346801758e-01,3.033664226531982422e-01
5.710678100585937500e-01,-1.028839349746704102e-01,-2.788046598434448242e-01
3.375262022018432617e-01,-3.603608012199401855e-01,4.393515586853027344e-01
5.295767784118652344e-01,-8.385200500488281250e-01,-2.719122767448425293e-01
-2.503026723861694336e-01,-2.263556718826293945e-01,-5.729711651802062988e-01
-7.500585317611694336e-01,8.259594440460205078e-02,-6.456311345100402832e-01
5.107086896896362305e-01,9.087551832199096680e-01,-5.715957880020141602e-01
-9.481763839721679688e-02,1.239610910415649414e-01,2.815937995910644531e-01
-3.167349100112915039e-01,-1.594747304916381836e-01,7.530498504638671875e-02
-9.077477455139160156e-02,-4.236483573913574219e-02,2.202330827713012695e-01
-3.135823607444763184e-01,-2.253878712654113770e-01,8.660548925399780273e-01
-3.293862342834472656e-01,-1.032460331916809082e-01,4.475171566009521484e-01
-7.121635675430297852e-01,-2.571473717689514160e-01,8.121407032012939453e-01
-7.079441547393798828e-01,-8.361729979515075684e-01,-9.280701875686645508e-01
-2.041579484939575195e-01,-5.640380978584289551e-01,5.279775857925415039e-01
5.588853359222412109e-01,-4.938169121742248535e-01,9.165563583374023438e-01
4.543143510818481445e-01,1.480882167816162109e-01,8.165192604064941406e-01
-3.493583202362060547e-01,6.852256059646606445e-01,3.044217824935913086e-01
7.668555974960327148e-01,1.298415660858154297e-01,4.418492317199707031e-01
3.555989265441894531e-01,7.025775909423828125e-01,-4.386823177337646484e-01
-9.159689545631408691e-01,2.023186683654785156e-01,3.865563869476318359e-02
1.580964326858520508e-01,-5.930576324462890625e-01,-8.641744256019592285e-01
3.628721237182617188e-01,6.432039737701416016e-01,3.535151481628417969e-03
-6.191992759704589844e-01,1.626833677291870117e-01,-2.623897790908813477e-01
-2.758975028991699219e-01,-5.752687454223632812e-01,-3.418386578559875488e-01
1.137900352478027344e-01,-3.110464811325073242e-01,-9.027139544486999512e-01
-7.287561893463134766e-03,5.210485458374023438e-01,2.394024133682250977e-01
3.295409679412841797e-02,-7.057608366012573242e-01,3.009457588195800781e-01
-6.166812181472778320e-01,-6.230279207229614258e-01,4.877737760543823242e-01
4.814041852951049805e-01,-4.454026818275451660e-01,3.729282617568969727e-01
-5.827153921127319336e-01,7.513747215270996094e-01,6.349312067031860352e-01
-6.921324133872985840e-01,4.213726520538330078e-01,2.110049724578857422e-01
2.342120409011840820e-01,-8.097693920135498047e-01,-9.100100398063659668e-01
3.170810937881469727e-01,-4.524804949760437012e-01,4.879248142242431641e-02
-2.650892138481140137e-01,-7.444857358932495117e-01,7.614257335662841797e-01
6.557180881500244141e-01,5.872726440429687500e-02,-8.106726408004760742e-02
9.851217269897460938e-02,6.500765085220336914e-01,-3.527277112007141113e-01
8.717583417892456055e-01,3.495252132415771484e-01,9.660968780517578125e-01
-9.515873193740844727e-01,5.071529150009155273e-01,-8.934042453765869141e-01
-9.154254198074340820e-02,7.870726585388183594e-01,-9.384204745292663574e-01
-3.941171765327453613e-01,-9.678732752799987793e-01,-5.518761873245239258e-01
-4.424909949302673340e-01,8.299267292022705078e-02,-7.734655737876892090e-01
-3.869259357452392578e-02,-7.947039604187011719e-02,9.600805044174194336e-01
1.377129554748535156e-01,6.632302999496459961e-01,5.132787227630615234e-01
-6.259801387786865234e-01,-2.854717969894409180e-01,2.186034917831420898e-01
-8.020648360252380371e-01,-2.300485968589782715e-01,-3.852399587631225586e-01
-3.243671059608459473e-01,-9.955367445945739746e-01,2.493335008621215820e-01
9.502670764923095703e-01,-6.217941045761108398e-01,2.833366394042968750e-03
7.745623588562011719e-02,8.604816198348999023e-01,2.786118984222412109e-01
-9.015876650810241699e-01,7.752156257629394531e-01,7.852140665054321289e-01
-3.734968900680541992e-01,-1.678411960601806641e-01,-5.853080749511718750e-01
-1.050466895103454590e-01,4.408590793609619141e-01,-1.543720364570617676e-01
-6.884046792984008789e-01,9.729042053222656250e-01,3.668694496154785156e-01
-8.164784908294677734e-01,4.931445121765136719e-01,6.787765026092529297e-02
8.031754493713378906e-01,8.802322149276733398e-01,-5.265408754348754883e-02
-9.772138595581054688e-01,-8.040727972984313965e-01,2.259544134140014648e-01
-8.063722252845764160e-01,-2.593028545379638672e-02,1.683332920074462891e-01
4.147074222564697266e-01,-7.853777408599853516e-01,1.599607467651367188e-01
9.132513999938964844e-01,-4.698951840400695801e-01,9.599890708923339844e-01
5.563473701477050781e-01,8.200443983078002930e-01,-2.793049216270446777e-01
-3.064143061637878418e-01,5.272829532623291016e-01,-3.960090875625610352e-02
-4.009261727333068848e-01,-4.156592488288879395e-01,3.098580837249755859e-01
-6.003719568252563477e-01,-3.588920235633850098e-01,6.199096441268920898e-01
7.016555070877075195e-01,-1.044959425926208496e-01,5.190967321395874023e-01
4.071236848831176758e-01,-6.027403473854064941e-01,3.557307720184326172e-01
-7.185386419296264648e-01,2.706249952316284180e-01,1.622478961944580078e-01
4.416185617446899414e-01,6.612614393234252930e-01,7.065551280975341797e-01
-6.219167709350585938e-01,-3.150781989097595215e-01,-3.792393207550048828e-02
6.903731822967529297e-02,3.785706758499145508e-01,-5.688654184341430664e-01
-5.755586624145507812e-01,5.848362445831298828e-01,8.060737848281860352e-01
-1.380276083946228027e-01,-8.877602219581604004e-01,5.174667835235595703e-01
6.928136348724365234e-01,-9.395284652709960938e-01,-5.212396383285522461e-02
4.877274036407470703e-01,2.495852708816528320e-01,-4.255161285400390625e-01
-7.142620086669921875e-01,6.580936908721923828e-02,9.579464197158813477e-01
2.442966699600219727e-01,-5.512439012527465820e-01,6.123186349868774414e-01
5.076266527175903320e-01,-3.106116652488708496e-01,8.633147478103637695e-01
3.547559976577758789e-01,-6.930580139160156250e-01,-2.899482846260070801e-01
8.335789442062377930e-01,5.671182870864868164e-01,5.874176025390625000e-01
4.783290624618530273e-01,3.697910308837890625e-01,8.216824531555175781e-01
3.198471069335937500e-01,-2.821853160858154297e-01,7.765334844589233398e-01
-6.803237199783325195e-01,1.065285205841064453e-01,-8.172308206558227539e-01
6.691920757293701172e-01,8.124363422393798828e-02,-7.463799118995666504e-01
6.671459674835205078e-01,-2.389872670173645020e-01,2.373390197753906250e-01
-6.725961565971374512e-01,4.490208625793457031e-01,-4.319579005241394043e-01
3.314723968505859375e-01,-6.075434684753417969e-01,7.267570495605468750e-01
4.743900299072265625e-01,2.284594774246215820e-01,-2.199102640151977539e-01
-4.938997626304626465e-01,-4.138982295989990234e-02,-2.089081406593322754e-01
-5.753322839736938477e-01,-5.542598962783813477e-01,-4.886952042579650879e-01
-1.523766517639160156e-01,-2.549833655357360840e-01,6.786108016967773438e-02
-4.889941215515136719e-02,-3.661201000213623047e-01,1.497626304626464844e-03
6.535402536392211914e-01,3.171014785766601562e-02,-4.742923974990844727e-01
4.223251342773437500e-01,-8.485250473022460938e-01,1.142752170562744141e-02
9.250440597534179688e-01,2.523493766784667969e-02,-8.808778524398803711e-01
-9.296488165855407715e-01,8.768612146377563477e-01,-3.233969211578369141e-02
-1.996885538101196289e-01,8.283094167709350586e-01,9.750854969024658203e-01
6.028268337249755859e-01,-7.011201381683349609e-01,3.417205810546875000e-02
-8.236366510391235352e-01,5.130939483642578125e-01,8.587837219238281250e-02
9.063761234283447266e-01,2.132277488708496094e-01,-3.761978149414062500e-01
4.205427169799804688e-01,8.507326841354370117e-01,-2.085872888565063477e-01
-4.570721983909606934e-01,-1.044468283653259277e-01,-8.293890953063964844e-02
-1.659449338912963867e-01,6.216807365417480469e-01,1.774978637695312500e-01
1.735416650772094727e-01,4.977767467498779297e-01,2.778480052947998047e-01
-7.272683382034301758e-01,-9.146300554275512695e-01,6.097354888916015625e-01
-6.231092214584350586e-01,-6.998186707496643066e-01,-4.012109637260437012e-01
6.655334234237670898e-01,-8.571685552597045898e-01,-3.549894094467163086e-01
-7.108399868011474609e-01,5.082757472991943359e-01,-9.446327686309814453e-01
-8.377617597579956055e-01,4.565423727035522461e-01,1.830163002014160156e-01
2.024494409561157227e-01,2.747045755386352539e-01,-7.358261346817016602e-01
6.104084253311157227e-01,-3.110367059707641602e-01,-4.240524768829345703e-02
-2.909266948699951172e-02,-2.352586388587951660e-01,-7.554032802581787109e-01
-3.947770595550537109e-01,-1.378414630889892578e-01,-8.861297965049743652e-01
6.559418439865112305e-01,-1.071646213531494141e-01,9.290523529052734375e-01
-8.911467790603637695e-01,-2.301501631736755371e-01,-4.567534923553466797e-01
5.004492998123168945e-01,-9.678537845611572266e-01,-1.988306641578674316e-01
-7.467080354690551758e-01,5.479649305343627930e-01,-2.877010703086853027e-01
8.777194023132324219e-01,-3.244136571884155273e-01,-7.138774394989013672e-01
-9.152468442916870117e-01,1.191494464874267578e-01,-8.122196793556213379e-01
-7.246690988540649414e-01,2.340897321701049805e-01,9.427297115325927734e-02
1.117072105407714844e-01,3.687467575073242188e-01,5.314031839370727539e-01
-4.949631690979003906e-01,7.037265300750732422e-01,8.926409482955932617e-01
-8.419078588485717773e-02,-8.455269336700439453e-01,1.244767904281616211e-01
-5.916986465454101562e-01,-3.803849220275878906e-01,-1.011195182800292969e-01
-1.758478283882141113e-01,-7.788105010986328125e-01,-1.139355301856994629e-01
-7.752690911293029785e-01,-1.575744152069091797e-02,9.563910961151123047e-02
9.725512266159057617e-01,9.144700765609741211e-01,5.327557325363159180e-01
7.832769155502319336e-01,-3.552540540695190430e-01,-2.540609240531921387e-01
-4.754825234413146973e-01,-1.878408789634704590e-01,3.643572330474853516e-02
-4.453909397125244141e-01,9.182548522949218750e-02,-6.298892498016357422e-01
-1.403607726097106934e-01,9.539147615432739258e-01,2.642130851745605469e-02
2.927854061126708984e-01,-3.707484602928161621e-01,9.860588312149047852e-01
8.922132253646850586e-01,2.449845075607299805e-01,-1.885873675346374512e-01
8.901369571685791016e-01,-5.095837712287902832e-01,-2.156332731246948242e-01
-3.118546009063720703e-01,-7.794083356857299805e-01,-3.629941940307617188e-01
-3.601047396659851074e-01,-4.030016660690307617e-01,9.949040412902832031e-01
6.880009174346923828e-01,-5.400707721710205078e-01,-4.891037940979003906e-02
-6.471284031867980957e-01,-8.106504678726196289e-01,-5.379619598388671875e-01
-5.847700834274291992e-01,-5.609816312789916992e-01,-6.561458110809326172e-03
4.429934024810791016e-01,-2.877051234245300293e-01,7.338749170303344727e-01
8.254190683364868164e-01,1.891355514526367188e-01,2.132525444030761719e-01
8.905093669891357422e-01,-4.913190007209777832e-01,-8.765220642089843750e-03
4.730772972106933594e-02,9.821755886077880859e-01,6.008839607238769531e-01
-8.307115435600280762e-01,5.279542207717895508e-01,-4.669525623321533203e-01
5.093412399291992188e-01,-1.007891893386840820e-01,-2.254641652107238770e-01
3.715515136718750000e-03,8.810913562774658203e-01,-7.356333732604980469e-01
-6.248855590820312500e-02,-9.003980159759521484e-01,-8.049118518829345703e-02
-6.893268227577209473e-01,-9.468711614608764648e-01,-7.825728654861450195e-01
9.801577329635620117e-01,-2.508956193923950195e-02,-4.350086450576782227e-01
-3.931272029876708984e-02,9.702885150909423828e-02,1.628692150115966797e-01
4.536287784576416016e-01,3.713957071304321289e-01,7.699905633926391602e-01
5.691845417022705078e-01,4.739108085632324219e-01,-1.197189092636108398e-02
-6.423991918563842773e-01,9.018821716308593750e-01,-6.164819002151489258e-01
9.196840524673461914e-01,-1.849091053009033203e-01,9.709777832031250000e-01
2.842704057693481445e-01,2.520406246185302734e-02,4.964035749435424805e-01
2.685648202896118164e-01,2.706489562988281250e-01,-8.588117361068725586e-02
4.820859432220458984e-02,-5.862116813659667969e-03,7.612674236297607422e-01
-1.019074320793151855e-01,-6.306912899017333984e-01,7.311182022094726562e-01
5.115507841110229492e-01,4.161298274993896484e-02,5.550323724746704102e-01
-5.442339181900024414e-01,-4.932572245597839355e-01,9.161990880966186523e-01
-8.415790796279907227e-01,7.462811470031738281e-02,1.506030559539794922e-01
9.065639972686767578e-01,9.883725643157958984e-01,4.174430370330810547e-01
-6.587733030319213867e-01,8.736445903778076172e-01,-1.501287817955017090e-01
-6.719821691513061523e-01,-9.330177307128906250e-01,-9.502919316291809082e-01
-5.413398742675781250e-01,-3.790336847305297852e-02,7.882535457611083984e-02
-5.698350667953491211e-01,-5.226363539695739746e-01,-9.168621301651000977e-01
1.388837099075317383e-01,1.979309320449829102e-01,5.204844474792480469e-01
-4.004999995231628418e-01,4.310009479522705078e-01,1.423645019531250000e-01
2.268822193145751953e-01,-2.511615157127380371e-01,7.695567607879638672e-01
-7.650184035301208496e-01,7.214720249176025391e-01,4.622812271118164062e-01
1.550923585891723633e-01,-2.318620681762695312e-02,-8.713939785957336426e-01
-2.486754655838012695e-01,-1.497076153755187988e-01,4.975712299346923828e-01
-7.144390344619750977e-01,-7.462831735610961914e-01,3.470879793167114258e-01
9.963098764419555664e-01,-6.580752134323120117e-01,5.211603641510009766e-02
-2.057127952575683594e-01,9.289215803146362305e-01,-1.379780769348144531e-01
-5.436242818832397461e-01,4.274415969848632812e-02,-5.305265188217163086e-01
-2.020022869110107422e-01,9.053338766098022461e-01,-7.746029496192932129e-01
7.547975778579711914e-01,-8.597522974014282227e-02,9.271029233932495117e-01
7.353223562240600586e-01,9.342151880264282227e-01,-6.754175424575805664e-01
6.883442401885986328e-02,4.845554828643798828e-01,-9.526806473731994629e-01
