-1.000000000000000000e+00,-5.400283336639404297e-01,-9.845849275588989258e-01
-6.797221899032592773e-01,-9.776043891906738281e-02,-1.000000000000000000e+00
-1.000000000000000000e+00,-1.577235460281372070e-01,-6.426656246185302734e-01
2.508988380432128906e-01,-1.000000000000000000e+00,-8.699028491973876953e-01
-3.876675367355346680e-01,-2.660000324249267578e-01,1.000000000000000000e+00
-2.923159599304199219e-01,-1.000000000000000000e+00,9.311479330062866211e-01
1.498472690582275391e-01,-1.000000000000000000e+00,-7.184121012687683105e-01
-2.944850921630859375e-01,-1.000000000000000000e+00,4.663600921630859375e-01
9.311256408691406250e-01,6.553512811660766602e-01,-1.000000000000000000e+00
7.473518848419189453e-01,9.624116420745849609e-01,1.000000000000000000e+00
-8.416643142700195312e-01,-1.000000000000000000e+00,-9.786050319671630859e-01
-1.000000000000000000e+00,-2.634003758430480957e-01,3.049887418746948242e-01
1.000000000000000000e+00,-7.493426203727722168e-01,-1.364705562591552734e-01
-9.744225740432739258e-01,1.280617713928222656e-02,1.000000000000000000e+00
1.000000000000000000e+00,3.806225061416625977e-01,-4.721961021423339844e-01
-8.654707670211791992e-02,1.000000000000000000e+00,1.033258438110351562e-01
1.000000000000000000e+00,8.308527469635009766e-01,-4.448541998863220215e-01
5.198435783386230469e-01,-1.000000000000000000e+00,2.720196247100830078e-01
1.000000000000000000e+00,7.646077871322631836e-01,-4.287095069885253906e-01
-1.000000000000000000e+00,-4.979346990585327148e-01,7.190175056457519531e-01
1.000000000000000000e+00,-9.929853677749633789e-01,2.912324666976928711e-01
-1.000000000000000000e+00,1.989053487777709961e-01,-9.381080269813537598e-01
7.066342830657958984e-01,1.866664886474609375e-01,1.000000000000000000e+00
1.000000000000000000e+00,-9.222111701965332031e-01,9.599827527999877930e-01
1.000000000000000000e+00,2.512803077697753906e-01,-8.318200111389160156e-01
-5.917997360229492188e-01,5.414495468139648438e-01,1.000000000000000000e+00
4.822944402694702148e-01,-1.000000000000000000e+00,4.843237400054931641e-01
4.347732067108154297e-01,-1.000000000000000000e+00,-9.821832180023193359e-02
-1.000000000000000000e+00,5.486429929733276367e-01,-3.149613738059997559e-01
-6.351494789123535156e-01,6.752624511718750000e-01,1.000000000000000000e+00
-2.784310579299926758e-01,1.000000000000000000e+00,-9.327698945999145508e-01
6.696422100067138672e-01,-1.000000000000000000e+00,-9.447073936462402344e-02
5.355854034423828125e-01,-2.622473239898681641e-02,-1.000000000000000000e+00
6.849306821823120117e-01,5.274355411529541016e-01,1.000000000000000000e+00
-8.927893638610839844e-02,1.000000000000000000e+00,-7.892334461212158203e-01
1.000000000000000000e+00,3.799453973770141602e-01,-3.230614066123962402e-01
4.066823720932006836e-01,-1.000000000000000000e+00,5.814304351806640625e-01
4.451894760131835938e-02,1.000000000000000000e+00,3.101526498794555664e-01
1.000000000000000000e+00,3.650064468383789062e-01,-6.454360485076904297e-02
-2.137113213539123535e-01,1.000000000000000000e+00,-7.335244417190551758e-01
1.941570043563842773e-01,-5.862993001937866211e-02,1.000000000000000000e+00
1.000000000000000000e+00,8.792423009872436523e-01,1.982542276382446289e-01
-1.950405240058898926e-01,-8.817197084426879883e-01,-1.000000000000000000e+00
7.608728408813476562e-01,9.521375894546508789e-01,1.000000000000000000e+00
1.000000000000000000e+00,1.953450441360473633e-01,-7.999111413955688477e-01
-2.393087744712829590e-01,-1.000000000000000000e+00,8.732357025146484375e-01
-2.592609524726867676e-01,-1.000000000000000000e+00,-7.499403953552246094e-01
-2.340352535247802734e-01,5.372977256774902344e-02,-1.000000000000000000e+00
-1.000000000000000000e+00,9.708058834075927734e-01,-1.587501764297485352e-01
-2.592813968658447266e-02,-1.000000000000000000e+00,9.301233291625976562e-02
5.010882616043090820e-01,-1.697389483451843262e-01,1.000000000000000000e+00
-1.000000000000000000e+00,-5.502172708511352539e-01,-9.670059680938720703e-01
9.402359724044799805e-01,-6.782458424568176270e-01,1.000000000000000000e+00
-1.076145768165588379e-01,3.693671226501464844e-01,1.000000000000000000e+00
4.601219892501831055e-01,-8.179356455802917480e-01,-1.000000000000000000e+00
2.780482769012451172e-01,-1.000000000000000000e+00,4.653637409210205078e-01
-1.000000000000000000e+00,-1.347397565841674805e-01,8.202320337295532227e-01
-1.000000000000000000e+00,7.625755071640014648e-01,-4.283403754234313965e-01
-4.040608406066894531e-01,-6.091403365135192871e-01,-1.000000000000000000e+00
4.583004713058471680e-01,-1.000000000000000000e+00,-8.975995182991027832e-01
-1.000000000000000000e+00,-9.566921591758728027e-01,1.255080699920654297e-01
5.151884555816650391e-01,1.000000000000000000e+00,-4.410610198974609375e-01
-7.316076755523681641e-02,9.743115901947021484e-01,1.000000000000000000e+00
4.413638114929199219e-01,-5.329276919364929199e-01,-1.000000000000000000e+00
-5.784855484962463379e-01,-1.000000000000000000e+00,-4.398025870323181152e-01
1.000000000000000000e+00,4.588699340820312500e-01,-7.548924088478088379e-01
-4.856539964675903320e-01,1.000000000000000000e+00,-3.546856641769409180e-01
-5.989184379577636719e-01,-1.000000000000000000e+00,2.139111757278442383e-01
7.288689613342285156e-01,1.000000000000000000e+00,-5.717048645019531250e-01
-1.000000000000000000e+00,-9.719841480255126953e-01,9.819381237030029297e-01
-2.106942534446716309e-01,7.761765718460083008e-01,-1.000000000000000000e+00
1.000000000000000000e+00,-2.584176063537597656e-01,4.129647016525268555e-01
9.453482627868652344e-01,1.000000000000000000e+00,-9.680051207542419434e-01
1.956883668899536133e-01,1.000000000000000000e+00,9.936105012893676758e-01
-1.000000000000000000e+00,3.375583887100219727e-01,-1.135634183883666992e-01
4.747507572174072266e-01,8.433744907379150391e-01,-1.000000000000000000e+00
-2.804039120674133301e-01,-8.834422230720520020e-01,1.000000000000000000e+00
3.264179229736328125e-01,1.000000000000000000e+00,-9.350620508193969727e-01
9.927389621734619141e-01,1.000000000000000000e+00,9.812310934066772461e-01
-1.000000000000000000e+00,9.965342283248901367e-01,1.679682731628417969e-01
1.000000000000000000e+00,-5.245421528816223145e-01,-3.060586452484130859e-01
1.000000000000000000e+00,5.930325984954833984e-01,8.342911005020141602e-01
9.093488454818725586e-01,1.000000000000000000e+00,-4.160302281379699707e-01
-4.549462795257568359e-01,1.000000000000000000e+00,6.475377082824707031e-01
-1.000000000000000000e+00,1.406874656677246094e-01,4.503074884414672852e-01
-6.161254644393920898e-01,-4.747641086578369141e-01,-1.000000000000000000e+00
1.000000000000000000e+00,-5.525221824645996094e-01,5.113983154296875000e-01
7.104825973510742188e-01,1.000000000000000000e+00,-3.340500593185424805e-02
-5.718558430671691895e-01,-1.000000000000000000e+00,-2.115656137466430664e-01
-6.957248449325561523e-01,-9.031593203544616699e-01,1.000000000000000000e+00
-1.973155736923217773e-01,1.532208919525146484e-01,1.000000000000000000e+00
1.000000000000000000e+00,-1.066859364509582520e-01,-5.011311769485473633e-01
-1.472938060760498047e-02,5.604529380798339844e-01,1.000000000000000000e+00
-1.000000000000000000e+00,5.790930986404418945e-01,-7.826553583145141602e-01
-5.088210105895996094e-01,-4.315013289451599121e-01,1.000000000000000000e+00
-6.476986408233642578e-01,7.058674097061157227e-01,1.000000000000000000e+00
2.541737556457519531e-01,1.000000000000000000e+00,6.172297000885009766e-01
-8.652430176734924316e-01,-5.071520805358886719e-03,1.000000000000000000e+00
-3.669225573539733887e-01,-1.000000000000000000e+00,-1.402572393417358398e-01
-8.319455981254577637e-01,-3.596636652946472168e-01,1.000000000000000000e+00
-3.379282355308532715e-01,-5.435922145843505859e-01,1.000000000000000000e+00
7.358729839324951172e-01,-1.000000000000000000e+00,6.124294996261596680e-01
1.000000000000000000e+00,1.699340343475341797e-01,-6.367384195327758789e-01
1.000000000000000000e+00,-1.610252857208251953e-01,-1.912070512771606445e-01
-3.839746713638305664e-01,1.000000000000000000e+00,-9.248166084289550781e-01
-4.445815682411193848e-01,1.000000000000000000e+00,5.124615430831909180e-01
8.038692474365234375e-01,1.000000000000000000e+00,4.431345462799072266e-01
9.944890737533569336e-01,-3.286060690879821777e-01,1.000000000000000000e+00
8.479280471801757812e-01,1.000000000000000000e+00,5.692473649978637695e-01
-3.152018785476684570e-02,-1.798436045646667480e-01,-1.000000000000000000e+00
-1.768668293952941895e-01,2.909175157546997070e-01,-1.000000000000000000e+00
1.000000000000000000e+00,2.573764324188232422e-01,-3.480659127235412598e-01
-5.830985307693481445e-01,5.393112897872924805e-01,-1.000000000000000000e+00
-1.997342705726623535e-01,4.331666231155395508e-01,-1.000000000000000000e+00
-1.000000000000000000e+00,8.526009321212768555e-01,-8.191456794738769531e-01
2.279920578002929688e-01,1.000000000000000000e+00,7.527289390563964844e-01
-1.000000000000000000e+00,-9.777455329895019531e-01,7.872532606124877930e-01
3.005838394165039062e-02,1.000000000000000000e+00,-7.730852365493774414e-01
1.000000000000000000e+00,-1.597723960876464844e-01,-9.100954532623291016e-01
-8.252602815628051758e-01,-1.000000000000000000e+00,1.533815860748291016e-01
1.000000000000000000e+00,-7.065042257308959961e-01,6.932493448257446289e-01
-9.134281873703002930e-01,-6.503390669822692871e-01,-1.000000000000000000e+00
-1.000000000000000000e+00,-7.981956005096435547e-02,5.464627742767333984e-01
-5.168895125389099121e-01,-6.390783190727233887e-01,1.000000000000000000e+00
9.697191715240478516e-01,-1.000000000000000000e+00,9.488286972045898438e-01
1.000000000000000000e+00,-1.158376932144165039e-01,6.070482730865478516e-01
-8.680292367935180664e-01,1.000000000000000000e+00,-7.367647886276245117e-01
-8.636336326599121094e-01,-1.000000000000000000e+00,-3.173897266387939453e-01
-1.000000000000000000e+00,2.288690805435180664e-01,-3.160861134529113770e-01
8.120850324630737305e-01,1.840492486953735352e-01,-1.000000000000000000e+00
3.232491016387939453e-01,-7.543628215789794922e-01,-1.000000000000000000e+00
6.595019102096557617e-01,-1.000000000000000000e+00,7.139055728912353516e-01
-1.496820449829101562e-01,-9.284945726394653320e-01,-1.000000000000000000e+00
-1.000000000000000000e+00,4.193739891052246094e-01,-1.533008217811584473e-01
7.737681865692138672e-01,5.155744552612304688e-01,-1.000000000000000000e+00
-5.338447093963623047e-01,-9.369938969612121582e-01,-1.000000000000000000e+00
8.644384145736694336e-01,-1.000000000000000000e+00,-7.225720882415771484e-01
6.351983547210693359e-01,-1.000000000000000000e+00,2.727810144424438477e-01
-4.660073518753051758e-01,-6.151998043060302734e-02,1.000000000000000000e+00
1.100063323974609375e-01,1.000000000000000000e+00,7.305263280868530273e-01
-1.000000000000000000e+00,2.910059690475463867e-01,6.903886795043945312e-01
1.000000000000000000e+00,-7.086088061332702637e-01,-3.635692596435546875e-01
9.668828248977661133e-01,2.606369256973266602e-01,1.000000000000000000e+00
1.000000000000000000e+00,8.049416542053222656e-02,1.497130393981933594e-01
-8.435928821563720703e-01,-9.992167949676513672e-01,-1.000000000000000000e+00
1.000000000000000000e+00,-6.252804994583129883e-01,-6.718546152114868164e-01
1.000000000000000000e+00,7.305749654769897461e-01,-4.807691574096679688e-01
-6.919296979904174805e-01,1.000000000000000000e+00,3.657443523406982422e-01
1.000000000000000000e+00,9.815839529037475586e-01,7.036316394805908203e-02
8.503326177597045898e-01,7.087337970733642578e-02,-1.000000000000000000e+00
-6.273415088653564453e-01,-9.150112271308898926e-01,-1.000000000000000000e+00
-1.000000000000000000e+00,6.704393625259399414e-01,-3.915148973464965820e-02
-1.001085042953491211e-01,1.000000000000000000e+00,-9.354603290557861328e-02
4.087250232696533203e-01,-1.000000000000000000e+00,-9.608539938926696777e-01
-1.000000000000000000e+00,4.744803905487060547e-02,9.663940668106079102e-01
2.210452556610107422e-01,1.000000000000000000e+00,1.431709527969360352e-01
5.291430950164794922e-01,-4.274839758872985840e-01,-1.000000000000000000e+00
-1.000000000000000000e+00,-1.790714263916015625e-02,-2.438127398490905762e-01
-9.235650300979614258e-01,-7.412943243980407715e-01,-1.000000000000000000e+00
5.844336748123168945e-01,-9.751225709915161133e-01,1.000000000000000000e+00
-1.000000000000000000e+00,-5.688696503639221191e-01,9.330116510391235352e-01
-5.653029680252075195e-01,-1.000000000000000000e+00,-6.514030098915100098e-01
-1.000000000000000000e+00,3.805662393569946289e-01,-3.781642913818359375e-01
-5.916052460670471191e-01,-2.573698163032531738e-01,-1.000000000000000000e+00
9.436682462692260742e-01,-1.000000000000000000e+00,-3.405074477195739746e-01
3.925102949142456055e-01,2.684948444366455078e-01,1.000000000000000000e+00
-2.805239558219909668e-01,3.498984575271606445e-01,-1.000000000000000000e+00
1.000000000000000000e+00,2.468954324722290039e-01,2.073739767074584961e-01
1.722687482833862305e-01,1.000000000000000000e+00,-4.685894250869750977e-01
-5.904139280319213867e-01,-3.361243605613708496e-01,1.000000000000000000e+00
-4.689203500747680664e-01,-3.629139065742492676e-01,1.000000000000000000e+00
-1.000000000000000000e+00,7.246851921081542969e-03,3.295482397079467773e-01
5.720672607421875000e-01,-1.034113168716430664e-01,1.000000000000000000e+00
-7.788228392601013184e-01,8.841236829757690430e-01,1.000000000000000000e+00
8.004777431488037109e-01,4.175428152084350586e-01,-1.000000000000000000e+00
4.968025684356689453e-01,-1.000000000000000000e+00,3.417788743972778320e-01
-1.000000000000000000e+00,2.836283445358276367e-01,-6.538831591606140137e-01
-2.039547562599182129e-01,1.000000000000000000e+00,3.754446506500244141e-01
-2.425068616867065430e-01,-6.370306015014648438e-02,-1.000000000000000000e+00
-1.000000000000000000e+00,-7.007611393928527832e-01,-1.950737833976745605e-01
1.000000000000000000e+00,9.595528841018676758e-01,5.681432485580444336e-01
-4.794662594795227051e-01,-1.000000000000000000e+00,-6.925051212310791016e-01
-1.000000000000000000e+00,-8.977929353713989258e-01,2.135889530181884766e-01
-1.043558120727539062e-03,9.021006822586059570e-01,1.000000000000000000e+00
8.219625949859619141e-01,1.000000000000000000e+00,2.906596660614013672e-01
3.684890270233154297e-01,-6.288468837738037109e-01,-1.000000000000000000e+00
1.000000000000000000e+00,-2.851256132125854492e-01,-1.367192268371582031e-01
-2.300928831100463867e-01,1.000000000000000000e+00,4.145383834838867188e-02
6.052899360656738281e-02,1.000000000000000000e+00,9.900890588760375977e-01
-1.000000000000000000e+00,-8.605682849884033203e-02,-2.962159514427185059e-01
-8.604738712310791016e-01,1.081405878067016602e-01,-1.000000000000000000e+00
7.595516443252563477e-01,-8.582071065902709961e-01,-1.000000000000000000e+00
-4.952887296676635742e-01,-9.283904433250427246e-01,1.000000000000000000e+00
1.000000000000000000e+00,2.658519744873046875e-01,-3.753408193588256836e-01
3.643584251403808594e-01,-6.592043042182922363e-01,-1.000000000000000000e+00
-1.000000000000000000e+00,-1.070351004600524902e-01,6.316827535629272461e-01
-7.677315473556518555e-01,-1.000000000000000000e+00,2.261964082717895508e-01
1.000000000000000000e+00,-6.364050507545471191e-01,5.667501688003540039e-01
1.000000000000000000e+00,2.130160331726074219e-01,2.819242477416992188e-01
9.720537662506103516e-01,1.000000000000000000e+00,-5.016801357269287109e-01
4.389662742614746094e-01,2.194159030914306641e-01,3.333623409271240234e-01
-9.382414817810058594e-02,-8.341665863990783691e-01,-2.167706489562988281e-01
-3.204352855682373047e-01,-2.632827758789062500e-01,-7.348465919494628906e-01
-4.121615290641784668e-01,-8.108247518539428711e-01,-5.209033489227294922e-01
8.539532423019409180e-01,7.366540431976318359e-01,-4.704493284225463867e-02
6.817007064819335938e-02,-6.436991691589355469e-02,-8.243656158447265625e-01
-6.471340656280517578e-01,-5.544666051864624023e-01,3.565527200698852539e-01
6.522822380065917969e-02,4.882625341415405273e-01,2.960045337677001953e-01
-1.848729848861694336e-01,-7.814326286315917969e-01,2.076193094253540039e-01
-9.853764176368713379e-01,6.418418884277343750e-01,2.872236967086791992e-01
1.340467929840087891e-01,-6.499235630035400391e-01,5.572618246078491211e-01
8.247021436691284180e-01,9.423890113830566406e-01,-3.514402508735656738e-01
-2.490710020065307617e-01,7.919700145721435547e-01,6.469135284423828125e-01
-1.056630015373229980e-01,2.790189981460571289e-01,-7.238805294036865234e-03
-4.933276772499084473e-01,6.179114580154418945e-01,1.736314296722412109e-01
1.651867628097534180e-01,-2.704187035560607910e-01,7.073199748992919922e-02
2.453291416168212891e-01,4.463219642639160156e-02,-9.147441387176513672e-01
3.721754550933837891e-01,-5.713104009628295898e-01,5.723031759262084961e-01
3.333270549774169922e-01,7.890851497650146484e-01,9.784165620803833008e-01
-8.698101639747619629e-01,-2.150585651397705078e-01,-3.411499857902526855e-01
-5.225787162780761719e-01,-2.838200330734252930e-01,-3.941738605499267578e-02
-9.981445074081420898e-01,-6.653159260749816895e-01,-9.023804664611816406e-01
-9.198966026306152344e-01,-1.011859178543090820e-01,6.638557910919189453e-01
-8.611466884613037109e-01,2.820715904235839844e-01,-9.682849049568176270e-01
-7.720248699188232422e-01,-4.717100858688354492e-01,7.461032867431640625e-01
-3.713106513023376465e-01,-5.364837646484375000e-01,9.860800504684448242e-01
6.168297529220581055e-01,8.676574230194091797e-01,6.159417629241943359e-01
8.593809604644775391e-01,8.289160728454589844e-01,-3.551834821701049805e-01
-2.254298925399780273e-01,-7.184126377105712891e-01,-4.645450711250305176e-01
-5.901060104370117188e-01,-8.412054777145385742e-01,-8.491713404655456543e-01
7.466762065887451172e-01,8.468776941299438477e-01,6.577954292297363281e-01
-3.807142376899719238e-01,6.309875249862670898e-01,-1.582546234130859375e-01
2.127693891525268555e-01,4.369018077850341797e-01,8.794939517974853516e-01
-1.450387835502624512e-01,2.921807765960693359e-01,-5.472501516342163086e-01
-4.572409391403198242e-02,-8.083598017692565918e-01,7.354207038879394531e-01
1.843627691268920898e-01,-4.980775713920593262e-01,4.634687900543212891e-01
5.081892013549804688e-01,-1.481175422668457031e-03,5.082181692123413086e-01
-4.901642203330993652e-01,4.792851209640502930e-01,-8.668537735939025879e-01
7.970172166824340820e-01,-8.071803450584411621e-01,-8.795911073684692383e-01
3.171489238739013672e-01,3.483099937438964844e-01,3.627914190292358398e-01
1.241147518157958984e-02,-2.161117792129516602e-01,-5.678273439407348633e-01
1.284557580947875977e-01,2.055398225784301758e-01,7.378970384597778320e-01
-3.646274805068969727e-01,4.082543849945068359e-01,-4.443160891532897949e-01
2.586573362350463867e-01,4.715594053268432617e-01,2.037904262542724609e-01
-5.169805288314819336e-01,5.024000406265258789e-01,2.142612934112548828e-01
9.460566043853759766e-01,6.233499050140380859e-01,5.163196325302124023e-01
-1.396717429161071777e-01,-8.321188688278198242e-01,-8.514879941940307617e-01
6.874763965606689453e-01,3.066513538360595703e-01,8.194887638092041016e-01
-7.949815988540649414e-01,3.171954154968261719e-01,9.793685674667358398e-01
8.854221105575561523e-01,3.502196073532104492e-01,3.469283580780029297e-01
5.039288997650146484e-01,4.601262807846069336e-01,6.540560722351074219e-01
7.050085067749023438e-02,-3.595514893531799316e-01,-2.283811569213867188e-02
-3.217361569404602051e-01,-1.505217552185058594e-01,-4.657611846923828125e-01
-4.642324447631835938e-01,-1.366373896598815918e-01,-1.776894927024841309e-01
3.958348035812377930e-01,7.604669332504272461e-01,-6.828804612159729004e-01
-7.923898100852966309e-01,8.477182388305664062e-01,5.762493610382080078e-01
-5.535000562667846680e-01,-1.883253455162048340e-01,-1.169240474700927734e-02
4.834651947021484375e-01,-3.495348095893859863e-01,9.116530418395996094e-02
7.858092784881591797e-01,-8.765126466751098633e-01,-7.021201848983764648e-01
2.618145942687988281e-02,8.780229091644287109e-01,5.373975038528442383e-01
6.444489955902099609e-02,4.092888832092285156e-01,7.789028882980346680e-01
-6.483573913574218750e-01,-4.153701663017272949e-01,9.118268489837646484e-01
-3.681988716125488281e-01,-8.643887042999267578e-01,3.573702573776245117e-01
-8.472038507461547852e-01,8.943080902099609375e-02,-9.402972459793090820e-02
6.916817426681518555e-01,-9.996819496154785156e-01,-4.986326098442077637e-01
8.096597194671630859e-01,-1.763586401939392090e-01,4.971216917037963867e-01
9.839029312133789062e-01,4.482746124267578125e-02,-9.065772294998168945e-01
-1.465177536010742188e-02,-9.962739944458007812e-01,-6.620038151741027832e-01
-6.913905143737792969e-01,-3.343645334243774414e-01,5.289721488952636719e-02
-5.517810583114624023e-01,-1.106827855110168457e-01,-6.354404687881469727e-01
-9.090830683708190918e-01,-4.038349986076354980e-01,8.545868396759033203e-01
2.033547163009643555e-01,2.613497972488403320e-01,2.292402982711791992e-01
5.575530529022216797e-01,7.663944959640502930e-01,2.549718618392944336e-01
-8.924494981765747070e-01,2.750519514083862305e-01,-6.239432096481323242e-01
-3.868719339370727539e-01,-4.438829421997070312e-02,3.781446218490600586e-01
-5.719966292381286621e-01,8.187359571456909180e-01,-8.524537086486816406e-03
7.096110582351684570e-01,2.832169532775878906e-01,-7.426495552062988281e-01
-4.627680182456970215e-01,-9.310602545738220215e-01,9.117693901062011719e-01
-1.220880746841430664e-01,-1.729621887207031250e-01,1.349537372589111328e-01
7.519876956939697266e-02,-3.650661110877990723e-01,-2.749370336532592773e-01
5.561047792434692383e-01,-3.952920436859130859e-02,7.947722673416137695e-01
-6.812031269073486328e-01,6.398023366928100586e-01,-5.761433839797973633e-01
-1.576660275459289551e-01,1.467697620391845703e-01,-9.959121942520141602e-01
-1.488804817199707031e-01,8.755007982254028320e-01,9.002401828765869141e-01
3.931448459625244141e-01,7.708549499511718750e-02,-2.010217905044555664e-01
4.174968004226684570e-01,-3.086541295051574707e-01,-6.410086154937744141e-01
-9.561321139335632324e-01,7.295274734497070312e-01,-8.826192021369934082e-01
3.774265050888061523e-01,-5.083677768707275391e-01,7.322942018508911133e-01
5.700672864913940430e-01,5.835918188095092773e-01,9.826661348342895508e-01
-5.725759267807006836e-01,1.709594726562500000e-01,-6.953018903732299805e-02
-4.221782088279724121e-01,-8.684111237525939941e-01,1.668303012847900391e-01
4.011851549148559570e-01,-6.854964494705200195e-01,-9.609355330467224121e-01
6.109760999679565430e-01,7.012779712677001953e-01,6.718429327011108398e-01
4.716281890869140625e-01,-5.056989192962646484e-01,-7.816717624664306641e-01
1.173782348632812500e-02,5.664372444152832031e-02,3.767446279525756836e-01
-9.275427460670471191e-01,-2.862761616706848145e-01,-7.086253166198730469e-01
4.947952032089233398e-01,-5.048308968544006348e-01,3.768573999404907227e-01
-7.574260234832763672e-02,1.636106967926025391e-01,-4.572249650955200195e-01
8.738332986831665039e-01,9.466863870620727539e-01,1.247417926788330078e-02
9.317698478698730469e-01,-3.522681593894958496e-01,3.464623689651489258e-01
-9.441395998001098633e-01,8.145350217819213867e-01,-7.260689735412597656e-01
8.043684959411621094e-01,3.397243022918701172e-01,-8.450174331665039062e-01
-6.789899468421936035e-01,5.503004789352416992e-01,7.470922470092773438e-01
-3.561034202575683594e-01,-4.657927155494689941e-01,1.808452606201171875e-01
-8.588849902153015137e-01,-9.252766966819763184e-01,-3.426007628440856934e-01
-5.539574623107910156e-01,-3.866841197013854980e-01,-9.373654723167419434e-01
-4.939645528793334961e-02,-5.672264099121093750e-01,1.203609704971313477e-01
-4.179524183273315430e-01,-4.039437770843505859e-01,6.729297637939453125e-01
3.575247526168823242e-01,6.371119022369384766e-01,-6.700239181518554688e-01
-8.075109124183654785e-01,-1.590660810470581055e-01,-2.661101818084716797e-01
6.060423851013183594e-01,-9.648910164833068848e-01,-8.601628541946411133e-01
2.191967964172363281e-01,8.908667564392089844e-01,-5.368223190307617188e-01
-4.524556398391723633e-01,-6.440359354019165039e-01,6.169953346252441406e-01
-8.369753956794738770e-01,-5.536328554153442383e-01,4.997558593750000000e-01
3.279013633728027344e-01,-2.797388434410095215e-01,8.664548397064208984e-01
-8.521174788475036621e-01,2.679640054702758789e-01,8.644266128540039062e-01
9.050605297088623047e-01,8.959281444549560547e-01,-6.893998384475708008e-01
-3.825520873069763184e-01,8.767606019973754883e-01,-7.021651268005371094e-01
5.084631443023681641e-01,6.395500898361206055e-01,-6.581929922103881836e-01
2.677390575408935547e-01,-7.582423090934753418e-01,-5.133970975875854492e-01
-6.827213168144226074e-01,6.452746391296386719e-01,-7.965142726898193359e-01
-8.446917533874511719e-01,8.080847263336181641e-01,-5.960449576377868652e-01
8.297257423400878906e-01,6.933335065841674805e-01,9.894467592239379883e-01
-2.511212229728698730e-01,-9.312416911125183105e-01,-7.281470298767089844e-01
9.393546581268310547e-01,-1.317824125289916992e-01,4.144706726074218750e-01
6.283338069915771484e-01,-8.604345321655273438e-01,5.317894220352172852e-01
-2.157267928123474121e-01,2.158803939819335938e-01,-8.326373100280761719e-01
-5.155398845672607422e-01,6.768518686294555664e-01,-6.122601628303527832e-01
-9.363645911216735840e-01,-7.201279401779174805e-01,-8.635904192924499512e-01
3.527685403823852539e-01,8.135647773742675781e-01,-8.993681073188781738e-01
-6.148946285247802734e-01,8.377888202667236328e-01,-2.967828512191772461e-01
-3.404986262321472168e-01,5.553841590881347656e-02,-6.280465126037597656e-01
1.417567729949951172e-01,-8.450011014938354492e-01,-9.549368619918823242e-01
-2.059344053268432617e-01,9.633342027664184570e-01,-8.996827602386474609e-01
4.068223237991333008e-01,-2.304840683937072754e-01,-4.982673525810241699e-01
-5.415915250778198242e-01,2.399742603302001953e-01,5.064703226089477539e-01
4.285372495651245117e-01,5.218179225921630859e-01,-7.033793926239013672e-01
-8.128259778022766113e-01,5.456521511077880859e-01,-2.332146763801574707e-01
2.170348167419433594e-02,4.735821485519409180e-01,-2.088366746902465820e-01
9.087355136871337891e-01,4.191040992736816406e-02,7.896578311920166016e-02
-7.540320158004760742e-01,3.164056539535522461e-01,-4.607135653495788574e-01
-1.157500743865966797e-01,5.606662034988403320e-01,-1.245510578155517578e-01
-8.485982418060302734e-01,-9.679581522941589355e-01,1.332938671112060547e-02
4.038717746734619141e-01,9.327650070190429688e-01,-4.276546835899353027e-01
-2.026635408401489258e-02,-1.887954473495483398e-01,2.128252983093261719e-01
1.878215074539184570e-01,-3.966660499572753906e-01,3.919223546981811523e-01
-4.711897373199462891e-01,-9.895896911621093750e-01,-2.018585801124572754e-01
7.351118326187133789e-01,-2.881064414978027344e-01,-4.050653576850891113e-01
7.226903438568115234e-01,2.898995876312255859e-01,-9.476075172424316406e-01
-1.671878099441528320e-01,6.308747529983520508e-01,3.043669462203979492e-01
6.147911548614501953e-01,2.313441038131713867e-01,4.210736751556396484e-01
2.908940315246582031e-01,7.190619707107543945e-01,-6.156720519065856934e-01
-3.732381463050842285e-01,9.500985145568847656e-01,6.601154804229736328e-01
-5.215638875961303711e-01,-6.660808324813842773e-01,-6.710444688796997070e-01
7.096546888351440430e-01,6.315615177154541016e-01,-1.979298591613769531e-01
9.702260494232177734e-01,5.668625831604003906e-01,-6.189711093902587891e-01
1.966806650161743164e-01,-2.581081390380859375e-01,9.498536586761474609e-01
-1.404823064804077148e-01,-4.718722701072692871e-01,-9.747624397277832031e-03
1.949204206466674805e-01,-7.673051953315734863e-01,-7.144987583160400391e-01
7.331324815750122070e-01,-6.831181049346923828e-02,-5.583209991455078125e-01
-9.118613004684448242e-01,-1.841127276420593262e-01,-9.670366644859313965e-01
4.787982702255249023e-01,2.091925144195556641e-01,-8.760013580322265625e-01
1.098412275314331055e-01,-7.718372344970703125e-02,-7.627951502799987793e-01
-6.827044486999511719e-01,-2.528654932975769043e-01,9.962455034255981445e-01
8.132017850875854492e-01,-8.821544051170349121e-01,4.336795806884765625e-01
8.839710950851440430e-01,1.054213047027587891e-01,-2.681220769882202148e-01
5.323266983032226562e-01,9.833583831787109375e-01,6.053587198257446289e-01
-7.026677131652832031e-01,-1.920297145843505859e-01,-7.169730663299560547e-01
6.698657274246215820e-01,3.868210315704345703e-01,-6.371798515319824219e-01
3.599172830581665039e-01,9.586564302444458008e-01,-9.503890275955200195e-01
-6.751216650009155273e-01,-1.749634146690368652e-01,1.362594366073608398e-01
5.977231264114379883e-01,8.961997032165527344e-01,-2.732314467430114746e-01
-2.415816187858581543e-01,-3.195428848266601562e-02,6.715041399002075195e-01
-6.634489297866821289e-01,9.315659999847412109e-01,-1.217874288558959961e-01
-2.578141689300537109e-01,2.942442893981933594e-03,-6.087895631790161133e-01
8.318163156509399414e-01,2.981488704681396484e-01,-4.324014782905578613e-01
-6.415706872940063477e-01,6.982207298278808594e-03,-2.262905836105346680e-01
-9.322872161865234375e-01,7.340364456176757812e-01,9.585963487625122070e-01
-7.465776205062866211e-01,8.806464672088623047e-01,4.740631580352783203e-02
-3.022968769073486328e-02,-1.502087712287902832e-01,9.426940679550170898e-01
-3.031666874885559082e-01,2.808287143707275391e-01,-9.045683145523071289e-01
-6.430164575576782227e-01,-7.497536540031433105e-01,2.708905935287475586e-01
-3.292246460914611816e-01,9.386082887649536133e-01,6.971050500869750977e-01
-5.849041938781738281e-01,-3.184497356414794922e-01,1.762126684188842773e-01
-6.282783746719360352e-01,-4.218252897262573242e-01,-1.038001179695129395e-01
-4.239794611930847168e-01,6.770372390747070312e-03,-9.424597024917602539e-01
9.980595111846923828e-01,6.942868232727050781e-03,-6.281559467315673828e-01
-3.673093318939208984e-01,9.579666852951049805e-01,-7.293417453765869141e-01
2.247991561889648438e-01,3.451098203659057617e-01,7.635564804077148438e-01
-1.286734938621520996e-01,6.085891723632812500e-01,5.426340103149414062e-01
-1.777439713478088379e-01,-9.741837382316589355e-01,-7.826235890388488770e-01
4.102417230606079102e-01,-5.747934579849243164e-01,-9.371552467346191406e-01
6.170129776000976562e-02,8.384069204330444336e-01,-9.296374320983886719e-01
5.074765682220458984e-01,-5.296891927719116211e-01,4.501339197158813477e-01
-8.048933744430541992e-01,-9.348455667495727539e-01,-9.446192383766174316e-01
1.119732856750488281e-03,-5.813384652137756348e-01,3.907511234283447266e-01
-1.309722065925598145e-01,-7.188028097152709961e-01,7.248640060424804688e-01
-6.087571978569030762e-01,-2.803933024406433105e-01,-2.207323312759399414e-01
4.719814062118530273e-01,-3.974777460098266602e-01,-9.317609071731567383e-01
-9.994078874588012695e-01,1.715571880340576172e-01,-6.213851571083068848e-01
9.568848609924316406e-01,8.481645584106445312e-02,6.972267627716064453e-01
4.678430557250976562e-01,7.922565937042236328e-02,-5.975829958915710449e-01
2.205686569213867188e-01,4.954228401184082031e-01,7.957613468170166016e-01
6.657654047012329102e-01,-4.092184305191040039e-01,-7.625392079353332520e-01
-8.545022010803222656e-01,-3.836454153060913086e-01,1.634023189544677734e-01
8.055443763732910156e-01,1.699197292327880859e-02,6.670782566070556641e-01
-3.380636572837829590e-01,2.742725610733032227e-01,-8.962154388427734375e-02
-8.818043470382690430e-01,-2.086335420608520508e-01,-4.487253427505493164e-01
3.147437572479248047e-01,2.433521747589111328e-01,-4.814576506614685059e-01
-2.811696529388427734e-01,2.741208076477050781e-01,4.305080175399780273e-01
-6.831706762313842773e-01,-8.067096471786499023e-01,-8.853536844253540039e-01
-4.382106065750122070e-01,-1.759128570556640625e-01,7.981518507003784180e-01
-3.631525635719299316e-01,6.537864208221435547e-01,6.832689046859741211e-01
8.252286911010742188e-02,5.671814680099487305e-01,-4.204791188240051270e-01
1.261460781097412109e-02,4.081732034683227539e-01,4.777814149856567383e-01
3.858667612075805664e-01,8.616822957992553711e-01,7.016105651855468750e-01
-2.263756394386291504e-01,8.346314430236816406e-01,-7.185877561569213867e-01
5.848851203918457031e-01,5.707597732543945312e-01,-3.407770395278930664e-01
-5.586859583854675293e-01,5.683902502059936523e-01,-7.776075005531311035e-01
-2.908800244331359863e-01,7.100729942321777344e-01,9.101829528808593750e-01
2.979267835617065430e-01,9.410661458969116211e-01,2.512967586517333984e-01
9.544546604156494141e-01,6.616477966308593750e-01,8.477882146835327148e-01
-5.706983804702758789e-01,-6.004765629768371582e-01,-6.272891759872436523e-01
-5.797972679138183594e-01,-1.598770618438720703e-01,-7.509353756904602051e-01
-5.773732066154479980e-01,5.749022960662841797e-02,-9.487777948379516602e-02
8.253340721130371094e-01,1.569577455520629883e-01,2.084252834320068359e-01
-2.199583053588867188e-01,-4.758165478706359863e-01,-4.457169771194458008e-02
-4.249587655067443848e-01,-7.967240214347839355e-01,-4.228832721710205078e-01
-3.841997385025024414e-01,-9.199597239494323730e-01,-9.078323841094970703e-03
-3.203970789909362793e-01,-2.274525761604309082e-01,-1.721510291099548340e-01
8.317654132843017578e-01,-2.251980304718017578e-01,-1.044831275939941406e-01
5.424054861068725586e-01,-7.990330457687377930e-01,9.024810791015625000e-02
9.441190958023071289e-01,5.314201116561889648e-01,6.841251850128173828e-01
-1.554288268089294434e-01,-4.917014241218566895e-01,-2.065548896789550781e-01
-4.995683431625366211e-01,-1.090151667594909668e-01,2.170715332031250000e-01
-8.981656432151794434e-01,-9.847276210784912109e-01,-3.357349038124084473e-01
7.110691070556640625e-02,-3.874713778495788574e-01,4.173839092254638672e-01
-1.864188909530639648e-01,6.148163080215454102e-01,5.842014551162719727e-01
-2.943166494369506836e-01,-5.741697549819946289e-01,-6.273252964019775391e-01
-2.260116934776306152e-01,-8.985459804534912109e-03,6.641963720321655273e-01
-2.258269190788269043e-01,5.278710126876831055e-01,4.992054700851440430e-01
7.634936571121215820e-01,5.864309072494506836e-01,-1.943961977958679199e-01
4.270651340484619141e-01,-6.185132265090942383e-02,5.166485309600830078e-01
-9.446787834167480469e-02,1.952326297760009766e-01,-2.012916207313537598e-01
-7.345303297042846680e-01,8.316664695739746094e-01,-7.411196231842041016e-01
-2.750052213668823242e-01,3.420157432556152344e-01,-8.137320876121520996e-01
-2.641344070434570312e-01,-5.126196146011352539e-01,3.849692344665527344e-01
1.903285980224609375e-01,-2.520545125007629395e-01,8.723483085632324219e-01
8.554639816284179688e-01,-9.462826848030090332e-01,-6.334310770034790039e-02
7.915444374084472656e-01,-8.826315402984619141e-03,-4.693670868873596191e-01
-5.389965176582336426e-01,-1.402341127395629883e-01,5.290243625640869141e-01
-7.693152427673339844e-01,5.744116306304931641e-01,1.537053585052490234e-01
2.476730346679687500e-01,-1.245388984680175781e-01,6.692869663238525391e-01
2.951838970184326172e-01,-2.978582382202148438e-01,-7.509785890579223633e-01
2.997131347656250000e-01,-7.508218884468078613e-01,-1.066831946372985840e-01
-5.662181377410888672e-01,2.408748865127563477e-01,2.342958450317382812e-01
-4.349479079246520996e-01,1.171957254409790039e-01,-4.728758335113525391e-01
5.028951168060302734e-01,-1.327991485595703125e-01,-2.218993902206420898e-01
-8.515555858612060547e-01,-3.524228930473327637e-01,5.848582983016967773e-01
-6.523276567459106445e-01,4.136289358139038086e-01,8.939126729965209961e-01
-2.894566059112548828e-01,8.428406715393066406e-01,2.146296501159667969e-01
5.810332298278808594e-02,1.262595653533935547e-01,-6.742420196533203125e-01
-9.902024269104003906e-02,2.276755571365356445e-01,-9.223383665084838867e-02
2.209600210189819336e-01,-5.615763068199157715e-01,3.811987638473510742e-01
-8.926281929016113281e-01,-4.269872903823852539e-01,3.472231626510620117e-01
-6.088579893112182617e-01,2.525418996810913086e-01,8.471627235412597656e-01
6.991803646087646484e-02,5.648342370986938477e-01,8.097581863403320312e-01
-7.925199270248413086e-01,-5.503453016281127930e-01,-1.077151298522949219e-02
8.342521190643310547e-01,7.754464149475097656e-01,4.164692163467407227e-01
-1.283890008926391602e-01,3.982018232345581055e-01,2.774617671966552734e-01
6.350392103195190430e-01,3.049017190933227539e-01,-1.894754171371459961e-02
1.123356819152832031e-01,-9.215878248214721680e-01,-7.666057944297790527e-01
-2.898831367492675781e-01,3.826411962509155273e-01,9.085680246353149414e-01
-7.681553363800048828e-01,-9.860791563987731934e-01,7.706391811370849609e-01
5.476903915405273438e-02,5.837547779083251953e-01,3.801097869873046875e-01
9.805791378021240234e-01,-1.120631098747253418e-01,3.633534908294677734e-01
4.073933362960815430e-01,-4.674452543258666992e-01,-8.949458003044128418e-01
-4.171912670135498047e-01,-1.873375177383422852e-01,1.641196012496948242e-01
-5.300930738449096680e-01,2.029374837875366211e-01,-2.721786499023437500e-03
6.696907281875610352e-01,-5.916053056716918945e-02,-7.317394018173217773e-01
3.926093578338623047e-01,-6.049183607101440430e-01,2.586609125137329102e-01
-7.616412639617919922e-01,-7.606621384620666504e-01,-3.536795377731323242e-01
2.089014053344726562e-01,-9.992945194244384766e-01,4.959050416946411133e-01
-8.330091834068298340e-01,4.538859128952026367e-01,-6.571923494338989258e-01
-7.115083932876586914e-02,-5.382084250450134277e-01,-2.641854882240295410e-01
-1.774288415908813477e-01,-9.850933551788330078e-01,-1.282783746719360352e-01
7.547621726989746094e-01,8.004000186920166016e-01,5.573344230651855469e-02
6.979446411132812500e-01,5.246392488479614258e-01,5.806213617324829102e-01
-2.674223780632019043e-01,2.232695817947387695e-01,2.593798637390136719e-01
-4.074163436889648438e-01,-5.855084657669067383e-01,-1.536528468132019043e-01
5.243397951126098633e-01,-1.684895157814025879e-01,2.583249807357788086e-01
-4.647753238677978516e-01,-3.553326725959777832e-01,9.375026226043701172e-01
5.461231470108032227e-01,1.629822254180908203e-01,2.171007394790649414e-01
8.603215217590332031e-03,-8.520443439483642578e-01,-5.070220828056335449e-01
4.418581724166870117e-01,7.549027204513549805e-01,7.105830907821655273e-01
-9.821736216545104980e-01,-7.363106012344360352e-01,7.007896900177001953e-02
4.383342266082763672e-01,-8.727252483367919922e-03,5.313390493392944336e-01
2.810174226760864258e-01,-2.114618420600891113e-01,1.480382680892944336e-01
2.446540594100952148e-01,-5.303645133972167969e-01,9.089056253433227539e-01
-3.522930741310119629e-01,-7.025048732757568359e-01,3.681886196136474609e-01
-8.470091819763183594e-01,-6.492025852203369141e-01,-4.830567836761474609e-01
-6.109734773635864258e-01,5.958935022354125977e-01,5.212533473968505859e-01
8.767126798629760742e-01,-2.489835023880004883e-02,-3.202441334724426270e-01
7.869212627410888672e-01,3.341658115386962891e-01,-3.044331669807434082e-01
4.120209217071533203e-01,-6.440602540969848633e-01,1.052783727645874023e-01
6.420196294784545898e-01,3.117810487747192383e-01,1.822493076324462891e-01
-1.394358277320861816e-01,2.893022298812866211e-01,-6.018987894058227539e-01
-5.711001157760620117e-01,-3.632193803787231445e-02,9.232228994369506836e-01
1.668078899383544922e-01,-3.483328223228454590e-01,7.749832868576049805e-01
-8.224573135375976562e-01,4.300363063812255859e-01,-5.389099121093750000e-01
7.990076541900634766e-01,6.233332157135009766e-01,4.437358379364013672e-01
9.593123197555541992e-01,-5.209103822708129883e-01,3.650234937667846680e-01
5.473659038543701172e-01,-2.186865210533142090e-01,9.159517288208007812e-02
1.979013681411743164e-01,-1.862499117851257324e-01,-5.193842053413391113e-01
-6.707977056503295898e-01,5.597778558731079102e-01,3.480027914047241211e-01
-7.716014385223388672e-01,6.769064664840698242e-01,3.319922685623168945e-01
5.713850259780883789e-01,8.958232402801513672e-01,-3.325092196464538574e-01
8.252118825912475586e-01,1.995912790298461914e-01,4.143211841583251953e-01
5.771298408508300781e-01,6.478538513183593750e-01,-3.326403498649597168e-01
-7.043035030364990234e-01,-9.136706590652465820e-02,1.126905679702758789e-01
7.849931716918945312e-02,4.537100791931152344e-01,-2.083430290222167969e-01
-2.991589307785034180e-01,3.950114250183105469e-01,-2.534633874893188477e-02
3.862507343292236328e-01,-7.936190366744995117e-01,-6.998146176338195801e-01
-8.046513795852661133e-02,1.605898141860961914e-01,-5.388282537460327148e-01
-6.191698312759399414e-01,-8.102878332138061523e-01,-2.434585094451904297e-01
9.690585136413574219e-01,-5.929150581359863281e-01,-3.644586205482482910e-01
-5.105311274528503418e-01,-1.801319718360900879e-01,-3.530793190002441406e-01
-8.628022670745849609e-02,-7.935895919799804688e-01,6.414958238601684570e-01
-2.959799170494079590e-01,-6.810848116874694824e-01,8.261582851409912109e-01
-6.008518934249877930e-01,3.663907051086425781e-01,-6.416732072830200195e-01
1.220903396606445312e-01,-7.909500598907470703e-02,9.840654134750366211e-01
1.418141126632690430e-01,9.817190170288085938e-01,5.039031505584716797e-01
6.023855209350585938e-01,-3.557378053665161133e-02,4.398375749588012695e-01
-6.085462570190429688e-01,7.415639162063598633e-01,-5.417355298995971680e-01
-3.626561164855957031e-02,7.411754131317138672e-02,1.293742656707763672e-01
2.583930492401123047e-01,7.547365427017211914e-01,3.897849321365356445e-01
3.727879524230957031e-01,-7.186621427536010742e-01,5.036420822143554688e-01
2.296293973922729492e-01,1.169022321701049805e-01,-8.648594021797180176e-01
-8.108903169631958008e-01,4.775524139404296875e-02,2.869417667388916016e-01
3.199042081832885742e-01,-5.686374306678771973e-01,7.489758729934692383e-01
-1.557421684265136719e-01,-5.013476610183715820e-01,-6.856734752655029297e-01
-9.390700459480285645e-01,-3.981173038482666016e-02,6.864061355590820312e-01
-1.209985017776489258e-01,-4.300932288169860840e-01,5.394452810287475586e-01
6.233879327774047852e-01,9.624532461166381836e-01,5.845141410827636719e-01
-3.678588867187500000e-01,4.824515581130981445e-01,5.855107307434082031e-01
2.878091335296630859e-01,6.904776096343994141e-01,7.639991044998168945e-01
-9.436290860176086426e-01,5.085723400115966797e-01,1.576168537139892578e-01
-3.515636920928955078e-01,-3.986930251121520996e-01,-8.427839875221252441e-01
1.797571182250976562e-01,-7.261270284652709961e-01,5.606284141540527344e-01
8.153606653213500977e-01,6.074898242950439453e-01,7.532184123992919922e-01
-8.995689749717712402e-01,-2.727847099304199219e-01,3.976931571960449219e-01
-8.373773694038391113e-01,-7.482062578201293945e-01,-5.754344463348388672e-01
-2.161824107170104980e-01,4.337375164031982422e-01,3.453799486160278320e-01
-4.353018999099731445e-01,-8.157956600189208984e-01,1.835898160934448242e-01
6.486054658889770508e-01,-8.020980954170227051e-01,-6.812877655029296875e-01
2.505811452865600586e-01,-8.479637503623962402e-01,7.747906446456909180e-01
-6.069469451904296875e-01,9.407573938369750977e-01,5.383542776107788086e-01
6.202732324600219727e-01,-4.034069776535034180e-01,7.055913209915161133e-01
4.983097314834594727e-01,1.076649427413940430e-01,8.935889005661010742e-01
-1.671649813652038574e-01,3.801587820053100586e-01,-1.858392953872680664e-01
2.536448240280151367e-01,7.289416790008544922e-01,-2.921264171600341797e-01
6.294163465499877930e-01,-7.103467583656311035e-01,-2.567898631095886230e-01
-6.645989418029785156e-02,-8.322401642799377441e-01,8.430171012878417969e-01
-9.141488075256347656e-01,4.264272451400756836e-01,-7.299658060073852539e-01
-8.909696936607360840e-01,8.039549589157104492e-01,6.638656854629516602e-01
7.670221328735351562e-01,-8.924353718757629395e-01,6.483173370361328125e-01
-5.360474586486816406e-01,-6.828649044036865234e-01,-8.939609527587890625e-01
2.092658281326293945e-01,6.671267747879028320e-01,8.791682720184326172e-01
-9.860515594482421875e-01,7.075166702270507812e-02,9.658029079437255859e-01
3.864512443542480469e-01,6.845593452453613281e-03,-9.303306341171264648e-01
6.028844118118286133e-01,-5.011762976646423340e-01,-5.212735533714294434e-01
-4.667400121688842773e-01,-5.439460277557373047e-02,9.816108942031860352e-01
9.972537755966186523e-01,-1.601052880287170410e-01,1.901030540466308594e-01
7.562103271484375000e-01,9.265884160995483398e-01,-4.422994256019592285e-01
-5.271943807601928711e-01,-6.075155138969421387e-01,1.213564872741699219e-01
-1.480418443679809570e-02,-8.408062458038330078e-01,-8.962259888648986816e-01
8.512068986892700195e-01,9.273728132247924805e-01,-7.518576979637145996e-01
-7.716116905212402344e-01,6.648638248443603516e-01,-8.299454450607299805e-01
3.506736755371093750e-01,7.754794359207153320e-01,-5.494561195373535156e-01
-2.640795111656188965e-01,-3.614972829818725586e-01,-7.038646936416625977e-01
-6.380213499069213867e-01,-3.622054457664489746e-01,-3.065719008445739746e-01
8.359910249710083008e-01,6.857210397720336914e-01,-8.741447925567626953e-01
2.437757253646850586e-01,1.940183639526367188e-01,3.459444046020507812e-01
-2.643897533416748047e-01,-6.778860092163085938e-01,-7.852069735527038574e-01
-6.219673156738281250e-01,3.859666585922241211e-01,-1.153317093849182129e-01
-7.465913295745849609e-01,-3.689870238304138184e-01,-3.983151912689208984e-01
7.046858072280883789e-01,5.785478353500366211e-01,-5.283257961273193359e-01
-7.802522778511047363e-01,-6.528954505920410156e-01,-2.180144786834716797e-01
9.787182807922363281e-01,3.579449653625488281e-01,8.578559160232543945e-01
9.358170032501220703e-01,-3.309133052825927734e-01,-8.066287040710449219e-01
5.646159648895263672e-01,-9.766075015068054199e-01,-5.880862474441528320e-01
-1.802980899810791016e-02,-9.096363782882690430e-01,-7.301706075668334961e-02
1.818294525146484375e-01,5.120643377304077148e-01,3.911997079849243164e-01
5.900278091430664062e-01,8.975815773010253906e-02,5.928022861480712891e-01
-9.150769710540771484e-01,-5.541998147964477539e-02,3.556615114212036133e-01
9.147815704345703125e-01,5.751881599426269531e-01,-5.105619430541992188e-01
2.093842029571533203e-01,3.588935136795043945e-01,-5.687323212623596191e-01
6.731556653976440430e-01,-6.686505079269409180e-01,-6.071191430091857910e-01
-3.003755807876586914e-01,-4.288690090179443359e-01,9.490528106689453125e-01
8.036020994186401367e-01,-8.124793171882629395e-01,5.455935001373291016e-02
8.051035404205322266e-01,3.993260860443115234e-01,5.818784236907958984e-02
-9.774460196495056152e-01,4.162795543670654297e-01,1.630434989929199219e-01
9.616129398345947266e-01,-9.881454110145568848e-01,-8.776948451995849609e-01
8.098206520080566406e-01,5.856416225433349609e-01,-6.954873800277709961e-01
9.682487249374389648e-01,3.898253440856933594e-01,2.476942539215087891e-02
2.759979963302612305e-01,4.854047298431396484e-02,-7.302508354187011719e-01
-5.431993007659912109e-01,6.035447120666503906e-03,-7.806228399276733398e-01
-9.475265145301818848e-01,3.659725189208984375e-04,-3.535972833633422852e-01
-5.894063711166381836e-01,-2.781873941421508789e-01,-3.880701065063476562e-01
-3.280210494995117188e-02,1.147696971893310547e-01,7.531856298446655273e-01
4.246953725814819336e-01,-9.292199611663818359e-01,4.513150453567504883e-01
8.963650465011596680e-01,6.505857706069946289e-01,-5.777376890182495117e-02
-3.729091286659240723e-01,8.596215248107910156e-01,-5.568608045578002930e-01
-9.224832057952880859e-03,5.857328176498413086e-01,-8.771574497222900391e-02
8.261131048202514648e-01,7.793446779251098633e-01,-7.590891718864440918e-01
9.998641014099121094e-01,-3.687661886215209961e-01,7.377667427062988281e-01
-2.475858330726623535e-01,1.167993545532226562e-01,6.439543962478637695e-01
4.774563312530517578e-01,-9.527685642242431641e-01,3.226635456085205078e-01
5.395948886871337891e-02,8.946734666824340820e-01,-5.233250260353088379e-01
9.757786989212036133e-01,8.420312404632568359e-02,-1.498453617095947266e-01
-4.214687943458557129e-01,3.060473203659057617e-01,-4.993560910224914551e-01
6.521389484405517578e-01,9.947687387466430664e-01,-7.315157651901245117e-01
-4.316631555557250977e-01,-8.984119892120361328e-01,5.609470605850219727e-01
2.518203258514404297e-01,7.719956636428833008e-01,2.491850852966308594e-01
-6.825921535491943359e-01,1.698905229568481445e-01,3.097778558731079102e-01
6.058293581008911133e-01,9.686195850372314453e-01,3.006124496459960938e-01
3.099384307861328125e-01,8.492380380630493164e-01,5.563707351684570312e-01
-6.396261453628540039e-01,3.119950294494628906e-01,7.511156797409057617e-01
5.426901578903198242e-01,-5.517116785049438477e-01,7.614362239837646484e-02
-8.834076523780822754e-01,2.813510894775390625e-01,-1.814810633659362793e-01
1.930522918701171875e-02,9.358378648757934570e-01,9.429180622100830078e-01
4.349449872970581055e-01,4.180239439010620117e-01,1.224631071090698242e-01
-6.153717041015625000e-01,6.493693590164184570e-01,3.232022523880004883e-01
-3.279141187667846680e-01,-9.144282341003417969e-02,8.200774192810058594e-01
-5.165758132934570312e-01,-2.297997474670410156e-02,-4.497835636138916016e-01
-4.694278240203857422e-01,-4.163713455200195312e-01,-9.963494539260864258e-02
-3.576687574386596680e-01,-8.541190624237060547e-02,-6.404770612716674805e-01
5.413762331008911133e-01,2.255361080169677734e-01,-8.870142698287963867e-02
-3.454272747039794922e-01,-1.340091228485107422e-01,-2.290264368057250977e-01
-4.204826951026916504e-01,-5.620225667953491211e-01,3.450367450714111328e-01
5.139260292053222656e-01,-1.413000822067260742e-01,-3.557354211807250977e-01
-2.976647615432739258e-01,-7.812646627426147461e-01,-2.615855932235717773e-01
9.038836956024169922e-01,2.844271659851074219e-01,1.323398351669311523e-01
-8.242150545120239258e-01,3.842223882675170898e-01,-4.472342729568481445e-01
-2.323615550994873047e-02,2.416698932647705078e-01,-2.933542132377624512e-01
-6.791490316390991211e-01,5.229974985122680664e-01,7.149031162261962891e-01
7.328767776489257812e-01,1.729476451873779297e-01,8.184098005294799805e-01
6.977856159210205078e-01,6.359541416168212891e-02,8.916729688644409180e-01
-9.312536716461181641e-01,-1.792348623275756836e-01,4.727059602737426758e-01
-9.604179859161376953e-01,-7.365418672561645508e-01,9.843220710754394531e-01
4.222567081451416016e-01,7.178497314453125000e-01,-1.307378411293029785e-01
6.779969930648803711e-01,-4.557980895042419434e-01,-4.611778855323791504e-01
-6.228305101394653320e-01,-1.943250894546508789e-01,8.118016719818115234e-01
-3.658926486968994141e-01,-8.011049032211303711e-01,-1.039446592330932617e-01
-4.109715223312377930e-01,-8.853846788406372070e-02,-7.962465286254882812e-03
-4.057964086532592773e-01,-6.834681630134582520e-01,4.787906408309936523e-01
-4.053561687469482422e-01,3.619807958602905273e-01,8.376100063323974609e-01
8.210146427154541016e-02,-6.316094994544982910e-01,8.147313594818115234e-01
2.699804306030273438e-02,-9.610331058502197266e-01,-5.621368288993835449e-01
-3.563838601112365723e-01,8.651207685470581055e-01,-4.161206483840942383e-01
-4.052430987358093262e-01,5.378305912017822266e-01,-3.767841458320617676e-01
-9.173383712768554688e-01,3.527709245681762695e-01,2.925014495849609375e-01
-1.154354214668273926e-01,-8.402293324470520020e-01,4.511511325836181641e-01
-3.764935135841369629e-01,3.625477552413940430e-01,3.373049497604370117e-01
-2.607995867729187012e-01,-5.782408714294433594e-01,4.882020950317382812e-01
1.335680484771728516e-01,-7.418042421340942383e-01,-7.014245986938476562e-01
5.684908628463745117e-01,3.518856763839721680e-01,-8.769351243972778320e-01
5.735048055648803711e-01,-4.247893691062927246e-01,9.134104251861572266e-01
1.746834516525268555e-01,2.626849412918090820e-01,5.655784606933593750e-01
-6.759768724441528320e-01,-6.377247571945190430e-01,4.150048494338989258e-01
-2.432897686958312988e-01,-2.588347196578979492e-01,7.517714500427246094e-01
7.054065465927124023e-01,-9.811280369758605957e-01,-5.389360785484313965e-01
-5.332781076431274414e-01,4.506859779357910156e-01,-5.678178071975708008e-01
5.178613662719726562e-01,2.876805067062377930e-01,-5.634983777999877930e-01
-4.829558134078979492e-01,6.454261541366577148e-01,9.543858766555786133e-01
9.115164279937744141e-01,8.829604387283325195e-01,2.896671295166015625e-01
4.872204065322875977e-01,-3.366480469703674316e-01,-8.188349008560180664e-01
9.564425945281982422e-01,-9.134502410888671875e-01,4.799079895019531250e-02
5.468249320983886719e-02,-1.505532860755920410e-01,-6.562774181365966797e-01
-6.798640489578247070e-01,-1.159191131591796875e-02,-3.506797552108764648e-02
-3.712947964668273926e-01,-2.850348353385925293e-01,-7.616881728172302246e-01
7.751727104187011719e-02,2.809938192367553711e-01,6.318817138671875000e-01
-3.131956458091735840e-01,-7.742885351181030273e-01,6.189646720886230469e-01
-4.707643985748291016e-01,-6.263926029205322266e-01,-4.366689920425415039e-02
1.904940605163574219e-01,1.807513236999511719e-01,-6.511493921279907227e-01
-7.181426882743835449e-01,-9.258530139923095703e-01,-6.261404156684875488e-01
6.000097990036010742e-01,-9.450168013572692871e-01,-5.951008200645446777e-01
-6.679591536521911621e-01,-6.985239386558532715e-01,-9.531393647193908691e-01
-6.401383876800537109e-02,5.658904314041137695e-01,-5.053672790527343750e-01
-3.463482856750488281e-02,-9.929115772247314453e-01,8.669164180755615234e-01
-9.500081539154052734e-01,-2.957955002784729004e-01,-3.650810122489929199e-01
5.901218652725219727e-01,-4.067063331604003906e-01,3.725389242172241211e-01
6.501913070678710938e-01,-9.950645565986633301e-01,-4.593460559844970703e-01
-1.960162520408630371e-01,-7.618931531906127930e-01,-6.697750091552734375e-01
-8.459335565567016602e-01,4.524397850036621094e-01,5.582069158554077148e-01
6.218421459197998047e-02,-1.505559682846069336e-02,3.815432786941528320e-01
3.570343255996704102e-01,9.083753824234008789e-01,2.461299896240234375e-01
-6.513008475303649902e-01,-3.335503339767456055e-01,-9.229826927185058594e-01
-4.891761541366577148e-01,3.635759353637695312e-01,-8.932613134384155273e-01
2.517552375793457031e-01,-2.679852843284606934e-01,-7.548502087593078613e-01
6.232941150665283203e-01,-1.750693917274475098e-01,9.334007501602172852e-01
-3.728097677230834961e-01,2.685794830322265625e-01,1.126015186309814453e-02
3.803074359893798828e-02,-6.065801382064819336e-01,-7.664517760276794434e-01
1.774936914443969727e-01,-8.454334735870361328e-02,7.420492172241210938e-02
-6.159112453460693359e-01,-3.160822987556457520e-01,-1.921014189720153809e-01
-5.261222124099731445e-01,-2.888556122779846191e-01,3.805592060089111328e-01
3.692816495895385742e-01,6.375534534454345703e-01,5.600010156631469727e-01
-2.246801257133483887e-01,-9.151292443275451660e-01,-8.635884523391723633e-01
-5.178827047348022461e-02,6.190172433853149414e-01,-4.642452597618103027e-01
-8.188701868057250977e-01,-4.598572254180908203e-01,3.907318115234375000e-01
3.288891315460205078e-01,-1.025093793869018555e-01,-6.803377866744995117e-01
-2.671003341674804688e-01,-4.977750778198242188e-02,7.163490056991577148e-01
-1.227124929428100586e-01,-6.404911875724792480e-01,-2.902115583419799805e-01
-2.403727769851684570e-01,9.340404272079467773e-01,4.485192298889160156e-01
6.743776798248291016e-01,-8.054235577583312988e-01,-5.849577188491821289e-01
-8.541918992996215820e-01,-6.893612146377563477e-01,5.769779682159423828e-01
3.146176338195800781e-01,2.351535558700561523e-01,2.001971006393432617e-01
3.341180086135864258e-01,9.706029891967773438e-01,6.238964796066284180e-01
-4.125001430511474609e-01,-2.333000898361206055e-01,4.837588071823120117e-01
7.472934722900390625e-01,-6.036434173583984375e-01,3.941998481750488281e-01
-7.497116923332214355e-01,-7.184214591979980469e-01,-7.755336761474609375e-01
-3.221426606178283691e-01,4.732978343963623047e-01,6.328316926956176758e-01
1.398264169692993164e-01,1.769179105758666992e-01,1.282284259796142578e-01
-7.720392942428588867e-02,-7.197916507720947266e-01,-6.086504459381103516e-01
-5.934263467788696289e-01,-1.006361842155456543e-01,-6.273584365844726562e-01
-9.652026295661926270e-01,-4.799512624740600586e-01,-7.407915592193603516e-01
-4.306041598320007324e-01,6.992834806442260742e-01,3.723540306091308594e-01
-8.627617359161376953e-02,4.119887351989746094e-01,-5.610015392303466797e-01
7.788814306259155273e-01,2.917729616165161133e-01,-1.100176572799682617e-02
2.494657039642333984e-02,-9.530877470970153809e-01,4.987261295318603516e-01
4.026443958282470703e-01,4.572031497955322266e-01,-6.584988832473754883e-01
-7.975591421127319336e-01,-4.619107842445373535e-01,2.434812784194946289e-01
9.141446352005004883e-01,-8.419913649559020996e-01,7.477575540542602539e-01
8.679124116897583008e-01,3.813782930374145508e-01,1.758933067321777344e-02
-7.030755281448364258e-01,4.000437259674072266e-02,2.801977396011352539e-01
-5.285692214965820312e-01,5.683441162109375000e-01,1.183568239212036133e-01
3.378260135650634766e-01,-6.642990112304687500e-01,4.993377923965454102e-01
-3.988076448440551758e-01,5.404893159866333008e-01,-8.135163784027099609e-02
-8.975744247436523438e-01,-3.322361111640930176e-01,-9.759309887886047363e-01
4.203176498413085938e-02,2.260195016860961914e-01,1.190445423126220703e-01
-1.912567615509033203e-01,7.830463647842407227e-01,-4.141494631767272949e-01
4.035215377807617188e-01,7.048344612121582031e-01,9.908487796783447266e-01
9.963967800140380859e-01,7.132260799407958984e-01,7.319442033767700195e-01
8.542097806930541992e-01,-8.724339604377746582e-01,5.034015178680419922e-01
-7.361935377120971680e-01,-3.401094675064086914e-01,9.420843124389648438e-01
1.855554580688476562e-01,-3.504788875579833984e-02,-9.984714984893798828e-01
-6.827962398529052734e-01,7.206383943557739258e-01,6.261254549026489258e-01
-6.244190931320190430e-01,2.545583248138427734e-01,-4.758307933807373047e-01
3.536723852157592773e-01,1.293008327484130859e-01,2.968796491622924805e-01
-7.487610578536987305e-01,2.325968742370605469e-01,5.270428657531738281e-01
3.371706008911132812e-01,7.663569450378417969e-01,-8.849961757659912109e-01
-2.158324122428894043e-01,9.809219837188720703e-01,3.571293354034423828e-01
8.653097152709960938e-01,1.382087469100952148e-01,-1.430548429489135742e-01
1.961094141006469727e-01,-2.905929088592529297e-01,3.953864574432373047e-01
-3.752188682556152344e-01,4.151014089584350586e-01,-6.948301196098327637e-01
-7.139337062835693359e-01,4.382038116455078125e-02,-9.342118501663208008e-01
4.369138479232788086e-01,5.448338985443115234e-01,-4.754615426063537598e-01
-2.089859247207641602e-01,-8.033487796783447266e-01,-1.950805783271789551e-01
-7.643184661865234375e-01,9.961354732513427734e-01,-3.148419260978698730e-01
-7.996833324432373047e-01,6.941953897476196289e-01,3.918690681457519531e-01
7.006446123123168945e-01,-3.820961713790893555e-02,1.393586397171020508e-01
-4.549366831779479980e-01,-7.284067869186401367e-01,1.295590400695800781e-01
-2.251245379447937012e-01,8.248656988143920898e-01,9.359856843948364258e-01
-8.745065927505493164e-01,9.774088859558105469e-01,-3.527813553810119629e-01
2.027887105941772461e-01,7.458194494247436523e-01,3.677746057510375977e-01
7.599229812622070312e-01,5.336219072341918945e-01,-4.168538451194763184e-01
6.019457578659057617e-01,-4.973048567771911621e-01,-3.414869904518127441e-01
-1.946163177490234375e-01,4.626163244247436523e-01,7.303071022033691406e-01
2.999261617660522461e-01,-2.406592369079589844e-01,4.920791387557983398e-01
-3.769191503524780273e-01,5.785911083221435547e-01,4.888416528701782227e-01
6.548266410827636719e-01,-7.223940491676330566e-01,-1.084277629852294922e-01
8.914295434951782227e-01,8.968856334686279297e-01,-3.735391497611999512e-01
-8.971724510192871094e-01,-9.397981166839599609e-01,4.281735420227050781e-01
-2.490069270133972168e-01,-9.660375118255615234e-02,-9.826785922050476074e-01
-1.105505228042602539e-02,1.937805414199829102e-01,2.721027135848999023e-01
-9.990215301513671875e-03,7.980002164840698242e-01,9.011096954345703125e-01
8.442817926406860352e-01,3.455039262771606445e-01,3.617705106735229492e-01
1.701451539993286133e-01,-5.583195686340332031e-01,-1.182170510292053223e-01
4.588828086853027344e-01,8.919889926910400391e-01,9.955116510391235352e-01
-3.478432893753051758e-01,-3.775113821029663086e-02,-4.332403540611267090e-01
2.662509679794311523e-01,9.525477886199951172e-02,-2.630201578140258789e-01
-2.718250155448913574e-01,6.698869466781616211e-01,-6.959444284439086914e-01
4.142737388610839844e-01,-5.160428881645202637e-01,-8.368349075317382812e-02
1.467030048370361328e-01,-8.516786098480224609e-01,-1.962943673133850098e-01
9.500050544738769531e-02,9.720208644866943359e-01,6.090345382690429688e-01
-4.817843437194824219e-04,7.904016971588134766e-02,-2.691946029663085938e-01
-6.258219480514526367e-02,5.691714286804199219e-01,4.019593000411987305e-01
-8.665183782577514648e-01,-7.246545553207397461e-01,7.168613672256469727e-01
6.678093671798706055e-01,1.566131114959716797e-01,-9.347575902938842773e-01
7.690315246582031250e-01,2.119936943054199219e-01,-5.244095325469970703e-01
-6.696683168411254883e-01,-3.255029320716857910e-01,-2.939814329147338867e-01
3.438708782196044922e-01,5.943371057510375977e-01,-6.728818416595458984e-01
-1.481727957725524902e-01,-6.169351935386657715e-01,7.203099727630615234e-01
5.490937232971191406e-01,1.586081981658935547e-01,4.320383071899414062e-03
4.546806812286376953e-01,9.615705013275146484e-01,-3.971550464630126953e-01
-3.298809528350830078e-01,-1.962172985076904297e-02,8.645853996276855469e-01
9.521763324737548828e-01,2.484264373779296875e-01,1.886248588562011719e-01
-8.030440211296081543e-01,9.035615921020507812e-01,-1.181569099426269531e-01
6.207970380783081055e-01,-4.867553710937500000e-02,4.518693685531616211e-01
9.051868915557861328e-01,8.396708965301513672e-01,6.882743835449218750e-01
4.678775072097778320e-01,-5.979751348495483398e-01,-1.813613772392272949e-01
-2.700948715209960938e-02,8.955422639846801758e-01,-3.301084041595458984e-01
2.477177381515502930e-01,-6.216990351676940918e-01,-6.342085599899291992e-01
-5.523662567138671875e-01,4.041520357131958008e-01,-8.312596082687377930e-01
-8.391624689102172852e-02,-4.090839624404907227e-02,6.627583503723144531e-01
-3.853809237480163574e-01,-1.456218957901000977e-02,4.995529651641845703e-01
-7.525210976600646973e-01,-8.816931843757629395e-01,8.838783502578735352e-01
-1.379858255386352539e-01,7.575027942657470703e-01,-5.562518239021301270e-01
-6.535806655883789062e-01,-1.417284011840820312e-01,7.612167596817016602e-01
-3.368348479270935059e-01,9.381996393203735352e-01,-6.269574165344238281e-02
-3.510246276855468750e-01,-2.442167401313781738e-01,9.805166721343994141e-02
-4.143473505973815918e-01,-8.364892005920410156e-02,-4.418901205062866211e-01
8.715568780899047852e-01,-8.865582346916198730e-01,9.690567255020141602e-01
7.775237560272216797e-01,-9.900947809219360352e-01,9.836401939392089844e-01
1.376831531524658203e-01,6.847822666168212891e-02,4.057043790817260742e-01
7.438731193542480469e-02,-8.661280870437622070e-01,-5.730509757995605469e-02
4.846347570419311523e-01,-7.758688330650329590e-01,-7.536647915840148926e-01
-5.246492624282836914e-01,-7.810561060905456543e-01,8.632495403289794922e-01
-5.185295343399047852e-01,4.030424356460571289e-01,-2.879256010055541992e-01
6.267833709716796875e-01,6.295398473739624023e-01,5.226407051086425781e-01
8.452570438385009766e-01,-1.908910274505615234e-01,4.362560510635375977e-01
5.938769578933715820e-01,5.737786293029785156e-01,8.826303482055664062e-01
3.409682512283325195e-01,-8.089796900749206543e-01,-2.486367821693420410e-01
1.551818847656250000e-02,4.415469169616699219e-01,-5.374133586883544922e-01
-1.300118565559387207e-01,-4.429446458816528320e-01,5.534809827804565430e-01
-1.863886713981628418e-01,4.987909793853759766e-01,6.227684020996093750e-02
-5.491209030151367188e-01,5.435037612915039062e-02,-4.663276672363281250e-01
-2.983431816101074219e-01,-6.560904979705810547e-01,-3.471345305442810059e-01
6.950359344482421875e-01,4.085495471954345703e-01,-1.828184127807617188e-01
-8.718957901000976562e-01,-2.000099420547485352e-01,9.390558004379272461e-01
4.318310022354125977e-01,-5.062788724899291992e-01,5.874204635620117188e-02
-8.669996857643127441e-01,-1.803002953529357910e-01,-5.581935644149780273e-01
7.434290647506713867e-01,-2.402814626693725586e-01,-8.215695023536682129e-01
-2.584093809127807617e-02,5.438427925109863281e-01,9.664374589920043945e-01
4.927803277969360352e-01,9.651865959167480469e-01,1.732077598571777344e-01
6.629309654235839844e-01,6.560385227203369141e-02,3.559210300445556641e-01
-2.442831397056579590e-01,1.698472499847412109e-01,-8.502680063247680664e-01
-7.916837334632873535e-01,-1.051000952720642090e-01,3.251115083694458008e-01
1.295319795608520508e-01,-3.507083654403686523e-01,9.920232295989990234e-01
8.691809177398681641e-01,-5.621812343597412109e-01,3.844443559646606445e-01
-5.876076221466064453e-02,-4.011099934577941895e-01,7.081770896911621094e-02
8.487035036087036133e-01,3.737848997116088867e-01,-9.726542830467224121e-01
2.428978681564331055e-01,-6.457145214080810547e-01,6.259416341781616211e-01
-9.092285633087158203e-01,-2.944939136505126953e-01,-5.421763658523559570e-01
-5.412651300430297852e-01,-4.146512150764465332e-01,-2.259992361068725586e-01
7.221472263336181641e-01,-8.604995608329772949e-01,-1.326162815093994141e-01
8.604975938796997070e-01,4.481240510940551758e-01,9.254593849182128906e-01
-4.809284806251525879e-01,-6.443998813629150391e-01,-1.886981725692749023e-01
-9.230481982231140137e-01,1.138969659805297852e-01,4.733250141143798828e-01
9.501395225524902344e-01,-3.741899728775024414e-01,2.405700683593750000e-01
6.732412576675415039e-01,-2.288714647293090820e-01,-9.810369610786437988e-01
4.573076963424682617e-01,3.216187953948974609e-01,7.090179920196533203e-01
-1.416836380958557129e-01,-1.755043268203735352e-01,-4.847242236137390137e-01
-2.411466836929321289e-02,-8.964192271232604980e-01,-3.191327452659606934e-01
4.174792766571044922e-01,-4.509446024894714355e-01,-8.487442731857299805e-01
3.021180629730224609e-02,-1.253116726875305176e-01,9.165114164352416992e-01
-6.258441209793090820e-01,-8.370541334152221680e-01,-4.170748591423034668e-01
1.486041545867919922e-01,-1.376155018806457520e-01,-5.773559808731079102e-01
3.117364645004272461e-01,-9.687119722366333008e-02,1.982058286666870117e-01
-6.577229499816894531e-01,-7.152992486953735352e-02,2.882440090179443359e-01
-6.827063560485839844e-01,-1.501714587211608887e-01,4.368823766708374023e-01
-3.950085639953613281e-01,5.267566442489624023e-01,-6.821874380111694336e-01
6.627110242843627930e-01,6.112025976181030273e-01,3.409103155136108398e-01
-7.771730422973632812e-02,9.995442628860473633e-01,3.354294300079345703e-01
-2.070902585983276367e-01,-8.313984274864196777e-01,-3.660523295402526855e-01
7.970745563507080078e-01,-6.304204463958740234e-02,-7.377790212631225586e-01
-7.455122470855712891e-02,-8.913884162902832031e-01,-7.075174450874328613e-01
8.176623582839965820e-01,-2.251238822937011719e-01,-5.370758771896362305e-01
4.986144304275512695e-01,8.759809732437133789e-01,-3.269607424736022949e-01
-4.187969565391540527e-01,8.036181926727294922e-01,8.331191539764404297e-01
8.295357227325439453e-02,1.022541522979736328e-01,-5.012311339378356934e-01
5.203802585601806641e-01,3.620330095291137695e-01,-4.273134469985961914e-02
8.109257221221923828e-01,-2.251210212707519531e-01,1.552916765213012695e-01
7.188659906387329102e-01,-6.621013879776000977e-01,1.828236579895019531e-01
-9.989122748374938965e-01,-8.076473474502563477e-01,-6.463109254837036133e-01
5.527704954147338867e-01,9.551467895507812500e-01,5.573331117630004883e-01
-1.732946634292602539e-01,9.689143896102905273e-01,7.503103017807006836e-01
5.574022531509399414e-01,-6.371937990188598633e-01,9.513188600540161133e-01
4.637086391448974609e-02,-3.548547625541687012e-01,-8.516163825988769531e-01
2.318915128707885742e-01,-7.378506660461425781e-01,-2.082893848419189453e-01
-4.547551274299621582e-01,-8.249582648277282715e-01,4.513769149780273438e-01
-2.175310850143432617e-01,8.024237155914306641e-01,9.710743427276611328e-01
6.257476806640625000e-01,-6.670856475830078125e-02,7.326022386550903320e-01
-2.214260101318359375e-01,3.386068344116210938e-01,5.581594705581665039e-01
3.354905843734741211e-01,-6.034502983093261719e-01,9.779853820800781250e-01
1.633886098861694336e-01,-9.386983513832092285e-01,-4.689685702323913574e-01
-1.940191984176635742e-01,-6.013849377632141113e-01,-3.333610892295837402e-01
9.906171560287475586e-01,3.118114471435546875e-01,7.577183246612548828e-01
3.360069990158081055e-01,-3.768390417098999023e-02,-2.085100412368774414e-01
3.093822002410888672e-01,-8.962473869323730469e-01,-2.837843894958496094e-01
6.567575931549072266e-01,9.682793617248535156e-01,-9.169887304306030273e-01
-7.527791261672973633e-01,6.478140354156494141e-01,6.626691818237304688e-01
-8.173297047615051270e-01,8.050026893615722656e-01,6.493771076202392578e-01
5.339159965515136719e-01,-6.107792258262634277e-01,-6.744295358657836914e-01
4.042077064514160156e-01,4.469171762466430664e-01,3.358042240142822266e-01
-1.299324631690979004e-01,7.086279392242431641e-01,-3.789246082305908203e-02
6.587253808975219727e-01,-3.967425823211669922e-01,6.319938898086547852e-01
3.840715885162353516e-01,-6.809010505676269531e-01,6.044304370880126953e-02
-7.578647732734680176e-01,-8.307447433471679688e-01,7.671986818313598633e-01
5.200376510620117188e-01,3.804222345352172852e-01,-4.122531414031982422e-01
-9.287520051002502441e-01,-2.148798704147338867e-01,-4.939649105072021484e-01
2.440760135650634766e-01,-7.497723698616027832e-01,5.639667510986328125e-01
-3.422784805297851562e-02,-9.161037206649780273e-02,7.042461633682250977e-01
-8.286273479461669922e-02,-6.487860083580017090e-01,1.235651969909667969e-02
-8.450698256492614746e-01,4.643639326095581055e-01,4.532183408737182617e-01
-7.784937620162963867e-01,-3.329240679740905762e-01,8.678927421569824219e-01
4.228390455245971680e-01,-3.533011674880981445e-02,-7.940363883972167969e-02
-9.355079531669616699e-01,5.990661382675170898e-01,1.746287345886230469e-01
5.265123844146728516e-01,7.892636060714721680e-01,5.247702598571777344e-01
3.643214702606201172e-02,1.631869077682495117e-01,5.207437276840209961e-01
-8.364948034286499023e-01,4.882521629333496094e-01,4.235657453536987305e-01
-7.669327259063720703e-01,9.322881698608398438e-01,-7.389163374900817871e-01
-3.504139184951782227e-02,9.225314855575561523e-01,7.115168571472167969e-01
1.555957794189453125e-01,-8.310858011245727539e-01,-1.515851020812988281e-01
1.461106538772583008e-01,8.326274156570434570e-01,8.908069133758544922e-01
9.408496618270874023e-01,-9.768004417419433594e-01,6.259119510650634766e-02
2.976199388504028320e-01,-6.252356171607971191e-01,7.987999916076660156e-01
3.802787065505981445e-01,-7.424618005752563477e-01,-9.376847743988037109e-01
5.309425592422485352e-01,6.061208248138427734e-02,-7.767467498779296875e-01
-5.520668029785156250e-01,-7.358858585357666016e-01,-1.392244696617126465e-01
8.417905569076538086e-01,-9.167023897171020508e-01,-5.768984556198120117e-01
7.117229700088500977e-01,-3.413946032524108887e-01,3.497340679168701172e-01
7.774914503097534180e-01,2.234187126159667969e-01,2.306712865829467773e-01
-1.398606300354003906e-01,4.215636253356933594e-01,-8.477627635002136230e-01
-3.709825873374938965e-01,7.649070024490356445e-01,8.242692947387695312e-01
3.375887870788574219e-01,-1.727884411811828613e-01,-1.108947396278381348e-01
1.581561565399169922e-02,-4.935660362243652344e-01,-4.966050386428833008e-02
-3.133512735366821289e-01,-9.635955095291137695e-02,-2.102113962173461914e-01
7.950087785720825195e-01,6.964255571365356445e-01,2.287201881408691406e-01
-2.348804473876953125e-01,-8.076923489570617676e-01,-8.486043810844421387e-01
-5.120182037353515625e-01,3.525772094726562500e-01,6.080855131149291992e-01
2.399671077728271484e-02,-8.089981675148010254e-01,1.179687976837158203e-01
3.761248588562011719e-01,4.383099079132080078e-02,4.066601991653442383e-01
-3.084158897399902344e-02,6.121970415115356445e-01,-8.726209402084350586e-01
2.080848217010498047e-01,5.291399955749511719e-01,7.369438409805297852e-01
2.754807472229003906e-01,3.342177867889404297e-01,-4.544742703437805176e-01
2.232251167297363281e-01,-3.595146536827087402e-01,3.802185058593750000e-01
5.091737508773803711e-01,7.783643007278442383e-01,8.306142091751098633e-01
-6.649870872497558594e-01,-5.769921541213989258e-01,-1.466145515441894531e-01
5.344181060791015625e-01,-8.013916015625000000e-01,-9.659945964813232422e-02
6.074510812759399414e-01,3.260720968246459961e-01,9.896367788314819336e-01
-9.117815494537353516e-01,7.080262899398803711e-01,-4.664081335067749023e-01
-2.899676561355590820e-01,1.204001903533935547e-02,-5.973844528198242188e-01
-3.532149791717529297e-01,6.502047777175903320e-01,-4.370650649070739746e-01
-3.418882489204406738e-01,-9.185792207717895508e-01,5.724872350692749023e-01
6.926586627960205078e-01,-7.146298885345458984e-01,-5.070839524269104004e-01
-3.222481012344360352e-01,9.479423761367797852e-01,-2.517492771148681641e-01
-1.236904263496398926e-01,-8.353969454765319824e-01,-2.711736559867858887e-01
-6.294825077056884766e-01,-1.555895805358886719e-01,5.862343311309814453e-02
6.010351181030273438e-01,8.128527402877807617e-01,7.565659284591674805e-01
4.960330724716186523e-01,-1.499791145324707031e-01,-9.717255830764770508e-01
-9.855308532714843750e-01,7.043194770812988281e-01,9.184606075286865234e-01
-2.847865223884582520e-01,-6.528366208076477051e-01,-7.584118843078613281e-01
8.982068300247192383e-01,-4.964156150817871094e-01,-7.722302079200744629e-01
-1.773555874824523926e-01,-4.600121378898620605e-01,-5.420315265655517578e-01
-7.170855998992919922e-01,-3.954550027847290039e-01,5.435830354690551758e-01
1.112995147705078125e-01,2.805924415588378906e-01,-9.278762340545654297e-02
-3.094261884689331055e-02,-4.050040245056152344e-01,-1.615325212478637695e-01
8.580045700073242188e-01,1.500151157379150391e-01,6.166095733642578125e-01
2.374346256256103516e-01,-9.211730957031250000e-01,8.252413272857666016e-01
2.046500444412231445e-01,9.297347068786621094e-01,2.531569004058837891e-01
-6.851547956466674805e-01,-9.327596426010131836e-01,4.400532245635986328e-01
2.181597948074340820e-01,9.451807737350463867e-01,-8.108675479888916016e-03
-1.239261031150817871e-01,-3.535327315330505371e-01,-4.108965396881103516e-02
-6.212933063507080078e-01,-1.382130384445190430e-02,-6.544094681739807129e-01
9.730026721954345703e-01,-9.920095205307006836e-01,1.935983896255493164e-01
-8.207929134368896484e-02,9.149388074874877930e-01,4.797658920288085938e-01
8.403636217117309570e-01,2.017333507537841797e-01,7.207882404327392578e-02
6.667147874832153320e-01,-8.324104547500610352e-01,-3.912494182586669922e-01
-1.632432341575622559e-01,-7.524691820144653320e-01,-9.696303606033325195e-01
-1.918272376060485840e-01,4.973434209823608398e-01,3.270590305328369141e-02
9.902486801147460938e-01,-9.662297964096069336e-01,-3.510172963142395020e-01
-4.949254989624023438e-01,8.834038972854614258e-01,-5.405187606811523438e-03
-9.009838104248046875e-03,-5.042254924774169922e-02,-2.314016819000244141e-01
1.951919794082641602e-01,-7.540476322174072266e-02,6.546767950057983398e-01
-4.907047748565673828e-02,6.197912693023681641e-01,8.440527915954589844e-01
-5.053368806838989258e-01,-9.590647220611572266e-01,-9.537773728370666504e-01
4.517241716384887695e-01,7.958562374114990234e-01,-4.704917073249816895e-01
-5.742750763893127441e-01,3.503156900405883789e-01,6.039853096008300781e-01
2.802475690841674805e-01,6.008384227752685547e-01,-2.114510536193847656e-02
7.302522659301757812e-01,9.084551334381103516e-01,-1.144965291023254395e-01
-5.934238433837890625e-02,-9.201173782348632812e-01,-9.487665891647338867e-01
-2.608821988105773926e-01,-7.588697671890258789e-01,6.583561897277832031e-01
3.897949457168579102e-01,-3.069415688514709473e-01,4.976260662078857422e-02
-1.480414271354675293e-01,-3.294037580490112305e-01,-2.300143241882324219e-03
1.875681877136230469e-01,6.223595142364501953e-01,1.483584642410278320e-01
5.086127519607543945e-01,-9.695154428482055664e-01,9.065850973129272461e-01
-3.347032666206359863e-01,4.038774967193603516e-02,5.264153480529785156e-01
-3.584390878677368164e-01,-4.152809381484985352e-01,7.737618684768676758e-01
4.760206937789916992e-01,-6.009494066238403320e-01,-5.003430247306823730e-01
7.326356172561645508e-01,5.466953516006469727e-01,-9.275847077369689941e-01
-3.361753225326538086e-01,2.076579332351684570e-01,-7.653200030326843262e-01
-1.234879493713378906e-01,-9.292598962783813477e-01,2.394084930419921875e-01
-6.518956422805786133e-01,-1.561059951782226562e-01,3.619068861007690430e-01
4.979180097579956055e-01,7.360339164733886719e-03,-2.638597488403320312e-01
7.424968481063842773e-01,-1.712971925735473633e-02,7.206538915634155273e-01
-1.343520879745483398e-01,2.058017253875732422e-01,-1.395985484123229980e-01
5.985387563705444336e-01,-8.180490732192993164e-01,-7.645732164382934570e-01
-4.589614868164062500e-01,1.678782701492309570e-01,3.110660314559936523e-01
-2.433856725692749023e-01,4.765543937683105469e-01,8.764941692352294922e-01
