-1.000000000000000000e+00,6.365324258804321289e-01,-9.959375858306884766e-02
-1.000000000000000000e+00,7.166658639907836914e-01,3.680350780487060547e-01
-4.964905381202697754e-01,9.224925041198730469e-01,1.000000000000000000e+00
8.744406700134277344e-01,1.000000000000000000e+00,8.870015144348144531e-01
1.000000000000000000e+00,5.662502050399780273e-01,-7.721986770629882812e-01
-1.000000000000000000e+00,-9.040701985359191895e-01,-9.322910904884338379e-01
1.000000000000000000e+00,6.621786355972290039e-01,-6.003590822219848633e-01
-1.000000000000000000e+00,8.863493204116821289e-01,-9.280060529708862305e-01
7.135204076766967773e-01,-1.000000000000000000e+00,4.814821481704711914e-01
-7.856181263923645020e-01,-1.000000000000000000e+00,-5.550652742385864258e-01
6.719462871551513672e-01,3.075987100601196289e-01,1.000000000000000000e+00
1.938512325286865234e-01,-5.387067794799804688e-03,-1.000000000000000000e+00
-2.604400515556335449e-01,7.613908052444458008e-01,1.000000000000000000e+00
1.000000000000000000e+00,-7.491809129714965820e-01,-3.636425733566284180e-01
7.245295047760009766e-01,2.130295038223266602e-01,-1.000000000000000000e+00
9.794387817382812500e-01,-1.000000000000000000e+00,-5.180021524429321289e-01
-4.057060480117797852e-01,9.587799310684204102e-01,1.000000000000000000e+00
-1.000000000000000000e+00,6.758564710617065430e-01,6.471719741821289062e-01
-1.308081150054931641e-01,7.539871931076049805e-01,1.000000000000000000e+00
-1.000000000000000000e+00,-5.262922048568725586e-01,-9.942495822906494141e-02
7.301836013793945312e-01,1.000000000000000000e+00,5.219887495040893555e-01
4.894130229949951172e-01,1.000000000000000000e+00,8.728920221328735352e-01
-8.863390684127807617e-01,-1.000000000000000000e+00,-7.847595214843750000e-01
8.697187900543212891e-01,1.000000000000000000e+00,2.419270277023315430e-01
1.000000000000000000e+00,-2.648693323135375977e-02,3.777583837509155273e-01
1.000000000000000000e+00,-2.002137303352355957e-01,-7.977802753448486328e-01
4.243116378784179688e-01,-1.000000000000000000e+00,-5.412325263023376465e-01
5.156066417694091797e-01,8.644981384277343750e-01,1.000000000000000000e+00
9.139549732208251953e-01,1.000000000000000000e+00,4.119784832000732422e-01
-7.906933426856994629e-01,-1.000000000000000000e+00,9.328966140747070312e-01
5.820808410644531250e-01,9.997611045837402344e-01,1.000000000000000000e+00
9.424805641174316406e-03,4.288752079010009766e-01,-1.000000000000000000e+00
1.000000000000000000e+00,1.884541511535644531e-01,4.563413858413696289e-01
1.000000000000000000e+00,-8.274008035659790039e-01,-3.460628986358642578e-01
-1.205835938453674316e-01,-5.764173865318298340e-01,-1.000000000000000000e+00
-4.888541102409362793e-01,-1.467776298522949219e-01,1.000000000000000000e+00
-5.705497264862060547e-01,-1.000000000000000000e+00,6.295926570892333984e-01
-3.486173152923583984e-01,-1.000000000000000000e+00,3.019096851348876953e-01
-1.000000000000000000e+00,-6.473553180694580078e-01,-1.879984140396118164e-01
8.067474365234375000e-01,-2.441254854202270508e-01,1.000000000000000000e+00
1.000000000000000000e+00,8.824210166931152344e-01,7.416007518768310547e-01
1.000000000000000000e+00,-8.247713446617126465e-01,-1.573508977890014648e-02
-7.463936209678649902e-01,-1.000000000000000000e+00,9.345786571502685547e-01
-4.606977105140686035e-01,1.000000000000000000e+00,-5.105572938919067383e-01
-1.000000000000000000e+00,3.752965927124023438e-01,9.139399528503417969e-01
1.000000000000000000e+00,6.099804639816284180e-01,8.755881786346435547e-01
-1.000000000000000000e+00,-5.053943395614624023e-02,-1.381905674934387207e-01
3.191272020339965820e-01,8.248323202133178711e-01,-1.000000000000000000e+00
-8.640076518058776855e-01,-1.214743256568908691e-01,1.000000000000000000e+00
1.000000000000000000e+00,6.309612989425659180e-01,8.816611766815185547e-02
3.800047636032104492e-01,-1.000000000000000000e+00,-6.062561273574829102e-01
5.904768705368041992e-01,6.255794763565063477e-01,-1.000000000000000000e+00
-2.541899681091308594e-02,7.129994630813598633e-01,1.000000000000000000e+00
9.726136922836303711e-01,1.559706926345825195e-01,1.000000000000000000e+00
-1.000000000000000000e+00,6.721879243850708008e-01,1.594531536102294922e-01
8.785971403121948242e-01,-1.000000000000000000e+00,-6.070274114608764648e-02
2.078286409378051758e-01,1.000000000000000000e+00,8.035757541656494141e-01
1.000000000000000000e+00,-4.705846309661865234e-03,-7.632100582122802734e-01
-6.683346033096313477e-01,-9.676292538642883301e-01,-1.000000000000000000e+00
-1.000000000000000000e+00,-7.891160845756530762e-01,-8.739548921585083008e-01
8.137687444686889648e-01,-1.000000000000000000e+00,-1.030453443527221680e-01
4.697849750518798828e-01,-1.000000000000000000e+00,-8.990575075149536133e-01
1.000000000000000000e+00,3.343942165374755859e-01,-5.558384656906127930e-01
-9.740566611289978027e-01,7.437072992324829102e-01,1.000000000000000000e+00
-7.080763578414916992e-01,-1.428764462471008301e-01,-1.000000000000000000e+00
-4.385696649551391602e-01,-5.951952338218688965e-01,-1.000000000000000000e+00
6.299695968627929688e-01,1.000000000000000000e+00,5.414226055145263672e-01
-3.177523612976074219e-04,1.000000000000000000e+00,-1.230638623237609863e-01
-9.057347178459167480e-01,1.000000000000000000e+00,4.438771009445190430e-01
-1.000000000000000000e+00,-6.909918189048767090e-01,1.632468700408935547e-01
-1.706842780113220215e-01,1.000000000000000000e+00,-1.840991973876953125e-01
-2.775257825851440430e-01,-1.000000000000000000e+00,-4.787665605545043945e-01
-3.955160379409790039e-01,-1.000000000000000000e+00,-6.803997159004211426e-01
-1.000000000000000000e+00,-2.703275680541992188e-01,-8.810166716575622559e-01
1.000000000000000000e+00,-5.450382232666015625e-01,9.186131954193115234e-01
-3.533124923706054688e-02,1.000000000000000000e+00,-8.621716499328613281e-02
3.306748867034912109e-01,-6.366873979568481445e-01,-1.000000000000000000e+00
4.612574577331542969e-01,4.586588144302368164e-01,-1.000000000000000000e+00
6.948375701904296875e-02,1.000000000000000000e+00,2.515424489974975586e-01
7.906327247619628906e-01,1.000000000000000000e+00,5.191692113876342773e-01
-1.000000000000000000e+00,8.285777568817138672e-01,-8.817771673202514648e-01
5.211955308914184570e-01,1.000000000000000000e+00,5.701725482940673828e-01
-4.801990389823913574e-01,4.691342115402221680e-01,1.000000000000000000e+00
-1.771840453147888184e-01,9.909998178482055664e-01,-1.000000000000000000e+00
-7.078782320022583008e-01,2.135324478149414062e-01,-1.000000000000000000e+00
9.142161607742309570e-01,-1.625586152076721191e-01,1.000000000000000000e+00
4.709320068359375000e-01,1.000000000000000000e+00,4.260920286178588867e-01
-1.000000000000000000e+00,-7.497704029083251953e-02,3.054422140121459961e-01
1.000000000000000000e+00,-3.436072468757629395e-01,-1.904810667037963867e-01
4.625862836837768555e-01,7.225195169448852539e-01,-1.000000000000000000e+00
-3.368412852287292480e-01,-2.437174320220947266e-03,-1.000000000000000000e+00
-1.000000000000000000e+00,-4.477140307426452637e-01,-7.250219583511352539e-01
-5.624217987060546875e-01,-1.000000000000000000e+00,9.263091087341308594e-01
-6.858240365982055664e-01,-1.000000000000000000e+00,6.160213947296142578e-01
7.789635658264160156e-01,1.000000000000000000e+00,-6.090495586395263672e-01
4.895329475402832031e-01,1.000000000000000000e+00,8.905557394027709961e-01
1.000000000000000000e+00,5.034662485122680664e-01,-9.480106830596923828e-01
-2.678740024566650391e-01,-1.000000000000000000e+00,-8.834174275398254395e-01
-4.133428931236267090e-01,4.176683425903320312e-01,1.000000000000000000e+00
-4.686844348907470703e-01,-9.874072670936584473e-01,-1.000000000000000000e+00
3.225524425506591797e-01,-1.670923829078674316e-01,-1.000000000000000000e+00
4.840922355651855469e-01,1.000000000000000000e+00,-8.902860879898071289e-01
8.383911848068237305e-01,1.000000000000000000e+00,3.787183761596679688e-02
-1.000000000000000000e+00,-2.929202914237976074e-01,8.676408529281616211e-01
1.288275718688964844e-01,-1.000000000000000000e+00,-7.983101606369018555e-01
8.777563571929931641e-01,-2.615433931350708008e-01,-1.000000000000000000e+00
5.893326997756958008e-01,1.000000000000000000e+00,-1.192985177040100098e-01
4.377830028533935547e-01,-5.807027816772460938e-01,1.000000000000000000e+00
-1.000000000000000000e+00,-7.941806316375732422e-01,5.725159645080566406e-01
-8.772656917572021484e-01,-5.065472722053527832e-01,1.000000000000000000e+00
1.000000000000000000e+00,9.340835809707641602e-01,-7.369110584259033203e-01
2.024948596954345703e-01,-4.221009612083435059e-01,-1.000000000000000000e+00
6.228458881378173828e-02,4.862734079360961914e-01,-1.000000000000000000e+00
5.988540649414062500e-01,1.000000000000000000e+00,4.300760030746459961e-01
1.000000000000000000e+00,-4.367266297340393066e-01,6.912999153137207031e-01
-4.340825676918029785e-01,-1.000000000000000000e+00,-4.238303303718566895e-01
1.000000000000000000e+00,4.080235958099365234e-02,6.622128486633300781e-01
2.506921291351318359e-01,1.000000000000000000e+00,2.697064876556396484e-01
-7.825485467910766602e-01,5.811960697174072266e-01,-1.000000000000000000e+00
-1.000000000000000000e+00,1.928225755691528320e-01,7.910356521606445312e-01
-1.000000000000000000e+00,-1.818683743476867676e-01,1.171623468399047852e-01
-1.000000000000000000e+00,8.408607244491577148e-01,1.980756521224975586e-01
4.276751279830932617e-01,9.147174358367919922e-01,1.000000000000000000e+00
5.763753652572631836e-01,1.000000000000000000e+00,-6.381512880325317383e-01
-9.456272721290588379e-01,-8.024196624755859375e-01,1.000000000000000000e+00
5.776107311248779297e-02,7.097634077072143555e-01,-1.000000000000000000e+00
-1.000000000000000000e+00,6.475881338119506836e-01,-3.176218867301940918e-01
2.305479049682617188e-01,-1.000000000000000000e+00,3.123873472213745117e-01
1.000000000000000000e+00,-8.103960752487182617e-01,1.797363758087158203e-01
-4.569683670997619629e-01,1.000000000000000000e+00,-2.918962836265563965e-01
-7.463546395301818848e-01,1.000000000000000000e+00,2.919183969497680664e-01
-3.626834154129028320e-01,4.924588203430175781e-01,1.000000000000000000e+00
-3.436703681945800781e-01,-5.661628842353820801e-01,-1.000000000000000000e+00
5.519628524780273438e-02,-5.121976137161254883e-02,-1.000000000000000000e+00
-1.000000000000000000e+00,5.092966556549072266e-01,3.141921758651733398e-01
1.000000000000000000e+00,-8.621779084205627441e-01,1.681141853332519531e-01
5.927395820617675781e-01,-9.885674715042114258e-02,-1.000000000000000000e+00
7.609268426895141602e-01,-9.920253157615661621e-01,1.000000000000000000e+00
1.000000000000000000e+00,6.440125703811645508e-01,-6.124840974807739258e-01
5.403399467468261719e-02,-1.000000000000000000e+00,-1.320303678512573242e-01
-3.653965592384338379e-01,1.000000000000000000e+00,8.014265298843383789e-01
1.000000000000000000e+00,8.879938125610351562e-01,3.942508697509765625e-01
-4.537397623062133789e-02,-9.941412210464477539e-01,1.000000000000000000e+00
-7.969443798065185547e-01,-7.496535778045654297e-01,-1.000000000000000000e+00
5.596991777420043945e-01,1.000000000000000000e+00,9.963183403015136719e-01
-1.000000000000000000e+00,4.229449033737182617e-01,-7.413516640663146973e-01
-3.314664363861083984e-01,-1.000000000000000000e+00,4.900331497192382812e-01
-1.000000000000000000e+00,-2.462346553802490234e-01,8.906854391098022461e-01
1.197195053100585938e-02,-6.526777744293212891e-01,1.000000000000000000e+00
-1.000000000000000000e+00,5.482759475708007812e-01,5.593545436859130859e-01
1.000000000000000000e+00,1.475644111633300781e-02,6.918070316314697266e-01
-1.000000000000000000e+00,3.437989950180053711e-01,6.741945743560791016e-01
5.859593152999877930e-01,2.784755229949951172e-01,-1.000000000000000000e+00
1.000000000000000000e+00,-8.071788549423217773e-01,-3.420937061309814453e-02
3.941698074340820312e-01,1.000000000000000000e+00,1.623530387878417969e-01
1.000000000000000000e+00,-5.068665742874145508e-01,-9.022212028503417969e-01
1.000000000000000000e+00,-4.664573073387145996e-01,-2.628297805786132812e-01
-1.000000000000000000e+00,4.244794845581054688e-01,-2.669608592987060547e-01
1.000000000000000000e+00,-7.049562931060791016e-01,1.654969453811645508e-01
5.224694013595581055e-01,1.103324890136718750e-01,1.000000000000000000e+00
-2.821125388145446777e-01,1.000000000000000000e+00,-7.282167673110961914e-02
-1.000000000000000000e+00,3.259601593017578125e-01,-5.832365751266479492e-01
-5.931594371795654297e-01,-6.312776803970336914e-01,1.000000000000000000e+00
1.000000000000000000e+00,4.146440029144287109e-01,8.644034862518310547e-01
-7.574303150177001953e-01,5.705207586288452148e-01,1.000000000000000000e+00
-9.060496687889099121e-01,1.000000000000000000e+00,-9.813823699951171875e-01
4.350352287292480469e-02,-2.192733287811279297e-01,1.000000000000000000e+00
4.777717590332031250e-02,3.178752660751342773e-01,-1.000000000000000000e+00
4.341299533843994141e-01,-1.000000000000000000e+00,3.199980258941650391e-01
1.000000000000000000e+00,2.870168685913085938e-01,6.542764902114868164e-01
1.000000000000000000e+00,9.156382083892822266e-01,-2.696526050567626953e-01
7.083296775817871094e-03,-6.351065635681152344e-02,-1.000000000000000000e+00
1.846320629119873047e-01,-1.000000000000000000e+00,1.319066286087036133e-01
1.286100149154663086e-01,-1.000000000000000000e+00,-8.683443069458007812e-01
-1.000000000000000000e+00,5.726597309112548828e-01,6.715953350067138672e-01
-1.000000000000000000e+00,-8.177218437194824219e-01,-5.693491697311401367e-01
1.000000000000000000e+00,5.912396907806396484e-01,-3.130294680595397949e-01
-1.000000000000000000e+00,7.845504283905029297e-01,-5.306881666183471680e-02
7.807766199111938477e-01,-2.423232793807983398e-02,1.000000000000000000e+00
2.415950298309326172e-01,-2.954847812652587891e-01,-1.000000000000000000e+00
-6.587111949920654297e-01,1.000000000000000000e+00,-8.605339527130126953e-01
-9.685431718826293945e-01,-3.451435565948486328e-01,-1.000000000000000000e+00
-1.000000000000000000e+00,7.816102504730224609e-01,-2.939310669898986816e-01
6.534423828125000000e-01,1.000000000000000000e+00,-8.741191625595092773e-01
6.537754535675048828e-01,-1.000000000000000000e+00,-3.549526333808898926e-01
5.713224411010742188e-03,3.216476440429687500e-01,-1.000000000000000000e+00
-2.659897804260253906e-01,4.922744035720825195e-01,1.000000000000000000e+00
-6.804574728012084961e-01,-1.000000000000000000e+00,-4.974774718284606934e-01
-9.844551682472229004e-01,7.326411008834838867e-01,1.000000000000000000e+00
-1.000000000000000000e+00,3.247880935668945312e-02,-3.523923754692077637e-01
1.000000000000000000e+00,1.595926284790039062e-01,5.672589540481567383e-01
7.207195758819580078e-01,-1.000000000000000000e+00,6.556943655014038086e-01
-6.070062518119812012e-01,-1.000000000000000000e+00,-1.650012135505676270e-01
1.278629302978515625e-01,-1.000000000000000000e+00,-3.251543641090393066e-01
1.000000000000000000e+00,-9.387933015823364258e-01,4.636948108673095703e-01
9.484914541244506836e-01,8.557354211807250977e-01,-1.000000000000000000e+00
3.273681402206420898e-01,1.000000000000000000e+00,5.753722190856933594e-01
-6.724609732627868652e-01,-8.725915551185607910e-01,1.000000000000000000e+00
7.250297069549560547e-02,-4.327942132949829102e-01,-1.000000000000000000e+00
8.220949172973632812e-01,-1.000000000000000000e+00,-6.681672334671020508e-01
-4.689086079597473145e-01,2.694175243377685547e-01,6.709426641464233398e-01
7.009316682815551758e-01,6.866562366485595703e-02,6.266530752182006836e-01
6.493494510650634766e-01,4.603086709976196289e-01,3.468153476715087891e-01
-8.879417777061462402e-01,9.937164783477783203e-01,8.765692710876464844e-01
-4.330397248268127441e-01,-7.132220268249511719e-01,-1.603534221649169922e-01
2.496639490127563477e-01,9.877347946166992188e-01,5.212129354476928711e-01
-4.079124927520751953e-01,6.253578662872314453e-01,-2.154837250709533691e-01
-6.990133523941040039e-01,-4.126279354095458984e-01,-1.747813820838928223e-01
8.990054130554199219e-01,-4.106176495552062988e-01,-2.722570896148681641e-01
7.235029935836791992e-01,3.890093564987182617e-01,8.709303140640258789e-01
2.923367023468017578e-01,7.096017599105834961e-01,-6.069477796554565430e-01
8.385989665985107422e-01,-1.805003285408020020e-01,-5.914752483367919922e-01
1.864372491836547852e-01,-6.436963677406311035e-01,-6.629908680915832520e-01
2.232328653335571289e-01,-7.921001911163330078e-01,6.334912776947021484e-01
8.074892759323120117e-01,6.900504827499389648e-01,3.258705139160156250e-01
-7.161064147949218750e-01,7.925968170166015625e-01,-2.995119690895080566e-01
-8.844152092933654785e-01,-4.149526357650756836e-01,5.121808052062988281e-01
-8.116220235824584961e-01,-2.796137928962707520e-01,2.870948314666748047e-01
3.423612117767333984e-01,-1.204123497009277344e-01,1.461962461471557617e-01
-3.644883632659912109e-02,6.894906759262084961e-01,-7.145862579345703125e-01
-8.570701479911804199e-01,8.134771585464477539e-01,8.103647232055664062e-01
-6.093847751617431641e-01,3.135610818862915039e-01,8.974807262420654297e-01
8.445479869842529297e-01,-7.983884811401367188e-01,9.695302248001098633e-01
-3.475837707519531250e-01,3.666986227035522461e-01,-6.582618355751037598e-01
-2.790606617927551270e-01,-6.959470510482788086e-01,1.615700721740722656e-01
6.010911464691162109e-01,6.916011571884155273e-01,5.973613262176513672e-01
9.258222579956054688e-01,1.617436408996582031e-01,8.911648988723754883e-01
9.387232065200805664e-01,-8.607053756713867188e-02,-3.468680977821350098e-01
-5.953401923179626465e-01,1.765749454498291016e-01,1.197229623794555664e-01
1.030712127685546875e-01,-8.821560144424438477e-01,-8.636621236801147461e-01
-6.060283184051513672e-01,5.086652040481567383e-01,1.278800964355468750e-01
-4.000594019889831543e-01,-7.631711959838867188e-01,-8.523021936416625977e-01
-6.541014909744262695e-01,4.909410476684570312e-01,-4.947714805603027344e-01
1.789109706878662109e-01,-2.841620445251464844e-01,2.790808677673339844e-01
7.141351699829101562e-01,3.749042749404907227e-01,-3.518845438957214355e-01
-8.663477897644042969e-01,-3.721228837966918945e-01,-3.406976461410522461e-01
-9.650873541831970215e-01,-3.622803092002868652e-01,-2.518581151962280273e-01
-1.338853836059570312e-01,-3.071289062500000000e-01,9.572137594223022461e-01
-4.929113388061523438e-02,1.672601699829101562e-01,-2.805033922195434570e-01
3.179464340209960938e-01,-1.874856948852539062e-01,1.765664815902709961e-01
-6.355732679367065430e-01,-5.535657405853271484e-01,-5.743215084075927734e-01
4.187285900115966797e-02,9.845864772796630859e-02,2.807927131652832031e-02
-6.552801132202148438e-01,4.185069799423217773e-01,7.970798015594482422e-02
-6.987139582633972168e-01,1.279244422912597656e-01,7.820614576339721680e-01
9.777523279190063477e-01,1.873126029968261719e-01,4.860904216766357422e-01
-1.815042495727539062e-01,5.500581264495849609e-01,-1.399374604225158691e-01
4.229053258895874023e-01,-9.992895126342773438e-01,3.696632385253906250e-02
-8.891901373863220215e-01,3.709052801132202148e-01,2.718875408172607422e-01
-4.741128683090209961e-01,2.269017696380615234e-01,4.566466808319091797e-02
3.616712093353271484e-01,-2.405262589454650879e-01,-8.072906732559204102e-02
-4.655551314353942871e-01,7.681918144226074219e-02,5.592440366744995117e-01
3.011022806167602539e-01,-1.282715201377868652e-01,-9.404286742210388184e-01
9.914456605911254883e-01,3.447175025939941406e-03,4.704186916351318359e-01
6.792111396789550781e-01,-7.018525600433349609e-01,-2.817289233207702637e-01
8.994945287704467773e-01,-7.571637630462646484e-01,-8.094376325607299805e-01
4.565248489379882812e-01,-9.209254384040832520e-01,8.706634044647216797e-01
7.671674489974975586e-01,7.950183153152465820e-01,-5.619041919708251953e-01
7.786930799484252930e-01,7.979552745819091797e-01,8.904761075973510742e-01
2.010285854339599609e-01,7.035499811172485352e-01,4.057025909423828125e-01
9.916285276412963867e-01,-7.715157270431518555e-01,-4.991732835769653320e-01
5.745693445205688477e-01,9.402778148651123047e-01,-2.847955226898193359e-01
6.298031806945800781e-01,-1.978934407234191895e-01,2.670800685882568359e-01
-9.600753784179687500e-01,-1.096355915069580078e-02,-9.916813969612121582e-01
-7.374411821365356445e-02,5.855295658111572266e-01,5.376940965652465820e-01
-7.749898433685302734e-01,-6.130853891372680664e-01,-7.753406763076782227e-01
-2.757099866867065430e-01,-3.048536777496337891e-01,-4.124240279197692871e-01
4.595870971679687500e-01,2.298388481140136719e-01,7.387773990631103516e-01
-1.398984193801879883e-01,-4.650454521179199219e-01,6.707668304443359375e-02
4.328024387359619141e-02,-6.194630265235900879e-01,-5.642759799957275391e-01
5.229754447937011719e-01,-8.483802676200866699e-01,6.464660167694091797e-02
1.312851905822753906e-02,4.160448312759399414e-01,-7.246315479278564453e-01
-5.154068470001220703e-01,7.526972293853759766e-01,5.772933959960937500e-01
2.999000549316406250e-01,1.685774326324462891e-01,8.085155487060546875e-01
6.574469804763793945e-01,-1.904556751251220703e-01,2.400512695312500000e-01
9.188547134399414062e-01,4.565852880477905273e-01,-6.517046689987182617e-02
6.246294975280761719e-01,-8.235321640968322754e-01,-2.362578511238098145e-01
1.196388006210327148e-01,-6.160842776298522949e-01,1.454201936721801758e-01
6.210244894027709961e-01,2.036329507827758789e-01,-8.436123728752136230e-01
-6.672698259353637695e-02,6.650185585021972656e-02,-2.510681748390197754e-01
-2.884325981140136719e-01,2.916402816772460938e-01,9.584565162658691406e-01
7.521812915802001953e-01,-4.276978969573974609e-01,-2.865538597106933594e-01
-6.685684919357299805e-01,8.691500425338745117e-01,6.393671035766601562e-03
-7.221282720565795898e-01,9.643876552581787109e-02,-5.701790452003479004e-01
9.513297080993652344e-01,7.286405563354492188e-01,-9.505255818367004395e-01
-9.350130558013916016e-01,3.707683086395263672e-01,7.662713527679443359e-02
-7.806648015975952148e-01,-7.340458631515502930e-01,-9.176004528999328613e-01
9.976654052734375000e-01,1.249454021453857422e-01,-4.547346830368041992e-01
-6.509274244308471680e-02,-5.890221595764160156e-01,4.572501182556152344e-01
-1.435768604278564453e-02,-9.915713667869567871e-01,5.624874830245971680e-01
1.265562772750854492e-01,7.232356071472167969e-02,-2.821691036224365234e-01
6.089638471603393555e-01,-7.394206523895263672e-02,1.883684396743774414e-01
6.768780946731567383e-01,-2.077736258506774902e-01,-5.843439102172851562e-01
7.032414674758911133e-01,8.768844604492187500e-01,-7.317335605621337891e-01
-2.904658913612365723e-01,-3.386306762695312500e-01,-1.689972281455993652e-01
-2.936487197875976562e-01,-5.000713467597961426e-01,3.422425985336303711e-01
-8.684011101722717285e-01,1.531057357788085938e-01,-3.272795677185058594e-02
8.613729476928710938e-02,-5.871741175651550293e-01,5.071097612380981445e-01
-1.423711180686950684e-01,-3.647403120994567871e-01,-2.131920456886291504e-01
4.942122697830200195e-01,-7.488468885421752930e-01,1.274189949035644531e-01
-4.313500523567199707e-01,-5.979562997817993164e-01,9.864610433578491211e-01
2.299857139587402344e-02,8.870595693588256836e-01,7.399870157241821289e-01
9.802759885787963867e-01,2.491782903671264648e-01,-4.324535727500915527e-01
1.765743494033813477e-01,5.322283506393432617e-01,-9.838399887084960938e-01
7.406536340713500977e-01,9.528080224990844727e-01,-3.786420226097106934e-01
3.699687719345092773e-01,-7.256637811660766602e-01,-5.123165845870971680e-01
-5.839910507202148438e-01,9.549498558044433594e-01,-2.712142467498779297e-01
-5.916503667831420898e-01,2.385275363922119141e-01,-8.733826875686645508e-01
2.782407999038696289e-01,-5.753573179244995117e-01,-2.183618545532226562e-01
-2.369393706321716309e-01,-8.187749385833740234e-01,5.422588586807250977e-01
-3.209698200225830078e-02,3.320883512496948242e-01,3.425422906875610352e-01
-5.137324333190917969e-02,-9.124711155891418457e-01,3.909332752227783203e-01
-7.179499864578247070e-01,7.125340700149536133e-01,5.353020429611206055e-01
6.479097604751586914e-01,-3.410896062850952148e-01,-1.967203021049499512e-01
1.809487342834472656e-01,-1.137182116508483887e-01,6.154865026473999023e-01
2.061188220977783203e-02,6.453937292098999023e-01,5.758237838745117188e-02
6.315947771072387695e-01,-7.767598628997802734e-01,9.015412330627441406e-01
-1.877126693725585938e-01,-9.881759881973266602e-01,8.854401111602783203e-02
6.891921758651733398e-01,-7.657129764556884766e-01,4.004673957824707031e-01
-1.400603652000427246e-01,3.011689186096191406e-01,3.430080413818359375e-01
6.749629974365234375e-02,8.653630018234252930e-01,7.406638860702514648e-01
3.034553527832031250e-01,7.414054870605468750e-02,-9.134989976882934570e-02
3.226325511932373047e-01,5.787259340286254883e-01,9.868847131729125977e-01
2.813380956649780273e-01,1.194963455200195312e-01,-8.603100776672363281e-01
8.176418542861938477e-01,-9.771260023117065430e-01,8.084233999252319336e-01
-7.153853178024291992e-01,7.665718793869018555e-01,5.126971006393432617e-01
8.207674026489257812e-01,6.514260768890380859e-01,-9.948037266731262207e-01
6.385577917098999023e-01,-3.298658132553100586e-02,-7.853360772132873535e-01
-3.265609741210937500e-01,-5.833685398101806641e-03,-4.869066476821899414e-01
-1.939997673034667969e-01,-7.005929946899414062e-03,-1.538581848144531250e-01
-6.755546331405639648e-01,8.496954441070556641e-01,-7.025003433227539062e-02
-6.553059220314025879e-01,-7.835161089897155762e-01,-1.952455639839172363e-01
-9.344551563262939453e-01,5.589634180068969727e-01,6.976331472396850586e-01
3.280903100967407227e-01,9.809529781341552734e-02,-3.086419105529785156e-01
8.816480636596679688e-03,-7.249557971954345703e-01,7.708711624145507812e-01
-1.680080294609069824e-01,-1.277561783790588379e-01,3.960744142532348633e-01
-5.154567956924438477e-01,-8.754896521568298340e-01,7.535300254821777344e-01
-4.373943805694580078e-02,3.646116256713867188e-01,-7.747337818145751953e-01
5.081013441085815430e-01,-8.791562914848327637e-01,9.101462364196777344e-01
-1.591889262199401855e-01,-6.639249324798583984e-01,-9.696834683418273926e-01
-2.539203763008117676e-01,-4.531791806221008301e-01,1.184575557708740234e-01
8.002948760986328125e-01,-7.926586866378784180e-01,-4.547852277755737305e-02
-9.894368052482604980e-01,-2.984074354171752930e-01,-4.093205928802490234e-01
2.205621004104614258e-01,-6.036570072174072266e-01,2.494425773620605469e-01
9.586298465728759766e-02,-5.972273945808410645e-01,2.791206836700439453e-01
-9.364567995071411133e-01,-8.192355632781982422e-01,-9.624096155166625977e-01
2.507919073104858398e-01,2.864069938659667969e-01,-3.405094742774963379e-01
-9.848433732986450195e-01,9.886336326599121094e-02,3.427509069442749023e-01
5.828351974487304688e-01,4.085909128189086914e-01,-1.662946343421936035e-01
-5.846666097640991211e-01,8.473896980285644531e-01,2.427175045013427734e-01
-4.965054988861083984e-02,5.339782238006591797e-01,-6.856263875961303711e-01
9.286303520202636719e-01,4.475295543670654297e-01,-8.202642202377319336e-02
8.836684226989746094e-01,4.766782522201538086e-01,6.150308847427368164e-01
2.062659263610839844e-01,5.703551769256591797e-01,-5.872894525527954102e-01
9.204801321029663086e-01,-4.782825708389282227e-01,-3.663832545280456543e-01
-8.472840189933776855e-01,4.655680656433105469e-01,4.570370912551879883e-01
2.571426630020141602e-01,7.809269428253173828e-02,-3.531622290611267090e-01
-4.819387197494506836e-01,-1.525977253913879395e-01,-4.620964527130126953e-01
2.830179929733276367e-01,-8.760567903518676758e-01,-8.288806676864624023e-01
-6.686029434204101562e-01,-9.807465076446533203e-01,-7.036590576171875000e-01
-4.612818956375122070e-01,1.389032602310180664e-01,2.725255489349365234e-01
-4.396882057189941406e-01,-4.374151825904846191e-01,-9.061420559883117676e-01
-9.660293459892272949e-01,-1.519603133201599121e-01,1.685786247253417969e-01
9.672690629959106445e-01,8.508027791976928711e-01,-4.725717902183532715e-01
8.799709081649780273e-01,-7.870475053787231445e-01,-6.441699862480163574e-01
-2.127422094345092773e-01,-5.447914600372314453e-01,8.988536596298217773e-01
-6.846207380294799805e-02,-7.460117340087890625e-02,3.466336727142333984e-01
-6.076982617378234863e-01,-9.224942922592163086e-01,-9.245730638504028320e-01
8.568298816680908203e-02,-8.391571044921875000e-01,-6.057048439979553223e-01
-9.485015869140625000e-01,-8.747056126594543457e-01,-5.597788095474243164e-01
8.708610534667968750e-01,1.415718793869018555e-01,9.467695951461791992e-01
-2.505567073822021484e-01,5.054755210876464844e-01,-4.003721475601196289e-01
-1.229618191719055176e-01,3.020968437194824219e-01,-4.184483885765075684e-01
6.900942325592041016e-01,-2.298026680946350098e-01,-4.924540519714355469e-01
6.714034080505371094e-01,6.990602016448974609e-01,2.339462041854858398e-01
-6.115016341209411621e-01,8.490899801254272461e-01,7.579706907272338867e-01
-6.927526593208312988e-01,7.926671504974365234e-01,7.681498527526855469e-01
-3.519127964973449707e-01,7.072093486785888672e-01,5.669664144515991211e-01
4.714492559432983398e-01,6.221091747283935547e-02,-5.846145153045654297e-01
9.111578464508056641e-01,8.232872486114501953e-01,-8.347373008728027344e-01
-8.100695610046386719e-01,8.347527980804443359e-01,-9.717162847518920898e-01
6.109896898269653320e-01,-8.724061846733093262e-01,8.147892951965332031e-01
1.053458452224731445e-01,6.834201812744140625e-01,6.922024488449096680e-01
-1.074255108833312988e-01,1.861882209777832031e-01,4.772238731384277344e-01
9.885526895523071289e-01,2.222194671630859375e-01,-2.643477916717529297e-01
-6.026176214218139648e-01,-6.652941703796386719e-01,-1.289778947830200195e-01
9.881860017776489258e-01,-8.914874196052551270e-01,3.439258337020874023e-01
5.168391466140747070e-01,-8.355102539062500000e-01,6.093217134475708008e-01
-8.368015289306640625e-01,9.055541753768920898e-01,4.375218152999877930e-01
-3.957529067993164062e-01,-9.522272348403930664e-01,-5.493229031562805176e-01
1.396532058715820312e-01,7.703381776809692383e-01,-4.832293987274169922e-01
9.034543037414550781e-01,8.720206022262573242e-01,5.618102550506591797e-01
3.503441810607910156e-02,-3.704231381416320801e-01,-8.148457407951354980e-01
9.030867815017700195e-01,9.532985687255859375e-01,4.641711711883544922e-02
1.426669359207153320e-01,7.242997884750366211e-01,1.122832298278808594e-03
2.594161033630371094e-02,-5.901877880096435547e-01,-3.109440803527832031e-01
3.817734718322753906e-01,-2.755902409553527832e-01,-1.476989984512329102e-01
1.664638519287109375e-02,-1.102297902107238770e-01,-6.355881690979003906e-01
-8.972089290618896484e-01,-9.142625331878662109e-01,-4.884935617446899414e-01
-2.410360574722290039e-01,2.861875295639038086e-01,8.180917501449584961e-01
-1.782553791999816895e-01,5.076531171798706055e-01,-2.955914735794067383e-01
9.399329423904418945e-01,2.608091831207275391e-01,6.610598564147949219e-01
3.610603809356689453e-01,5.884517431259155273e-01,3.217083215713500977e-01
4.349222183227539062e-01,3.155014514923095703e-01,1.735990047454833984e-01
1.726350784301757812e-01,4.854012727737426758e-01,3.491446971893310547e-01
-7.604750990867614746e-01,6.134434938430786133e-01,9.858846664428710938e-02
-1.781095862388610840e-01,-3.781963586807250977e-01,1.345831155776977539e-01
7.664072513580322266e-01,-1.027523279190063477e-01,-5.516782402992248535e-01
-6.743402481079101562e-01,-6.459769606590270996e-01,8.012355566024780273e-01
-1.482808589935302734e-02,8.689122200012207031e-01,4.357141256332397461e-01
3.606877326965332031e-01,-7.885731458663940430e-01,-5.052946805953979492e-01
7.499883174896240234e-01,2.667566537857055664e-01,-4.342446923255920410e-01
1.719820499420166016e-01,-2.495256066322326660e-01,-9.806235432624816895e-01
1.292598247528076172e-02,1.551692485809326172e-01,-2.509870529174804688e-01
7.734197378158569336e-01,1.308500766754150391e-01,-5.375491380691528320e-01
-8.933058381080627441e-01,-8.517317771911621094e-01,7.354465723037719727e-01
2.002753019332885742e-01,-4.220701456069946289e-01,5.293036699295043945e-01
-2.731310725212097168e-01,5.951263904571533203e-01,-9.088653922080993652e-01
7.696267366409301758e-01,-9.424337744712829590e-01,-1.833918094635009766e-01
2.577580213546752930e-01,8.328632116317749023e-01,5.963344573974609375e-01
-7.925537824630737305e-01,-4.380881190299987793e-01,9.522358179092407227e-01
3.284887075424194336e-01,-2.455354332923889160e-01,8.004031181335449219e-01
4.789412021636962891e-02,-7.901688218116760254e-01,1.178888082504272461e-01
-8.529177904129028320e-01,-8.788405060768127441e-01,-1.736892461776733398e-01
-1.945272088050842285e-01,6.856769323348999023e-01,7.680387496948242188e-01
-9.046623110771179199e-01,-6.970999240875244141e-01,-4.850053787231445312e-02
-3.840625286102294922e-03,-9.305942654609680176e-01,4.201153516769409180e-01
-6.487114429473876953e-01,5.943799018859863281e-01,-1.177359819412231445e-01
3.506397008895874023e-01,-7.267243862152099609e-01,-4.772228002548217773e-02
-2.284057140350341797e-01,2.038818597793579102e-01,5.983269214630126953e-01
1.353052854537963867e-01,-9.026212096214294434e-01,-5.125504732131958008e-01
2.932503223419189453e-01,8.571122884750366211e-01,3.261424303054809570e-01
8.045918941497802734e-01,-5.152043104171752930e-01,8.927342891693115234e-01
4.088076353073120117e-01,-7.054491043090820312e-01,-9.781259298324584961e-02
4.939330816268920898e-01,-9.859471321105957031e-01,-2.421749830245971680e-01
6.966859102249145508e-01,-1.785311698913574219e-01,-9.220817685127258301e-01
-1.297721862792968750e-01,-6.478865146636962891e-01,-5.296181440353393555e-01
-6.216168403625488281e-02,-6.549053192138671875e-01,1.137322187423706055e-01
-1.491496562957763672e-01,9.836752414703369141e-01,9.643640518188476562e-01
-4.895535111427307129e-01,-7.393473386764526367e-02,-2.050178647041320801e-01
-1.425527334213256836e-01,-1.904541254043579102e-02,-7.404323220252990723e-01
-3.782775998115539551e-01,3.974677324295043945e-01,9.730272293090820312e-01
3.856489658355712891e-01,-4.175968766212463379e-01,9.137496948242187500e-01
-4.792768359184265137e-01,5.300642251968383789e-01,2.939988374710083008e-01
9.699137210845947266e-01,5.942209959030151367e-01,9.386823177337646484e-01
3.438448905944824219e-02,5.372391939163208008e-01,-2.888262867927551270e-01
5.636446475982666016e-01,4.923379421234130859e-02,-1.882280707359313965e-01
-1.362475156784057617e-01,-5.343359708786010742e-02,6.372499465942382812e-02
5.604108572006225586e-01,7.775671482086181641e-01,-2.015440464019775391e-01
-9.119629859924316406e-03,4.288427829742431641e-01,-9.962499737739562988e-01
8.504209518432617188e-01,-3.008802533149719238e-01,9.529973268508911133e-01
6.059575080871582031e-02,-1.505001783370971680e-01,5.702185630798339844e-02
-2.405607104301452637e-01,3.860324621200561523e-01,-2.715234756469726562e-01
-6.037741899490356445e-01,-2.681741118431091309e-01,3.311753273010253906e-02
-9.613215923309326172e-03,-5.300219058990478516e-01,5.034633874893188477e-01
-1.801799535751342773e-01,-6.371833086013793945e-01,8.909916877746582031e-02
3.294711112976074219e-01,-7.503865361213684082e-01,8.739159107208251953e-01
7.464250326156616211e-01,8.969957828521728516e-01,-3.934370875358581543e-01
4.527226686477661133e-01,7.652651071548461914e-01,-1.577741503715515137e-01
-1.862819790840148926e-01,-6.797758340835571289e-01,-3.002793192863464355e-01
-5.233854055404663086e-01,6.502449512481689453e-01,3.749691247940063477e-01
-2.989175319671630859e-01,-2.200385928153991699e-01,-1.465129256248474121e-01
-9.068048000335693359e-02,-8.224812150001525879e-01,8.655622005462646484e-01
1.810988187789916992e-01,8.345419168472290039e-01,-4.388137459754943848e-01
3.789113759994506836e-01,7.116332054138183594e-01,7.394788265228271484e-01
-1.896983385086059570e-02,4.335844516754150391e-02,-9.864712953567504883e-01
9.665032625198364258e-01,3.575019836425781250e-01,7.688132524490356445e-01
5.914893150329589844e-01,-9.994567036628723145e-01,-4.908978939056396484e-01
-8.122465014457702637e-01,8.206288814544677734e-01,2.710362672805786133e-01
5.827623605728149414e-01,4.876102209091186523e-01,-1.768310666084289551e-01
-5.882264375686645508e-01,6.026301383972167969e-01,-4.284009337425231934e-01
2.922340631484985352e-01,-8.998070955276489258e-01,-1.032342910766601562e-01
1.079986095428466797e-01,-5.170834064483642578e-01,1.300494670867919922e-01
-7.827478647232055664e-01,2.867205142974853516e-01,6.896601915359497070e-01
6.023312807083129883e-01,-5.350063443183898926e-01,-3.254542350769042969e-01
9.263038635253906250e-03,1.730335950851440430e-01,-8.848546147346496582e-01
3.305010795593261719e-01,2.021489143371582031e-01,-5.980878472328186035e-01
9.720976352691650391e-01,6.401274204254150391e-01,-7.038989067077636719e-01
4.082406759262084961e-01,-8.863044977188110352e-01,2.989964485168457031e-01
8.031674623489379883e-01,1.041015386581420898e-01,-4.422745704650878906e-01
-6.808686852455139160e-01,-8.936303853988647461e-01,-5.304176807403564453e-01
1.953327655792236328e-01,-5.377974510192871094e-01,-7.620317339897155762e-01
4.953002929687500000e-01,8.655740022659301758e-01,-5.080541372299194336e-01
-9.053342342376708984e-01,-9.947265386581420898e-01,8.213543891906738281e-02
3.833770751953125000e-02,-3.805398941040039062e-02,7.284923791885375977e-01
6.718469858169555664e-01,3.048233985900878906e-01,-5.756801366806030273e-01
1.683537960052490234e-01,-1.017332077026367188e-03,7.906666994094848633e-01
-6.416410207748413086e-01,7.325578927993774414e-01,2.039543390274047852e-01
8.568623065948486328e-01,-8.219596743583679199e-01,-3.566316366195678711e-01
3.683201074600219727e-01,3.511594533920288086e-01,2.768528461456298828e-02
-4.258702993392944336e-01,-8.382534980773925781e-02,-8.477336168289184570e-02
-2.947934269905090332e-01,9.595979452133178711e-01,-3.036636114120483398e-02
5.489561557769775391e-01,-7.099444866180419922e-01,-8.489663004875183105e-01
-5.903787612915039062e-01,1.579545736312866211e-01,2.756313085556030273e-01
5.024340152740478516e-01,8.509767055511474609e-02,2.540390491485595703e-01
-6.674206852912902832e-01,-7.255148887634277344e-01,-3.900963664054870605e-01
2.763506174087524414e-01,-4.084337353706359863e-01,3.966299295425415039e-01
-5.930091142654418945e-01,-3.252011537551879883e-01,-2.894544601440429688e-01
9.852442741394042969e-01,-4.299390316009521484e-02,-1.628754734992980957e-01
-6.712211370468139648e-01,-3.044341802597045898e-01,-5.819696187973022461e-02
-8.723665475845336914e-01,2.975621223449707031e-01,-6.572660207748413086e-01
5.685254335403442383e-01,3.736650943756103516e-02,1.568773984909057617e-01
-4.010632038116455078e-01,-9.283460974693298340e-01,-1.767596006393432617e-01
-3.951126337051391602e-01,-8.872770071029663086e-01,-8.361674547195434570e-01
-1.835757493972778320e-01,9.409228563308715820e-01,-2.360712885856628418e-01
5.594495534896850586e-01,-7.619724273681640625e-01,-1.798123717308044434e-01
-4.495275020599365234e-02,-1.564894914627075195e-01,-9.361845254898071289e-01
-3.103861212730407715e-01,-2.718070745468139648e-01,2.908155918121337891e-01
-4.807049036026000977e-02,-4.267135858535766602e-01,4.350731372833251953e-01
7.698280811309814453e-01,8.691684007644653320e-01,-7.383423447608947754e-01
4.358777999877929688e-01,-6.941467523574829102e-01,3.256450891494750977e-01
-2.769167423248291016e-01,-9.339346289634704590e-01,7.761861085891723633e-01
-6.666743159294128418e-01,4.892174005508422852e-01,6.543246507644653320e-01
-7.203349471092224121e-01,-4.617854952812194824e-01,-2.550328373908996582e-01
-5.432194471359252930e-01,-2.205100655555725098e-01,1.111756563186645508e-01
1.985669136047363281e-02,3.012442588806152344e-01,1.044516563415527344e-01
3.110181093215942383e-01,-4.506939649581909180e-02,-1.520767211914062500e-01
-1.547149419784545898e-01,1.695412397384643555e-01,-4.308610558509826660e-01
2.263687849044799805e-01,6.990708112716674805e-01,-2.710748314857482910e-01
-7.597120404243469238e-01,-7.131674289703369141e-01,1.070829629898071289e-01
7.915468215942382812e-01,-8.613592386245727539e-01,-2.409004569053649902e-01
3.059023618698120117e-01,9.508559703826904297e-01,-1.171892285346984863e-01
-7.653260231018066406e-01,-2.729285359382629395e-01,4.375871419906616211e-01
-3.036015033721923828e-01,-1.028909683227539062e-01,-4.847343564033508301e-01
-6.948791742324829102e-01,9.346022605895996094e-01,2.928953170776367188e-01
-8.416928052902221680e-01,-8.539283275604248047e-01,-6.623325943946838379e-01
-6.338635087013244629e-01,2.936388254165649414e-01,-2.060610651969909668e-01
-4.369288682937622070e-02,-6.658559441566467285e-01,4.554938077926635742e-01
2.565708160400390625e-01,2.419843673706054688e-01,9.750568866729736328e-02
-8.354264497756958008e-01,-9.970173239707946777e-01,-5.801534652709960938e-02
-9.445947408676147461e-01,7.010414600372314453e-01,3.375182151794433594e-01
-4.365569353103637695e-01,6.491241455078125000e-01,1.625934839248657227e-01
-6.044617891311645508e-01,-6.335122585296630859e-01,7.806477546691894531e-01
8.566653728485107422e-02,7.654083967208862305e-01,1.499917507171630859e-01
-4.879808425903320312e-02,-8.401548266410827637e-01,1.885000467300415039e-01
5.173230171203613281e-02,-6.726336479187011719e-02,-9.189086556434631348e-01
-6.362160444259643555e-01,-5.560741424560546875e-01,-7.325406074523925781e-01
5.461040735244750977e-01,-1.561035513877868652e-01,7.158427238464355469e-01
-4.183171391487121582e-01,8.130016326904296875e-01,-6.127051115036010742e-01
-7.020795345306396484e-01,6.485480070114135742e-01,-5.759971141815185547e-01
-8.964875340461730957e-01,-1.114041209220886230e-01,4.255644083023071289e-01
-1.788290739059448242e-01,-1.985542774200439453e-01,3.838833570480346680e-01
2.264270782470703125e-01,1.308403015136718750e-01,-1.688407063484191895e-01
4.949206113815307617e-01,1.579157114028930664e-01,8.842699527740478516e-01
-4.571881294250488281e-01,7.765563726425170898e-01,-6.069117784500122070e-01
1.139354705810546875e-01,-8.394929766654968262e-01,-9.041783809661865234e-01
-9.579640626907348633e-02,-2.066486477851867676e-01,-2.305108308792114258e-02
-9.816314578056335449e-01,7.187353372573852539e-01,6.466020345687866211e-01
-2.649158835411071777e-01,6.903874874114990234e-01,-4.016280770301818848e-01
-1.076615452766418457e-01,5.119924545288085938e-01,-1.913811564445495605e-01
6.549741029739379883e-01,-2.515450119972229004e-01,-5.365027189254760742e-01
-9.710912108421325684e-01,-9.810258150100708008e-01,-2.492231130599975586e-01
-3.078557252883911133e-01,7.981106042861938477e-01,-6.373724937438964844e-01
-3.600125908851623535e-01,-8.630032539367675781e-01,9.700331687927246094e-01
-9.261804819107055664e-01,3.994777202606201172e-01,9.460253715515136719e-01
-2.010073661804199219e-01,6.374940872192382812e-01,7.688499689102172852e-01
-9.789069890975952148e-01,8.410787582397460938e-02,9.471817016601562500e-01
-8.012336492538452148e-01,-2.382684350013732910e-01,1.957643032073974609e-02
2.345654964447021484e-01,-4.543831348419189453e-01,-1.745119690895080566e-01
7.469213008880615234e-02,4.606689214706420898e-01,6.918276548385620117e-01
5.296194553375244141e-01,-1.622048020362854004e-01,-7.888309955596923828e-01
-8.553051948547363281e-01,8.680211305618286133e-01,3.656784296035766602e-01
5.585987567901611328e-01,4.620767831802368164e-01,3.357179164886474609e-01
9.430623054504394531e-01,-9.679236412048339844e-01,-6.651678681373596191e-01
8.180495500564575195e-01,-7.801327705383300781e-01,3.022601604461669922e-01
-1.501591801643371582e-01,-4.676430821418762207e-01,9.096801280975341797e-02
7.056384086608886719e-01,-4.170168042182922363e-01,-6.732438802719116211e-01
-5.740960836410522461e-01,9.039298295974731445e-01,-7.495841383934020996e-01
8.088531494140625000e-01,-3.532927632331848145e-01,5.747611522674560547e-01
5.542035102844238281e-01,-7.862192392349243164e-02,-3.466367721557617188e-02
-7.599902153015136719e-02,-8.906379938125610352e-01,6.055104732513427734e-01
-9.698406457901000977e-01,2.359869480133056641e-01,1.712574958801269531e-01
-5.521186590194702148e-01,-4.668945074081420898e-01,7.786501646041870117e-01
9.819772243499755859e-01,-4.265969991683959961e-01,-8.529471755027770996e-01
9.197947978973388672e-01,-2.408679723739624023e-01,-5.016068816184997559e-01
-7.828615903854370117e-01,4.029184579849243164e-01,-9.395632743835449219e-01
1.373569965362548828e-01,1.155472993850708008e-01,5.658119916915893555e-01
-3.619617223739624023e-02,7.086592912673950195e-01,-7.137718200683593750e-01
-1.096516251564025879e-01,-3.187094926834106445e-01,-3.470579385757446289e-01
-3.489919900894165039e-01,8.787502050399780273e-01,-6.928788423538208008e-01
-7.276376485824584961e-01,8.819048404693603516e-01,2.836935520172119141e-01
-3.593813180923461914e-01,-8.028575778007507324e-01,-6.254860162734985352e-01
-5.587660670280456543e-01,-2.868662476539611816e-01,5.599125623703002930e-01
-5.084298849105834961e-01,3.878757953643798828e-01,-1.581279039382934570e-01
-6.246737241744995117e-01,7.696381807327270508e-01,3.995978832244873047e-01
6.825660467147827148e-01,6.512544155120849609e-01,3.528603315353393555e-01
-2.417361736297607422e-01,5.730499029159545898e-01,-1.837450265884399414e-01
-4.591035246849060059e-01,4.138877391815185547e-01,-9.167624711990356445e-01
1.056272983551025391e-01,4.306658506393432617e-01,-6.804937124252319336e-02
-8.152886629104614258e-01,8.723597526550292969e-01,2.989610433578491211e-01
-5.004018545150756836e-02,1.121103763580322266e-02,3.323147296905517578e-01
2.627454996109008789e-01,-5.093780755996704102e-01,-1.232010722160339355e-01
3.219585418701171875e-01,-1.708507537841796875e-01,7.734278440475463867e-01
-7.124555110931396484e-01,1.877998113632202148e-01,6.163963079452514648e-01
-9.369829297065734863e-01,4.794814586639404297e-01,2.132422924041748047e-01
6.639338731765747070e-01,-1.929840445518493652e-01,4.490852355957031250e-02
6.601661443710327148e-01,-1.764798164367675781e-01,-3.105919361114501953e-01
4.095377922058105469e-01,-7.330384254455566406e-01,7.711545228958129883e-01
-3.895070552825927734e-01,3.217127323150634766e-01,-9.732635021209716797e-01
8.237633705139160156e-01,-8.933262228965759277e-01,7.529777288436889648e-01
-6.197782754898071289e-01,8.043013811111450195e-01,-7.867764234542846680e-01
-5.995681881904602051e-01,-1.894447803497314453e-01,8.838764429092407227e-01
3.776333332061767578e-01,-5.555652976036071777e-01,-9.466823935508728027e-01
-1.197934150695800781e-01,-2.664476633071899414e-01,9.774825572967529297e-01
7.137459516525268555e-01,-8.525121212005615234e-02,9.758626222610473633e-01
-3.156043887138366699e-01,5.242189168930053711e-01,3.883812427520751953e-01
-4.182798862457275391e-01,2.430589199066162109e-01,-3.805817961692810059e-01
7.677055597305297852e-01,1.500182151794433594e-01,2.624249458312988281e-01
4.818593263626098633e-01,-3.258064985275268555e-01,2.916705608367919922e-01
7.167733907699584961e-01,-3.979900479316711426e-01,6.282829046249389648e-01
4.194920063018798828e-01,8.696898221969604492e-01,8.848432302474975586e-01
7.915103435516357422e-02,-3.225665092468261719e-01,-2.725194096565246582e-01
6.383705139160156250e-02,2.865850925445556641e-01,-7.320773601531982422e-02
-9.406187534332275391e-01,1.373304128646850586e-01,-6.255953311920166016e-01
-5.043103098869323730e-01,7.490476369857788086e-01,-4.913790822029113770e-01
-9.041380286216735840e-01,-5.494117736816406250e-01,3.390992879867553711e-01
5.199834108352661133e-01,4.714059829711914062e-01,2.790714502334594727e-01
5.659279823303222656e-01,-4.351992607116699219e-01,-9.223875999450683594e-01
-8.255947232246398926e-01,8.228496313095092773e-01,-4.510465264320373535e-01
-2.531005144119262695e-01,6.910068988800048828e-01,1.764160394668579102e-01
1.540082693099975586e-01,9.740982055664062500e-01,5.586588382720947266e-02
-6.500899791717529297e-02,4.315326213836669922e-01,-5.769277811050415039e-01
9.751545190811157227e-01,2.216478586196899414e-01,6.030595302581787109e-02
7.897222042083740234e-02,-9.327626228332519531e-01,-1.486503481864929199e-01
-1.303218007087707520e-01,7.745387554168701172e-01,-6.616934537887573242e-01
-2.756319642066955566e-01,4.695259332656860352e-01,-3.048473000526428223e-01
4.904630184173583984e-01,2.821116447448730469e-01,-4.400687813758850098e-01
-6.086601614952087402e-01,-9.642248153686523438e-01,7.031018733978271484e-01
-8.570867776870727539e-02,-6.652916669845581055e-01,1.087887287139892578e-01
-1.107476949691772461e-01,-5.471182465553283691e-01,4.673539400100708008e-01
6.187975406646728516e-02,7.520805597305297852e-01,8.639346361160278320e-01
4.069054126739501953e-01,5.239895582199096680e-01,1.525331735610961914e-01
3.575531244277954102e-01,-9.495197534561157227e-01,2.106781005859375000e-01
1.155430078506469727e-01,3.431870937347412109e-01,7.362726926803588867e-01
-9.512215852737426758e-01,-9.429239034652709961e-01,5.728162527084350586e-01
3.974636793136596680e-01,1.869988441467285156e-01,5.387477874755859375e-01
-2.383294701576232910e-01,-9.440061450004577637e-01,-1.313638687133789062e-01
-5.335608720779418945e-01,-3.785287737846374512e-01,8.310106992721557617e-01
-1.531651020050048828e-01,-1.306955218315124512e-01,8.193972110748291016e-01
-2.950919270515441895e-01,4.839015007019042969e-02,-1.982467770576477051e-01
-8.698378801345825195e-01,5.617340803146362305e-01,-5.588848590850830078e-01
-4.863513708114624023e-01,4.565873146057128906e-01,2.455686330795288086e-01
6.330679655075073242e-01,-4.573704600334167480e-01,-6.751225590705871582e-01
-4.761047959327697754e-01,5.982986688613891602e-01,7.964977025985717773e-01
5.958399772644042969e-01,-7.821356058120727539e-01,-3.235602378845214844e-02
9.293392896652221680e-01,6.101682186126708984e-01,6.695010662078857422e-01
-2.366852164268493652e-01,-8.611996769905090332e-01,3.254544734954833984e-01
4.707595109939575195e-01,6.380438804626464844e-02,7.454371452331542969e-02
5.750312805175781250e-01,-5.338192582130432129e-01,-9.858947396278381348e-01
-9.223461151123046875e-03,6.612039804458618164e-01,-7.212118506431579590e-01
7.563283443450927734e-01,-4.222142696380615234e-02,-2.162553071975708008e-01
-5.037232041358947754e-01,-6.808540821075439453e-01,4.939467906951904297e-01
-2.655194997787475586e-01,-7.611595392227172852e-01,-1.032844781875610352e-01
8.308663368225097656e-01,2.039791345596313477e-01,3.380334377288818359e-01
-3.174629807472229004e-01,3.089420795440673828e-01,-8.483993411064147949e-01
-7.214108109474182129e-01,2.291805744171142578e-01,2.426463365554809570e-01
8.979821205139160156e-01,1.819279193878173828e-01,5.111989974975585938e-01
1.424646377563476562e-01,-6.555889844894409180e-01,9.817354679107666016e-01
4.757590293884277344e-01,-2.367419004440307617e-01,-6.337445974349975586e-01
9.749877452850341797e-01,9.983404874801635742e-01,7.673130035400390625e-01
5.724155902862548828e-02,7.495868206024169922e-01,-1.914051175117492676e-01
-9.353370070457458496e-01,3.014146089553833008e-01,-7.809377312660217285e-01
-5.862944126129150391e-01,-7.835733890533447266e-01,3.840053081512451172e-02
8.762228488922119141e-02,2.632446289062500000e-01,-9.329965114593505859e-01
7.332400083541870117e-01,-1.402512192726135254e-01,6.425046920776367188e-02
8.857605457305908203e-01,4.937051534652709961e-01,9.352142810821533203e-01
6.098420619964599609e-01,5.003223419189453125e-01,-3.894919157028198242e-02
7.599582672119140625e-01,-6.877002716064453125e-01,-4.283229112625122070e-01
-1.499990224838256836e-01,-7.487535476684570312e-02,-9.723579883575439453e-01
-3.831318616867065430e-01,8.862088918685913086e-01,-3.409919738769531250e-01
4.148435592651367188e-02,-1.536634564399719238e-01,4.700267314910888672e-01
9.973120689392089844e-01,2.431766986846923828e-01,-4.824300408363342285e-01
4.895554780960083008e-01,-4.891409277915954590e-01,7.298630475997924805e-01
-5.078142285346984863e-01,-5.202839374542236328e-01,-2.641159296035766602e-01
7.088962793350219727e-01,1.394342184066772461e-01,-6.654859781265258789e-01
-1.257677674293518066e-01,-1.458389759063720703e-01,-5.650621652603149414e-01
-4.577346444129943848e-01,7.351857423782348633e-01,-5.136747360229492188e-01
-3.990367650985717773e-01,8.568797111511230469e-01,2.148203849792480469e-01
-7.268154621124267578e-02,9.816426038742065430e-01,-7.625656127929687500e-01
-1.965075731277465820e-01,-6.037052869796752930e-01,8.106608390808105469e-01
-1.585013270378112793e-01,8.944038152694702148e-01,-5.190507173538208008e-01
-8.180930018424987793e-01,-3.392741084098815918e-01,7.048248052597045898e-01
3.135493993759155273e-01,7.425869703292846680e-01,3.511660099029541016e-01
-1.493276953697204590e-01,-1.984323263168334961e-01,3.740453720092773438e-02
-8.466654419898986816e-01,-9.122256040573120117e-01,9.275368452072143555e-01
6.105850934982299805e-01,-5.638676881790161133e-02,8.309000730514526367e-01
-2.875047922134399414e-02,-9.512461423873901367e-01,2.299981117248535156e-01
2.684106826782226562e-01,9.025592803955078125e-01,5.780652761459350586e-01
2.738920450210571289e-01,8.215895891189575195e-01,5.967898368835449219e-01
-6.437234878540039062e-01,5.803970098495483398e-01,-6.464098691940307617e-01
8.550370931625366211e-01,-2.293598651885986328e-02,9.475728273391723633e-01
9.225866794586181641e-01,4.342302083969116211e-01,-8.763966560363769531e-01
8.232451677322387695e-01,8.731353282928466797e-02,-1.567411422729492188e-02
7.047911882400512695e-01,6.086146831512451172e-02,-4.718757867813110352e-01
4.086470603942871094e-02,5.822025537490844727e-01,-3.677040338516235352e-02
9.067151546478271484e-01,6.775702238082885742e-01,-2.502046227455139160e-01
5.278544425964355469e-01,8.986560106277465820e-01,-5.899488925933837891e-01
1.593037843704223633e-01,9.773639440536499023e-01,3.220151662826538086e-01
-1.898407936096191406e-03,-2.900929450988769531e-01,-8.218726515769958496e-01
1.296713352203369141e-01,8.703252077102661133e-01,-1.331523656845092773e-01
-6.476360559463500977e-02,9.810912609100341797e-02,9.316077232360839844e-01
-5.692319869995117188e-01,8.767886161804199219e-01,-6.370794773101806641e-02
4.390501976013183594e-02,3.299546241760253906e-02,-1.921532154083251953e-01
-4.298245906829833984e-02,-1.100378632545471191e-01,8.371839523315429688e-01
-4.918465018272399902e-01,-4.271008372306823730e-01,-7.174969315528869629e-01
7.973288297653198242e-01,2.893406152725219727e-01,7.045415639877319336e-01
8.305156230926513672e-02,-6.914764046669006348e-01,2.511365413665771484e-01
-7.983865737915039062e-01,8.767529726028442383e-01,3.979600667953491211e-01
4.636747837066650391e-01,-4.658951163291931152e-01,-6.007017493247985840e-01
-8.428346514701843262e-01,-1.730974912643432617e-01,-3.968930244445800781e-02
5.809407234191894531e-01,7.538673877716064453e-01,-2.842482328414916992e-01
-3.070284128189086914e-01,-2.327873110771179199e-01,1.526706218719482422e-01
-4.729610085487365723e-01,1.130150556564331055e-01,3.142982721328735352e-01
9.196952581405639648e-01,-7.166045904159545898e-02,-2.842277288436889648e-01
1.730715036392211914e-01,3.788959980010986328e-02,9.259804487228393555e-01
-3.684081435203552246e-01,5.042798519134521484e-01,9.188450574874877930e-01
9.161819219589233398e-01,2.536948919296264648e-01,-3.337554335594177246e-01
-1.146644353866577148e-01,5.179955959320068359e-01,-7.329964637756347656e-02
-2.998378872871398926e-01,-6.608370542526245117e-01,-7.109136581420898438e-01
8.057247400283813477e-01,-1.014226675033569336e-01,8.040666580200195312e-03
8.019452095031738281e-01,-9.878162145614624023e-01,2.670550346374511719e-01
7.410110235214233398e-01,2.583820819854736328e-01,-1.572824716567993164e-01
-1.480035185813903809e-01,-2.927895188331604004e-01,-1.445220112800598145e-01
-1.838342547416687012e-01,7.741024494171142578e-01,-8.361847400665283203e-01
3.079066276550292969e-01,-3.935509920120239258e-01,7.081066370010375977e-01
4.053997993469238281e-01,1.997920274734497070e-01,-3.330057263374328613e-01
-6.474766731262207031e-01,3.925120830535888672e-01,1.743853092193603516e-02
-9.362877011299133301e-01,9.822940826416015625e-01,-9.675683975219726562e-01
3.909705877304077148e-01,8.715814352035522461e-01,-6.049805879592895508e-02
-3.026280403137207031e-01,-7.438375353813171387e-01,5.230337381362915039e-01
3.660897016525268555e-01,7.622833251953125000e-01,4.989047050476074219e-01
-3.515967130661010742e-01,-3.498082160949707031e-01,-8.986756205558776855e-01
4.845103025436401367e-01,-3.017076849937438965e-01,9.643515348434448242e-01
3.200840950012207031e-01,-9.210356473922729492e-01,4.393937587738037109e-01
3.670718669891357422e-01,-1.487261056900024414e-01,-7.961558699607849121e-01
-7.786044478416442871e-01,-6.850101947784423828e-01,3.398182392120361328e-01
-5.556759238243103027e-01,-6.554104089736938477e-01,-7.045726776123046875e-01
1.871149539947509766e-01,7.924801111221313477e-01,-6.016637682914733887e-01
1.160435676574707031e-01,-3.197996616363525391e-01,4.568746089935302734e-01
3.685816526412963867e-01,-2.853098511695861816e-01,6.874768733978271484e-01
-2.438390851020812988e-01,2.878208160400390625e-01,1.684050559997558594e-01
-7.997698187828063965e-01,8.236137628555297852e-01,9.764474630355834961e-01
6.683174371719360352e-01,2.237839698791503906e-01,6.811479330062866211e-01
2.359967231750488281e-01,-7.483149170875549316e-01,9.489952325820922852e-01
-5.638951063156127930e-01,2.403546571731567383e-01,6.850459575653076172e-01
-1.356353163719177246e-01,6.596689224243164062e-01,2.262642383575439453e-01
3.149029016494750977e-01,5.482316017150878906e-01,9.311139583587646484e-01
-2.357812523841857910e-01,8.750977516174316406e-01,-4.454081654548645020e-01
6.844652891159057617e-01,2.514122724533081055e-01,9.273629188537597656e-01
2.510998249053955078e-01,-7.240455746650695801e-01,7.261732816696166992e-01
9.580227136611938477e-01,7.470842599868774414e-01,-3.642379045486450195e-01
-9.859763979911804199e-01,-4.965238571166992188e-01,4.907989501953125000e-01
-3.138148188591003418e-01,-6.568970680236816406e-01,7.328323125839233398e-01
3.548870086669921875e-01,-3.163947463035583496e-01,-3.708509206771850586e-01
-4.995501637458801270e-01,5.609790086746215820e-01,-8.806005120277404785e-01
-9.149882197380065918e-01,-7.351840734481811523e-01,-5.266139507293701172e-01
2.993751764297485352e-01,-3.594923019409179688e-01,3.113123178482055664e-01
-8.102481961250305176e-01,2.366194725036621094e-01,-2.706873416900634766e-02
-3.643066883087158203e-01,5.455316305160522461e-01,3.167871236801147461e-01
7.208194732666015625e-01,6.678292751312255859e-01,1.311695575714111328e-02
5.823969841003417969e-03,-9.833962321281433105e-01,4.573127031326293945e-01
1.000950336456298828e-01,-9.428619742393493652e-01,-3.948351144790649414e-01
-9.509345889091491699e-01,-2.516812086105346680e-01,8.201787471771240234e-01
-8.446055650711059570e-01,3.756382465362548828e-01,-5.858522057533264160e-01
-2.344974279403686523e-01,-9.160692095756530762e-01,5.893793106079101562e-01
6.032297611236572266e-01,-5.291022062301635742e-01,9.231570959091186523e-01
6.527924537658691406e-01,-1.498384475708007812e-01,-9.796350002288818359e-01
4.946985244750976562e-01,8.680239915847778320e-01,9.766604900360107422e-01
3.279002904891967773e-01,7.501115798950195312e-01,-5.570027232170104980e-01
4.177654981613159180e-01,8.938144445419311523e-01,5.142244100570678711e-01
7.479419708251953125e-01,-9.309176206588745117e-01,2.518670558929443359e-01
-2.644826173782348633e-01,-2.209491729736328125e-01,-8.377076387405395508e-01
-6.524159908294677734e-01,9.076809883117675781e-01,8.053274154663085938e-01
-8.141331672668457031e-01,-8.751671314239501953e-01,-9.007680416107177734e-02
-6.148102283477783203e-01,-8.281893134117126465e-01,5.237981081008911133e-01
9.250994920730590820e-01,-8.509698510169982910e-01,6.732203960418701172e-01
5.554308891296386719e-01,-9.619376659393310547e-01,-5.472501516342163086e-01
-9.949629306793212891e-01,3.579826354980468750e-01,-7.601256966590881348e-01
8.276081085205078125e-01,-3.405671715736389160e-01,-2.380031347274780273e-02
-5.995267629623413086e-02,-3.391783833503723145e-01,1.204991340637207031e-01
-9.092667102813720703e-01,5.419408082962036133e-01,3.036452531814575195e-01
3.219032287597656250e-01,1.223937273025512695e-01,2.469488382339477539e-01
-6.595799922943115234e-01,-3.016098141670227051e-01,-5.172379016876220703e-01
4.794791936874389648e-01,5.084570646286010742e-01,-7.172855138778686523e-01
6.658015251159667969e-01,8.796437978744506836e-01,2.332376241683959961e-01
-1.682972311973571777e-01,6.816813945770263672e-01,3.480339050292968750e-01
8.944782018661499023e-01,-4.169950485229492188e-01,7.863277196884155273e-01
-8.298054337501525879e-01,4.295818805694580078e-01,-2.571675777435302734e-01
-1.649406552314758301e-01,9.787514209747314453e-01,-5.582094192504882812e-01
-4.189407229423522949e-01,2.624591588973999023e-01,-2.537831068038940430e-01
-8.451747894287109375e-01,2.640693187713623047e-01,-9.079635143280029297e-03
-8.672646284103393555e-01,8.686965703964233398e-01,3.056112527847290039e-01
3.105682134628295898e-01,9.050806760787963867e-01,3.026686906814575195e-01
-6.508316993713378906e-01,6.428388357162475586e-01,-1.473902463912963867e-01
6.648324728012084961e-01,-1.364856958389282227e-02,7.487230300903320312e-01
-3.588472604751586914e-01,4.665629863739013672e-01,4.566948413848876953e-01
7.338335514068603516e-01,5.504707098007202148e-01,4.064284563064575195e-01
-3.801342844963073730e-01,9.796710014343261719e-01,-2.815030813217163086e-01
-1.341038942337036133e-02,-9.823353886604309082e-01,4.263541698455810547e-01
-9.180122017860412598e-01,-2.598248124122619629e-01,-9.525606036186218262e-01
-8.257151246070861816e-01,8.589351177215576172e-01,-9.986048936843872070e-02
9.490882158279418945e-01,5.819243192672729492e-01,6.772135496139526367e-01
6.760396957397460938e-01,-9.050628542900085449e-01,5.920858383178710938e-01
8.614528179168701172e-01,1.186598539352416992e-01,6.719751358032226562e-01
9.790238142013549805e-01,2.565865516662597656e-01,-2.513858675956726074e-01
9.091705083847045898e-01,3.752551078796386719e-01,-8.163355588912963867e-01
4.634869098663330078e-02,7.628099918365478516e-01,-7.372014522552490234e-01
2.799311876296997070e-01,-4.495583176612854004e-01,-6.593307256698608398e-01
-8.308143019676208496e-01,-2.792646288871765137e-01,2.733689546585083008e-01
-8.617043495178222656e-02,4.883846044540405273e-01,-8.255444765090942383e-01
-5.646950006484985352e-01,8.717087507247924805e-01,2.692322731018066406e-01
2.611664533615112305e-01,-4.721576571464538574e-01,7.097088098526000977e-01
9.315326213836669922e-01,-9.390391111373901367e-01,6.483289003372192383e-01
2.313268184661865234e-01,-5.986036062240600586e-01,-1.059929728507995605e-01
-9.476267099380493164e-01,-4.799008369445800781e-02,-8.086003065109252930e-01
-3.119251132011413574e-01,6.720790863037109375e-01,8.990690708160400391e-01
4.249536991119384766e-02,7.306632995605468750e-01,2.879651784896850586e-01
2.011871337890625000e-02,5.109691619873046875e-02,4.256091117858886719e-01
3.326911926269531250e-01,3.759980201721191406e-03,5.885952711105346680e-01
-4.935860037803649902e-01,9.297220706939697266e-01,7.484898567199707031e-01
-4.988195896148681641e-01,-9.285207390785217285e-01,-8.304684758186340332e-01
1.600377559661865234e-01,-8.694217801094055176e-01,-1.498597264289855957e-01
-1.377351880073547363e-01,-3.009768128395080566e-01,-2.120910286903381348e-01
-2.327044606208801270e-01,-8.851795196533203125e-01,-4.504612684249877930e-01
-1.521762013435363770e-01,1.894372701644897461e-01,-3.000727295875549316e-01
2.710900306701660156e-01,2.608455419540405273e-01,3.595769405364990234e-02
-7.321072816848754883e-01,7.437077760696411133e-01,8.560404777526855469e-01
-8.301582932472229004e-01,-6.738289594650268555e-01,-3.866795301437377930e-01
1.040266752243041992e-01,-7.188657522201538086e-01,-8.070154190063476562e-01
-4.395985603332519531e-01,-8.681885600090026855e-01,-3.924829959869384766e-01
2.226219177246093750e-01,1.678714752197265625e-01,2.492347955703735352e-01
6.140831708908081055e-01,6.848430633544921875e-02,-1.894105672836303711e-01
5.471457242965698242e-01,6.283531188964843750e-01,5.555328130722045898e-01
-5.924685001373291016e-01,-3.666841983795166016e-01,2.401583194732666016e-01
4.927821159362792969e-01,-6.645615100860595703e-01,-2.153564095497131348e-01
-4.332250952720642090e-01,6.467068195343017578e-01,3.394176959991455078e-01
-2.012747526168823242e-02,-4.769389033317565918e-01,-7.000925540924072266e-01
-3.344774246215820312e-01,-2.422532439231872559e-01,5.421066284179687500e-01
5.343663692474365234e-01,-3.721116781234741211e-01,1.491560935974121094e-01
6.894890069961547852e-01,-8.060448169708251953e-01,6.475849151611328125e-01
-6.517823338508605957e-01,6.176824569702148438e-01,-1.968044042587280273e-01
1.536095142364501953e-01,8.541058301925659180e-01,7.875119447708129883e-01
-6.866042613983154297e-01,-8.794212341308593750e-01,3.921681642532348633e-01
-2.912395596504211426e-01,9.018731117248535156e-01,-9.145797491073608398e-01
-4.345728158950805664e-01,-4.641672372817993164e-01,8.190174102783203125e-01
9.988669157028198242e-01,-4.588824510574340820e-01,7.266093492507934570e-01
-5.910958051681518555e-01,7.628145217895507812e-01,-9.981104135513305664e-01
3.686277866363525391e-01,8.344709873199462891e-01,6.191263198852539062e-01
2.726767063140869141e-01,6.941434144973754883e-01,9.812710285186767578e-01
-9.602777957916259766e-01,-2.188448905944824219e-01,9.231570959091186523e-01
4.427564144134521484e-01,-2.129886150360107422e-01,9.764974117279052734e-01
4.051685333251953125e-01,-7.733915448188781738e-01,9.224412441253662109e-01
-6.618398427963256836e-01,-2.664409875869750977e-01,1.964596509933471680e-01
-8.514695167541503906e-01,-5.858849883079528809e-01,-1.674737930297851562e-01
-8.455497026443481445e-02,9.777116775512695312e-01,1.345648765563964844e-01
4.984221458435058594e-01,6.153560876846313477e-01,-2.757540941238403320e-01
-7.934088110923767090e-01,-8.626652359962463379e-01,-9.396489262580871582e-01
8.521580696105957031e-02,-6.166329383850097656e-01,3.567215204238891602e-01
-6.791070699691772461e-01,-5.511932373046875000e-01,-1.793502569198608398e-01
-5.430263280868530273e-01,-9.886599779129028320e-01,3.245301246643066406e-01
5.921444892883300781e-01,3.311771154403686523e-01,2.868769168853759766e-01
5.512312650680541992e-01,-5.878702402114868164e-01,-7.917208671569824219e-01
-4.077491164207458496e-01,-9.441074728965759277e-01,-5.331573486328125000e-01
-4.719677567481994629e-01,-4.036126136779785156e-01,5.071822404861450195e-01
-9.195680022239685059e-01,3.353961706161499023e-01,9.816828966140747070e-01
-4.915237426757812500e-02,3.318042755126953125e-01,4.869319200515747070e-01
-7.817712426185607910e-01,-4.081112146377563477e-02,4.801808595657348633e-01
-3.402646780014038086e-01,8.310245275497436523e-01,-3.737589120864868164e-01
4.677450656890869141e-02,4.122332334518432617e-01,2.037284374237060547e-01
-9.057838916778564453e-01,5.232225656509399414e-01,8.763113021850585938e-01
-6.055146455764770508e-01,-2.393782138824462891e-03,-6.500057578086853027e-01
-7.374274134635925293e-01,-3.117464184761047363e-01,-3.963136672973632812e-02
-7.001585364341735840e-01,3.132476806640625000e-01,-5.900886058807373047e-01
-9.308695793151855469e-01,-1.192026138305664062e-01,4.166790246963500977e-01
7.864025831222534180e-01,3.832232952117919922e-01,2.692639827728271484e-01
-8.742827773094177246e-01,6.826083660125732422e-01,-6.888620853424072266e-01
-4.542082548141479492e-02,-1.983199715614318848e-01,1.005815267562866211e-01
1.804571151733398438e-01,-2.589243054389953613e-01,-8.364610671997070312e-01
5.962595939636230469e-01,4.880247116088867188e-01,-3.130689263343811035e-01
6.371450424194335938e-01,-2.378829717636108398e-01,-7.830917239189147949e-01
1.006824970245361328e-01,7.706120014190673828e-01,-9.516984224319458008e-01
9.444524049758911133e-01,-5.818006992340087891e-01,-7.293189764022827148e-01
4.774079322814941406e-01,3.577527999877929688e-01,1.892305612564086914e-01
8.118125200271606445e-01,-2.935083508491516113e-01,-5.508861541748046875e-01
9.088152647018432617e-01,4.742326736450195312e-01,-4.755982160568237305e-01
-7.291235923767089844e-01,6.802257299423217773e-01,-3.315704464912414551e-01
-4.961738586425781250e-01,-3.963815569877624512e-01,4.961034059524536133e-01
-8.374737501144409180e-01,6.626826524734497070e-01,1.869959831237792969e-01
7.267489433288574219e-01,-5.508834123611450195e-01,-8.879438638687133789e-01
-7.204494476318359375e-01,-5.661886930465698242e-01,-2.000679969787597656e-01
-3.002400994300842285e-01,9.591431617736816406e-01,-8.187961578369140625e-01
5.115463733673095703e-01,5.830342769622802734e-01,5.055602788925170898e-01
7.024625539779663086e-01,-8.172205686569213867e-01,-1.550793051719665527e-01
-8.333458900451660156e-01,-9.326692819595336914e-01,3.798342943191528320e-01
2.682803869247436523e-01,-3.069292902946472168e-01,-4.252812266349792480e-01
-6.646013259887695312e-01,-3.396928310394287109e-02,-5.171325802803039551e-01
-1.108464598655700684e-01,1.629700660705566406e-01,-7.548990845680236816e-01
-1.803041100502014160e-01,1.317237615585327148e-01,1.736044883728027344e-01
7.710009813308715820e-01,7.056530714035034180e-01,2.806048393249511719e-01
-3.451289534568786621e-01,5.097641944885253906e-01,-3.393719196319580078e-01
7.323056459426879883e-01,-3.973781466484069824e-01,5.562480688095092773e-01
5.972789525985717773e-01,1.598112583160400391e-01,6.238454580307006836e-01
-8.965207934379577637e-01,-6.884906888008117676e-01,9.940772056579589844e-01
7.221865653991699219e-02,-6.597359180450439453e-01,-5.993601083755493164e-01
7.949243783950805664e-01,-5.717927217483520508e-02,-1.316156387329101562e-01
-8.505285978317260742e-01,4.645794630050659180e-01,-4.857013821601867676e-01
-9.030229449272155762e-01,1.914855241775512695e-01,-5.994701385498046875e-02
-3.838258981704711914e-02,1.168763637542724609e-02,3.043359518051147461e-01
6.090420484542846680e-01,4.125521183013916016e-01,9.670211076736450195e-01
9.832515716552734375e-01,-9.097614288330078125e-01,-6.594710946083068848e-01
-2.149456739425659180e-01,7.568348646163940430e-01,-8.480405807495117188e-02
5.231555700302124023e-01,-6.405404806137084961e-01,-7.536405324935913086e-01
-4.386590719223022461e-01,9.726712703704833984e-01,-8.853706121444702148e-01
3.170057535171508789e-01,9.229842424392700195e-01,6.584053039550781250e-01
6.684006452560424805e-01,-7.411974072456359863e-01,-4.686444997787475586e-02
-1.572023034095764160e-01,-5.253545045852661133e-01,-1.375190615653991699e-01
3.698827028274536133e-01,4.914066791534423828e-01,6.641860008239746094e-01
-1.007834076881408691e-01,-8.311461806297302246e-01,7.739222049713134766e-01
-6.712531447410583496e-01,7.565734386444091797e-01,1.235744953155517578e-01
-3.167277574539184570e-02,-7.433415651321411133e-01,-3.745911717414855957e-01
-2.451665401458740234e-01,1.724147796630859375e-02,-3.611719608306884766e-02
8.617544174194335938e-02,-6.126427650451660156e-02,4.438331127166748047e-01
3.328171968460083008e-01,-3.348834514617919922e-01,-7.412999868392944336e-01
5.685784816741943359e-01,8.896152973175048828e-01,1.472721099853515625e-01
-5.948220491409301758e-01,-4.269942045211791992e-01,-9.241671562194824219e-01
4.719386100769042969e-01,-7.948465347290039062e-01,-9.817615151405334473e-01
1.159826517105102539e-01,1.077322959899902344e-01,-1.683253049850463867e-01
-7.959824800491333008e-02,-7.821005582809448242e-02,2.361192703247070312e-01
-2.739918231964111328e-01,-3.249569535255432129e-01,-9.621822834014892578e-02
-6.194200515747070312e-01,8.835124969482421875e-02,-9.610036015510559082e-01
-1.822053194046020508e-01,9.626997709274291992e-01,-3.812887072563171387e-01
-8.153952360153198242e-01,2.695715427398681641e-01,5.263195037841796875e-01
9.293543100357055664e-01,-7.218918800354003906e-01,-5.731453895568847656e-01
-2.888882160186767578e-02,-9.476562738418579102e-01,-8.204417228698730469e-01
6.382075548171997070e-01,-3.742181062698364258e-01,-5.276963710784912109e-01
8.163546323776245117e-01,8.500254154205322266e-02,-5.082592964172363281e-01
8.088281154632568359e-01,-4.413038492202758789e-02,1.801967620849609375e-02
9.788708686828613281e-01,-7.801331281661987305e-01,3.307136297225952148e-01
4.214555025100708008e-01,1.456830501556396484e-01,2.061629295349121094e-01
-8.950136899948120117e-01,-6.769955158233642578e-01,4.316847324371337891e-01
7.131773233413696289e-01,-4.753990769386291504e-01,-7.484930753707885742e-01
7.087529897689819336e-01,1.795599460601806641e-01,5.904955863952636719e-01
8.227584362030029297e-01,-1.790769696235656738e-01,8.114281892776489258e-01
2.919609546661376953e-01,-9.570620656013488770e-01,9.282001256942749023e-01
8.212912082672119141e-02,-6.508990526199340820e-01,-8.479600548744201660e-01
-8.046954870223999023e-01,7.485150098800659180e-01,2.071837186813354492e-01
-5.235089659690856934e-01,-8.801195621490478516e-01,-1.236340999603271484e-01
-4.674358367919921875e-01,-1.580790281295776367e-01,6.204885244369506836e-01
6.037546396255493164e-01,1.096497774124145508e-01,-2.399213910102844238e-01
3.405188322067260742e-01,-8.687193989753723145e-01,7.361098527908325195e-01
-2.001134753227233887e-01,-3.236350417137145996e-01,3.863269090652465820e-01
2.914398908615112305e-01,-1.426392197608947754e-01,-4.393475055694580078e-01
-5.052644014358520508e-02,-9.411309957504272461e-01,1.572667360305786133e-01
-6.349920630455017090e-01,2.175951004028320312e-01,9.032233953475952148e-01
9.190919399261474609e-01,-2.781308889389038086e-01,-9.312899708747863770e-01
3.004505634307861328e-01,3.265652656555175781e-01,9.207179546356201172e-01
-4.853729605674743652e-01,4.640778303146362305e-01,-8.720203638076782227e-01
-6.393710374832153320e-01,-8.940294981002807617e-01,4.286344051361083984e-01
6.937817335128784180e-01,-6.991049051284790039e-01,-6.711901426315307617e-01
1.737761497497558594e-01,6.763586997985839844e-01,6.725305318832397461e-01
3.574308156967163086e-01,4.052470922470092773e-01,-2.208510637283325195e-01
1.943705081939697266e-01,-8.763891458511352539e-01,-3.655496835708618164e-01
-8.742657899856567383e-01,-7.276386022567749023e-01,5.092382431030273438e-01
-1.299757957458496094e-01,5.986336469650268555e-01,-4.851678013801574707e-01
-3.397064208984375000e-01,3.615010976791381836e-01,-4.005160927772521973e-01
3.483035564422607422e-01,-6.474375724792480469e-02,-2.175904512405395508e-01
-4.824295043945312500e-01,5.570909976959228516e-01,-4.590429067611694336e-01
9.386708736419677734e-01,-8.158200383186340332e-01,-6.646335124969482422e-01
2.620072364807128906e-01,-8.938351869583129883e-01,-6.676243543624877930e-01
-8.966277241706848145e-01,-9.156322479248046875e-01,-8.344793319702148438e-02
-6.586167812347412109e-01,-4.975104331970214844e-01,9.679424762725830078e-01
-5.089784264564514160e-01,-2.138395905494689941e-01,-8.886054158210754395e-01
-8.677244186401367188e-04,-2.854765653610229492e-01,-7.464829683303833008e-01
1.139780282974243164e-01,4.687253236770629883e-01,-9.514787793159484863e-01
1.307232379913330078e-01,-9.599457383155822754e-01,4.004344940185546875e-01
8.202415704727172852e-01,2.994178533554077148e-01,-6.852277517318725586e-01
4.910805225372314453e-01,4.665050506591796875e-01,-8.884183764457702637e-01
1.713829040527343750e-01,9.171359539031982422e-01,-2.098848223686218262e-01
-1.932799816131591797e-03,-3.393015861511230469e-01,8.570171594619750977e-01
-5.117672681808471680e-01,1.789474487304687500e-02,2.702145576477050781e-01
7.352238893508911133e-01,7.116136550903320312e-01,9.121726751327514648e-01
-3.851609826087951660e-01,9.933173656463623047e-02,-7.310253381729125977e-01
-2.671092152595520020e-01,-4.784587621688842773e-01,6.285321712493896484e-02
-7.635464072227478027e-01,8.226295709609985352e-01,7.251926660537719727e-01
-9.682714939117431641e-01,-7.514780759811401367e-02,-6.468316316604614258e-01
1.407179832458496094e-01,-1.514011621475219727e-01,-7.854878902435302734e-01
-6.393473148345947266e-01,2.092003822326660156e-01,8.966854810714721680e-01
-1.911461353302001953e-02,-7.140403985977172852e-01,-2.917460799217224121e-01
-4.933006167411804199e-01,-1.911430954933166504e-01,-2.691590785980224609e-02
4.751404523849487305e-01,-5.868085622787475586e-01,5.987092256546020508e-01
2.124240398406982422e-01,5.470336675643920898e-01,-5.394161939620971680e-01
-9.544910192489624023e-01,5.651249885559082031e-01,-1.952554583549499512e-01
-6.950954198837280273e-01,4.832205772399902344e-01,-6.331678628921508789e-01
3.693199157714843750e-01,3.555488586425781250e-01,-7.633286714553833008e-01
3.024985790252685547e-01,-4.834210872650146484e-02,1.543473005294799805e-01
-7.758750915527343750e-01,9.480289220809936523e-01,4.538657665252685547e-01
-6.329294443130493164e-01,-8.769923448562622070e-01,5.534596443176269531e-01
-8.268436789512634277e-01,-5.881824493408203125e-01,-5.004539489746093750e-01
-2.576048970222473145e-01,2.742612361907958984e-02,-2.527526617050170898e-01
3.658008575439453125e-02,3.600251674652099609e-01,6.948487758636474609e-01
4.619448184967041016e-01,6.047333478927612305e-01,-2.244064211845397949e-01
