0.00000000e+00,5.62854737e-02,5.50020137e-03,6.12606034e-03,5.67972986e-03,4.91418678e-02
1.00000000e-02,5.10413647e-02,5.24150957e-03,5.86740980e-03,5.42256371e-03,4.85216226e-02
2.00000000e-02,4.65155795e-02,5.03036673e-03,5.65375481e-03,5.21568349e-03,4.80129056e-02
3.00000000e-02,4.26131260e-02,4.86353824e-03,5.48035470e-03,5.05481858e-03,4.76063896e-02
4.00000000e-02,3.92452624e-02,4.73730876e-03,5.34233015e-03,4.93526277e-03,4.72930290e-02
5.00000000e-02,3.63236070e-02,4.64756964e-03,5.23480058e-03,4.85199664e-03,4.70642246e-02
6.00000000e-02,3.37771416e-02,4.58996370e-03,5.15302264e-03,4.79984432e-03,4.69118740e-02
7.00000000e-02,3.15496596e-02,4.56007831e-03,5.09263251e-03,4.77375260e-03,4.68284838e-02
8.00000000e-02,2.95925315e-02,4.55358105e-03,5.04966539e-03,4.76891741e-03,4.68071986e-02
9.00000000e-02,2.78590508e-02,4.56638834e-03,5.02072179e-03,4.78102765e-03,4.68418047e-02
1.00000000e-01,2.63151212e-02,4.59476889e-03,5.00291151e-03,4.80629988e-03,4.69267610e-02
1.10000000e-01,2.49307765e-02,4.63540088e-03,4.99383009e-03,4.84151656e-03,4.70571499e-02
1.20000000e-01,2.36784585e-02,4.68547521e-03,4.99165377e-03,4.88410201e-03,4.72286362e-02
1.30000000e-01,2.25368174e-02,4.74259364e-03,4.99485757e-03,4.93191362e-03,4.74374797e-02
1.40000000e-01,2.14881975e-02,4.80481300e-03,5.00232207e-03,4.98330032e-03,4.76804048e-02
1.50000000e-01,2.05181297e-02,4.87059176e-03,5.01327273e-03,5.03702639e-03,4.79546338e-02
1.60000000e-01,1.96163032e-02,4.93869535e-03,5.02709588e-03,5.09210830e-03,4.82577592e-02
1.70000000e-01,1.87760310e-02,5.00819746e-03,5.04341940e-03,5.14786027e-03,4.85877838e-02
1.80000000e-01,1.79880068e-02,5.07839296e-03,5.06203901e-03,5.20380805e-03,4.89429932e-02
1.90000000e-01,1.72470680e-02,5.14877480e-03,5.08284592e-03,5.25962850e-03,4.93219122e-02
2.00000000e-01,1.65473637e-02,5.21897753e-03,5.10581485e-03,5.31511207e-03,4.97233652e-02
2.10000000e-01,1.58856064e-02,5.28876339e-03,5.13101174e-03,5.37016480e-03,5.01462955e-02
2.20000000e-01,1.52599695e-02,5.35798511e-03,5.15851215e-03,5.42475739e-03,5.05898822e-02
2.30000000e-01,1.46677480e-02,5.42656747e-03,5.18842917e-03,5.47889688e-03,5.10533791e-02
2.40000000e-01,1.41076004e-02,5.49448710e-03,5.22088385e-03,5.53264150e-03,5.15361849e-02
2.50000000e-01,1.35784694e-02,5.56175355e-03,5.25598098e-03,5.58605737e-03,5.20377908e-02
2.60000000e-01,1.30778302e-02,5.62841697e-03,5.29381195e-03,5.63922955e-03,5.25577467e-02
2.70000000e-01,1.26041921e-02,5.69454809e-03,5.33443731e-03,5.69224658e-03,5.30956913e-02
2.80000000e-01,1.21563827e-02,5.76019641e-03,5.37788877e-03,5.74518549e-03,5.36512744e-02
2.90000000e-01,1.17337489e-02,5.82546778e-03,5.42416880e-03,5.79813495e-03,5.42242322e-02
3.00000000e-01,1.13340594e-02,5.89041668e-03,5.47322668e-03,5.85115161e-03,5.48143070e-02
3.10000000e-01,1.09562295e-02,5.95516516e-03,5.52501827e-03,5.90432449e-03,5.54212626e-02
3.20000000e-01,1.05990446e-02,6.01973175e-03,5.57941473e-03,5.95766183e-03,5.60449101e-02
3.30000000e-01,1.02612645e-02,6.08422928e-03,5.63631477e-03,6.01123574e-03,5.66850759e-02
3.40000000e-01,9.94125539e-03,6.14866628e-03,5.69554083e-03,6.06503312e-03,5.73415913e-02
3.50000000e-01,9.63826990e-03,6.21314561e-03,5.75696961e-03,6.11910161e-03,5.80142956e-02
3.60000000e-01,9.35101258e-03,6.27766810e-03,5.82039640e-03,6.17341483e-03,5.87030783e-02
3.70000000e-01,9.07883197e-03,6.34232135e-03,5.88568323e-03,6.22800591e-03,5.94078165e-02
3.80000000e-01,8.82080193e-03,6.40710862e-03,5.95263853e-03,6.28284102e-03,6.01283986e-02
3.90000000e-01,8.57598823e-03,6.47203377e-03,6.02107365e-03,6.33788498e-03,6.08647443e-02
4.00000000e-01,8.34372472e-03,6.53709983e-03,6.09080307e-03,6.39310135e-03,6.16167627e-02
4.10000000e-01,8.12340812e-03,6.60233023e-03,6.16167989e-03,6.44847197e-03,6.23844020e-02
4.20000000e-01,7.91447749e-03,6.66778483e-03,6.23359564e-03,6.50400161e-03,6.31675664e-02
4.30000000e-01,7.71590970e-03,6.73332619e-03,6.30629300e-03,6.55954741e-03,6.39662903e-02
4.40000000e-01,7.52726910e-03,6.79907198e-03,6.37974106e-03,6.61516730e-03,6.47804875e-02
4.50000000e-01,7.34811383e-03,6.86494187e-03,6.45375797e-03,6.67076367e-03,6.56101540e-02
4.60000000e-01,7.17795030e-03,6.93097073e-03,6.52827448e-03,6.72632838e-03,6.64553151e-02
4.70000000e-01,7.01626986e-03,6.99710310e-03,6.60315608e-03,6.78179623e-03,6.73159540e-02
4.80000000e-01,6.86240392e-03,7.06336866e-03,6.67835479e-03,6.83716321e-03,6.81921117e-02
4.90000000e-01,6.71595102e-03,7.12974789e-03,6.75379359e-03,6.89239339e-03,6.90838285e-02
5.00000000e-01,6.57641054e-03,7.19616846e-03,6.82936651e-03,6.94741043e-03,6.99911520e-02
5.10000000e-01,6.44311565e-03,7.26270857e-03,6.90509919e-03,7.00226328e-03,7.09141750e-02
5.20000000e-01,6.31599664e-03,7.32937045e-03,6.98097013e-03,7.05694272e-03,7.18529545e-02
5.30000000e-01,6.19445173e-03,7.39612058e-03,7.05692801e-03,7.11141527e-03,7.28075914e-02
5.40000000e-01,6.07819040e-03,7.46299471e-03,7.13299820e-03,7.16571086e-03,7.37781875e-02
5.50000000e-01,5.96704143e-03,7.53005221e-03,7.20923012e-03,7.21987560e-03,7.47648802e-02
5.60000000e-01,5.86067499e-03,7.59723252e-03,7.28556626e-03,7.27386801e-03,7.57677834e-02
5.70000000e-01,5.75893065e-03,7.66460509e-03,7.36208307e-03,7.32775363e-03,7.67870404e-02
5.80000000e-01,5.66136753e-03,7.73230810e-03,7.43890917e-03,7.38165923e-03,7.78228290e-02
5.90000000e-01,5.56782340e-03,7.80031625e-03,7.51603106e-03,7.43557778e-03,7.88752854e-02
6.00000000e-01,5.47827198e-03,7.86868930e-03,7.59351808e-03,7.48958243e-03,7.99446143e-02
6.10000000e-01,5.39225694e-03,7.93758081e-03,7.67151038e-03,7.54381754e-03,8.10309902e-02
6.20000000e-01,5.30964942e-03,8.00700956e-03,7.75003848e-03,7.59832859e-03,8.21346000e-02
6.30000000e-01,5.23015838e-03,8.07715440e-03,7.82926017e-03,7.65328943e-03,8.32556769e-02
6.40000000e-01,5.15387184e-03,8.14807350e-03,7.90922963e-03,7.70878159e-03,8.43944304e-02
6.50000000e-01,5.08074616e-03,8.21996201e-03,7.99011220e-03,7.76499808e-03,8.55510697e-02
6.60000000e-01,5.01075643e-03,8.29293407e-03,8.07199432e-03,7.82207251e-03,8.67258504e-02
6.70000000e-01,4.94382018e-03,8.36720001e-03,8.15504249e-03,7.88021586e-03,8.79190102e-02
6.80000000e-01,4.87991758e-03,8.44289511e-03,8.23933724e-03,7.93957612e-03,8.91307950e-02
6.90000000e-01,4.81915581e-03,8.52032797e-03,8.32511573e-03,8.00044644e-03,9.03614216e-02
7.00000000e-01,4.76146135e-03,8.59961105e-03,8.41242615e-03,8.06297008e-03,9.16112110e-02
7.10000000e-01,4.70689321e-03,8.68100789e-03,8.50144066e-03,8.12741043e-03,9.28804196e-02
7.20000000e-01,4.65550965e-03,8.76479233e-03,8.59232903e-03,8.19402877e-03,9.41693112e-02
7.30000000e-01,4.60749185e-03,8.85121706e-03,8.68523149e-03,8.26308480e-03,9.54781748e-02
7.40000000e-01,4.56267227e-03,8.94058254e-03,8.78031845e-03,8.33487054e-03,9.68072601e-02
7.50000000e-01,4.52112393e-03,9.03322226e-03,8.87778513e-03,8.40970855e-03,9.81569104e-02
7.60000000e-01,4.48289718e-03,9.12939096e-03,8.97774426e-03,8.48785443e-03,9.95273769e-02
7.70000000e-01,4.44821273e-03,9.22947982e-03,9.08042458e-03,8.56967834e-03,1.00918972e-01
7.80000000e-01,4.41736586e-03,9.33375908e-03,9.18593984e-03,8.65545697e-03,1.02332073e-01
7.90000000e-01,4.39043981e-03,9.44267069e-03,9.29454439e-03,8.74559772e-03,1.03766841e-01
8.00000000e-01,4.36779717e-03,9.55657158e-03,9.40641593e-03,8.84044375e-03,1.05223700e-01
8.10000000e-01,4.34980697e-03,9.67584923e-03,9.52175991e-03,8.94036964e-03,1.06702904e-01
8.20000000e-01,4.33680057e-03,9.80087249e-03,9.64075415e-03,9.04572592e-03,1.08204752e-01
8.30000000e-01,4.32924514e-03,9.93206874e-03,9.76363877e-03,9.15692248e-03,1.09729632e-01
8.40000000e-01,4.32777475e-03,1.00699105e-02,9.89067974e-03,9.27439742e-03,1.11277859e-01
8.50000000e-01,4.33283292e-03,1.02146723e-02,1.00219849e-02,9.39844078e-03,1.12849697e-01
8.60000000e-01,4.34491418e-03,1.03668976e-02,1.01578912e-02,9.52954679e-03,1.14445461e-01
8.70000000e-01,4.36436378e-03,1.05269882e-02,1.02986246e-02,9.66811390e-03,1.16065578e-01
8.80000000e-01,4.39165628e-03,1.06953843e-02,1.04444436e-02,9.81455497e-03,1.17710306e-01
8.90000000e-01,4.42717487e-03,1.08725192e-02,1.05956123e-02,9.96929309e-03,1.19379964e-01
9.00000000e-01,4.47111959e-03,1.10588180e-02,1.07523971e-02,1.01327465e-02,1.21074905e-01
9.10000000e-01,4.52391626e-03,1.12547094e-02,1.09150741e-02,1.03053227e-02,1.22795530e-01
9.20000000e-01,4.58585708e-03,1.14606150e-02,1.10839286e-02,1.04874420e-02,1.24542083e-01
9.30000000e-01,4.65697786e-03,1.16770030e-02,1.12592990e-02,1.06795511e-02,1.26314903e-01
9.40000000e-01,4.73730671e-03,1.19042443e-02,1.14414528e-02,1.08820347e-02,1.28114367e-01
9.50000000e-01,4.82682721e-03,1.21428135e-02,1.16307623e-02,1.10953419e-02,1.29940844e-01
9.60000000e-01,4.92544151e-03,1.23930611e-02,1.18275063e-02,1.13198425e-02,1.31794624e-01
9.70000000e-01,5.03305444e-03,1.26553781e-02,1.20320231e-02,1.15559329e-02,1.33676088e-01
9.80000000e-01,5.14954287e-03,1.29302301e-02,1.22447240e-02,1.18040699e-02,1.35585590e-01
9.90000000e-01,5.27462186e-03,1.32178906e-02,1.24658894e-02,1.20645745e-02,1.37523534e-01
1.00000000e+00,5.40825366e-03,1.35187886e-02,1.26959329e-02,1.23378712e-02,1.39490146e-01
