1.000000000000000000e+00,9.319676160812377930e-01,1.699060201644897461e-01
-3.875259757041931152e-01,-1.000000000000000000e+00,3.011522293090820312e-01
-6.037870645523071289e-01,-3.074646592140197754e-01,-1.000000000000000000e+00
-1.000000000000000000e+00,7.129839658737182617e-01,2.436865568161010742e-01
5.321704149246215820e-01,-1.000000000000000000e+00,-1.988257169723510742e-01
-9.921250939369201660e-01,1.000000000000000000e+00,-5.676433444023132324e-01
8.720225095748901367e-01,-1.446518301963806152e-01,-1.000000000000000000e+00
1.000000000000000000e+00,-3.456811308860778809e-01,-4.562279582023620605e-01
6.781584024429321289e-01,6.286479234695434570e-01,1.000000000000000000e+00
2.192997932434082031e-01,1.000000000000000000e+00,-8.806883692741394043e-01
-1.000000000000000000e+00,-5.730223655700683594e-02,7.241739034652709961e-01
8.707835674285888672e-01,-1.000000000000000000e+00,7.248189449310302734e-01
-1.577975153923034668e-01,3.658949136734008789e-01,-1.000000000000000000e+00
-1.000000000000000000e+00,-8.868014812469482422e-01,-7.509041428565979004e-01
4.754196405410766602e-01,-2.153678536415100098e-01,1.000000000000000000e+00
1.000000000000000000e+00,-6.434758901596069336e-01,4.879468679428100586e-01
-4.477561116218566895e-01,-1.253488063812255859e-01,1.000000000000000000e+00
-1.000000000000000000e+00,-8.328849077224731445e-01,-6.507481336593627930e-01
1.000000000000000000e+00,-4.462029933929443359e-01,-6.131180524826049805e-01
8.079681396484375000e-01,-5.436123013496398926e-01,1.000000000000000000e+00
8.272964954376220703e-01,1.000000000000000000e+00,-8.742917776107788086e-01
6.739106178283691406e-01,7.265567779541015625e-01,1.000000000000000000e+00
1.000000000000000000e+00,-6.460379362106323242e-01,-6.437559723854064941e-01
1.000000000000000000e+00,6.952830553054809570e-01,6.489109992980957031e-01
-6.487457156181335449e-01,-7.269042134284973145e-01,1.000000000000000000e+00
1.000000000000000000e+00,5.430817604064941406e-02,-5.422962307929992676e-01
1.000000000000000000e+00,-1.083801388740539551e-01,-7.835359573364257812e-01
-8.507269620895385742e-01,-3.490904569625854492e-01,-1.000000000000000000e+00
1.000000000000000000e+00,4.190437793731689453e-01,-1.914346218109130859e-01
9.762407541275024414e-01,-7.498641610145568848e-01,1.000000000000000000e+00
1.147489547729492188e-01,-1.000000000000000000e+00,-4.425546526908874512e-01
-2.574899196624755859e-01,-5.207185149192810059e-01,-1.000000000000000000e+00
-2.812898159027099609e-02,-1.000000000000000000e+00,6.915193796157836914e-01
6.079316139221191406e-02,1.000000000000000000e+00,9.897129535675048828e-01
-8.096150159835815430e-01,6.325882673263549805e-01,1.000000000000000000e+00
-1.542378067970275879e-01,9.045485258102416992e-01,-1.000000000000000000e+00
-1.090778112411499023e-01,5.470149517059326172e-01,1.000000000000000000e+00
1.000000000000000000e+00,-9.689621925354003906e-01,-5.974591970443725586e-01
6.398109197616577148e-01,-1.000000000000000000e+00,2.480373382568359375e-01
1.000000000000000000e+00,-7.895402908325195312e-01,4.887442588806152344e-01
-8.035127520561218262e-01,1.000000000000000000e+00,9.144592285156250000e-02
1.000000000000000000e+00,6.890420913696289062e-01,-7.010645866394042969e-01
-9.491443634033203125e-01,-9.605511426925659180e-01,-1.000000000000000000e+00
4.157083034515380859e-01,1.000000000000000000e+00,3.133907318115234375e-01
-4.988431930541992188e-01,-1.000000000000000000e+00,7.093794345855712891e-01
8.479225635528564453e-01,-1.000000000000000000e+00,3.140823841094970703e-01
5.019038915634155273e-01,5.785144567489624023e-01,-1.000000000000000000e+00
1.000000000000000000e+00,-6.296653747558593750e-01,-7.200403809547424316e-01
-7.131538391113281250e-01,8.354537487030029297e-01,1.000000000000000000e+00
1.000000000000000000e+00,-7.174932956695556641e-01,8.303773403167724609e-02
-5.965834259986877441e-01,-5.634560585021972656e-01,-1.000000000000000000e+00
2.499502897262573242e-01,-1.000000000000000000e+00,-6.019327640533447266e-01
-2.922050356864929199e-01,8.236159086227416992e-01,1.000000000000000000e+00
6.870902776718139648e-01,-1.000000000000000000e+00,-1.845124959945678711e-01
-5.185444951057434082e-01,-5.212539434432983398e-01,1.000000000000000000e+00
1.000000000000000000e+00,8.454629182815551758e-01,-1.131551265716552734e-01
3.933514356613159180e-01,2.808885574340820312e-01,1.000000000000000000e+00
-1.076964139938354492e-01,1.000000000000000000e+00,3.496774435043334961e-01
6.026670932769775391e-01,1.000000000000000000e+00,-4.556071758270263672e-01
-3.741844296455383301e-01,1.000000000000000000e+00,3.488600254058837891e-02
-8.628362417221069336e-01,-1.751166582107543945e-01,1.000000000000000000e+00
-1.000000000000000000e+00,-6.542080640792846680e-01,2.220444679260253906e-01
2.405445575714111328e-01,5.847235918045043945e-01,1.000000000000000000e+00
7.003257274627685547e-01,-1.000000000000000000e+00,-5.763866901397705078e-01
-7.578237056732177734e-01,-2.444267272949218750e-03,1.000000000000000000e+00
1.249084472656250000e-01,-3.052057027816772461e-01,1.000000000000000000e+00
5.152714252471923828e-01,-1.000000000000000000e+00,2.646704912185668945e-01
5.279992818832397461e-01,3.333264589309692383e-01,1.000000000000000000e+00
1.960861682891845703e-02,-8.298313021659851074e-01,-1.000000000000000000e+00
1.509821414947509766e-02,1.000000000000000000e+00,-8.612320423126220703e-01
6.442683935165405273e-01,-8.885447382926940918e-01,-1.000000000000000000e+00
-4.504390954971313477e-01,1.000000000000000000e+00,-7.864937186241149902e-01
-2.549704313278198242e-01,5.026317834854125977e-01,-1.000000000000000000e+00
1.121197938919067383e-01,1.000000000000000000e+00,-8.913126587867736816e-01
5.063307285308837891e-02,-1.000000000000000000e+00,5.627468824386596680e-01
1.000000000000000000e+00,-9.144124388694763184e-01,-7.330251932144165039e-01
6.695076227188110352e-01,-3.713840246200561523e-02,1.000000000000000000e+00
-1.000000000000000000e+00,8.451911211013793945e-01,8.393968343734741211e-01
-1.000000000000000000e+00,3.003724813461303711e-01,6.005624532699584961e-01
-5.897134542465209961e-01,1.000000000000000000e+00,-7.452603578567504883e-01
8.638947010040283203e-01,1.000000000000000000e+00,3.764462471008300781e-01
3.323909044265747070e-01,-9.052608013153076172e-01,1.000000000000000000e+00
-6.143832206726074219e-02,-1.000000000000000000e+00,-5.882599949836730957e-01
1.000000000000000000e+00,-3.701509237289428711e-01,-9.574127197265625000e-01
-2.021695375442504883e-01,4.544256925582885742e-01,-1.000000000000000000e+00
-1.000000000000000000e+00,-8.685715794563293457e-01,-8.191822767257690430e-01
6.762385368347167969e-03,1.000000000000000000e+00,6.808961629867553711e-01
-6.101042032241821289e-01,1.000000000000000000e+00,-1.348363161087036133e-01
-1.000000000000000000e+00,8.561033010482788086e-01,1.625459194183349609e-01
5.412474870681762695e-01,-1.000000000000000000e+00,7.099704742431640625e-01
1.000000000000000000e+00,6.031073331832885742e-01,6.151393651962280273e-01
5.541690587997436523e-01,-1.000000000000000000e+00,-1.935588121414184570e-01
-6.638953685760498047e-01,-9.784460067749023438e-01,-1.000000000000000000e+00
5.019382238388061523e-01,4.248723983764648438e-01,-1.000000000000000000e+00
1.000000000000000000e+00,-2.843457460403442383e-02,6.350684165954589844e-01
-5.659902095794677734e-02,1.408482789993286133e-01,-1.000000000000000000e+00
1.000000000000000000e+00,-8.305116891860961914e-01,4.113103151321411133e-01
9.191430807113647461e-01,1.000000000000000000e+00,-5.383206009864807129e-01
-1.000000000000000000e+00,1.026880741119384766e-01,-1.561486721038818359e-02
-1.000000000000000000e+00,-1.993148326873779297e-01,6.784884929656982422e-01
-2.103094458580017090e-01,8.180973529815673828e-01,-1.000000000000000000e+00
-1.000000000000000000e+00,-7.323577404022216797e-01,6.550230979919433594e-01
-5.930563807487487793e-01,-9.155915379524230957e-01,1.000000000000000000e+00
-4.351230859756469727e-01,-1.000000000000000000e+00,4.927235841751098633e-01
1.000000000000000000e+00,-9.370148181915283203e-01,7.010965347290039062e-01
5.992664098739624023e-01,1.000000000000000000e+00,8.267718553543090820e-01
-3.046672940254211426e-01,6.478238105773925781e-01,1.000000000000000000e+00
-9.464383721351623535e-01,1.000000000000000000e+00,-1.843241453170776367e-01
-1.000000000000000000e+00,4.811638593673706055e-01,-7.251809835433959961e-01
-1.000000000000000000e+00,-7.850788235664367676e-01,-4.501430392265319824e-01
6.932634115219116211e-01,1.000000000000000000e+00,6.686496734619140625e-02
-8.374270796775817871e-01,1.000000000000000000e+00,-3.438843488693237305e-01
-5.919349193572998047e-02,-1.000000000000000000e+00,-3.843916654586791992e-01
-9.142643213272094727e-01,1.000000000000000000e+00,9.428472518920898438e-01
7.104058265686035156e-01,4.202415943145751953e-01,1.000000000000000000e+00
-1.000000000000000000e+00,3.705418109893798828e-01,-3.825095295906066895e-01
1.765496730804443359e-01,5.416742563247680664e-01,-1.000000000000000000e+00
-5.494166612625122070e-01,-1.000000000000000000e+00,3.497242927551269531e-01
-3.361566662788391113e-01,-1.000000000000000000e+00,-3.132307529449462891e-02
-3.153641223907470703e-01,-1.000000000000000000e+00,-4.933730363845825195e-01
-1.000000000000000000e+00,-2.067379355430603027e-01,9.551808834075927734e-01
-1.000000000000000000e+00,-7.355982065200805664e-02,8.975844383239746094e-01
-1.000000000000000000e+00,-1.191968917846679688e-01,9.659935235977172852e-01
8.525271415710449219e-01,8.494405746459960938e-01,1.000000000000000000e+00
-1.000000000000000000e+00,2.557425498962402344e-01,-5.130564570426940918e-01
5.930397510528564453e-01,-1.000000000000000000e+00,4.542677402496337891e-01
-2.070288062095642090e-01,9.940932989120483398e-01,-1.000000000000000000e+00
8.592140674591064453e-01,-4.436777234077453613e-01,1.000000000000000000e+00
1.000000000000000000e+00,8.923401832580566406e-01,4.343163967132568359e-01
1.000000000000000000e+00,7.165312767028808594e-02,1.742197275161743164e-01
3.016706705093383789e-01,-3.728055953979492188e-01,-1.000000000000000000e+00
-8.574676513671875000e-01,-6.804774999618530273e-01,-1.000000000000000000e+00
1.100313663482666016e-02,1.000000000000000000e+00,2.572051286697387695e-01
1.804163455963134766e-01,1.000000000000000000e+00,1.215150356292724609e-01
-1.000000000000000000e+00,-4.201735854148864746e-01,8.730795383453369141e-01
8.764073848724365234e-01,-1.000000000000000000e+00,9.944134950637817383e-01
-5.512012839317321777e-01,-1.000000000000000000e+00,-6.415032148361206055e-01
-4.603859186172485352e-01,1.000000000000000000e+00,6.080448627471923828e-02
8.437173366546630859e-01,-4.908726215362548828e-01,-1.000000000000000000e+00
1.000000000000000000e+00,5.547868013381958008e-01,-7.146269083023071289e-02
1.477901935577392578e-01,-8.170509338378906250e-02,-1.000000000000000000e+00
1.756714582443237305e-01,-1.000000000000000000e+00,-8.899239301681518555e-01
-2.806023955345153809e-01,-9.907891154289245605e-01,-1.000000000000000000e+00
2.487897872924804688e-03,-1.000000000000000000e+00,-4.374207258224487305e-01
3.765745162963867188e-01,-8.670986890792846680e-01,1.000000000000000000e+00
-2.270917296409606934e-01,-1.000000000000000000e+00,7.237724065780639648e-01
-1.000000000000000000e+00,-1.267731785774230957e-01,-8.389649391174316406e-01
-8.818629980087280273e-01,-1.000000000000000000e+00,7.801352739334106445e-01
4.624328613281250000e-01,-7.044833898544311523e-02,-1.000000000000000000e+00
-1.291117668151855469e-01,-1.000000000000000000e+00,-6.353386640548706055e-01
-8.152960538864135742e-01,-8.519099950790405273e-01,-1.000000000000000000e+00
-6.070757508277893066e-01,1.000000000000000000e+00,-7.265688180923461914e-01
1.000000000000000000e+00,5.385529994964599609e-01,-9.084141254425048828e-02
-8.390241861343383789e-01,1.000000000000000000e+00,-2.738548517227172852e-01
1.000000000000000000e+00,3.716367483139038086e-01,-2.729487419128417969e-01
7.836933135986328125e-01,-1.000000000000000000e+00,-4.375811815261840820e-01
-3.489837050437927246e-01,-6.301126480102539062e-01,1.000000000000000000e+00
6.046264171600341797e-01,9.559434652328491211e-01,-1.000000000000000000e+00
7.268130779266357422e-01,-1.000000000000000000e+00,-8.955796360969543457e-01
-9.651035070419311523e-02,1.000000000000000000e+00,3.498667478561401367e-01
-2.203510999679565430e-01,-4.729055166244506836e-01,-1.000000000000000000e+00
3.234949111938476562e-01,1.000000000000000000e+00,-6.734963655471801758e-01
-1.650702953338623047e-02,6.757884025573730469e-01,1.000000000000000000e+00
-1.000000000000000000e+00,4.504876136779785156e-01,6.890819072723388672e-01
7.584259510040283203e-01,-2.335135340690612793e-01,-1.000000000000000000e+00
1.000000000000000000e+00,-2.951697707176208496e-01,-9.935649633407592773e-01
2.963279485702514648e-01,-6.081457734107971191e-01,1.000000000000000000e+00
6.604149341583251953e-01,4.117997884750366211e-01,1.000000000000000000e+00
-4.395046234130859375e-01,3.884115219116210938e-01,1.000000000000000000e+00
-3.009138107299804688e-01,-1.000000000000000000e+00,-1.820833086967468262e-01
-1.049241423606872559e-01,1.000000000000000000e+00,-5.339707136154174805e-01
1.000000000000000000e+00,-5.498918294906616211e-01,-9.119772315025329590e-01
7.381110191345214844e-01,-1.000000000000000000e+00,6.380217075347900391e-01
-1.000000000000000000e+00,-4.599630236625671387e-01,6.610236167907714844e-01
-8.798997402191162109e-01,6.260710954666137695e-01,-1.000000000000000000e+00
-1.000000000000000000e+00,5.201033353805541992e-01,-7.005947828292846680e-02
5.627863407135009766e-01,1.000000000000000000e+00,-4.276322722434997559e-01
-1.000000000000000000e+00,1.948237419128417969e-01,4.988809823989868164e-01
1.000000000000000000e+00,3.606534004211425781e-02,1.708561182022094727e-01
-3.308591842651367188e-01,9.269714355468750000e-03,1.000000000000000000e+00
-1.000000000000000000e+00,-1.682547330856323242e-01,9.771023988723754883e-01
4.001536369323730469e-01,8.702900409698486328e-01,-1.000000000000000000e+00
1.825102567672729492e-01,1.000000000000000000e+00,3.162800073623657227e-01
3.270757198333740234e-01,9.742949008941650391e-01,-1.000000000000000000e+00
1.000000000000000000e+00,-5.037212371826171875e-02,-5.152657032012939453e-01
-1.000000000000000000e+00,-7.707331180572509766e-01,-7.280536890029907227e-01
-7.638019323348999023e-01,-1.000000000000000000e+00,-7.324938774108886719e-01
-1.000000000000000000e+00,5.239009857177734375e-01,4.954620599746704102e-01
-2.975765466690063477e-01,1.000000000000000000e+00,-5.757347345352172852e-01
1.000000000000000000e+00,1.140670776367187500e-01,2.513484954833984375e-01
1.000000000000000000e+00,-6.994860768318176270e-01,-5.985654592514038086e-01
-1.000000000000000000e+00,4.403495788574218750e-02,-1.297719478607177734e-01
1.000000000000000000e+00,4.750769138336181641e-01,-6.191443800926208496e-01
1.000000000000000000e+00,-7.913757562637329102e-01,-5.765330791473388672e-01
-1.000000000000000000e+00,1.934421062469482422e-02,6.739609241485595703e-01
-1.000000000000000000e+00,-2.271840572357177734e-01,6.050490140914916992e-01
-1.000000000000000000e+00,6.659090518951416016e-01,-3.865419030189514160e-01
3.209722042083740234e-02,-2.100376486778259277e-01,1.000000000000000000e+00
-6.316412687301635742e-01,-3.801097273826599121e-01,-1.000000000000000000e+00
-1.000000000000000000e+00,4.756724834442138672e-01,-3.686316609382629395e-01
9.601472616195678711e-01,5.348564386367797852e-01,1.021682024002075195e-01
-2.739800810813903809e-01,-1.396034359931945801e-01,3.198976516723632812e-01
-2.381097674369812012e-01,7.233854532241821289e-01,3.084127902984619141e-01
-5.568823814392089844e-01,7.240186929702758789e-01,-3.176049590110778809e-01
3.602498769760131836e-01,8.841856718063354492e-01,-3.458890914916992188e-01
7.880520820617675781e-01,7.466237545013427734e-01,-6.448479890823364258e-01
-6.971902847290039062e-01,7.412576675415039062e-01,-5.730354785919189453e-01
-1.381850838661193848e-01,-4.096050262451171875e-01,6.571391820907592773e-01
-7.979713678359985352e-01,-8.009113073348999023e-01,-2.856364250183105469e-01
3.547390699386596680e-01,3.350689411163330078e-01,-7.062232494354248047e-01
4.062855243682861328e-02,1.305493116378784180e-01,5.257327556610107422e-01
6.743226051330566406e-01,-2.869210243225097656e-01,5.953004360198974609e-01
-4.837160706520080566e-01,-9.667366743087768555e-01,3.153206110000610352e-01
7.262197732925415039e-01,-2.700623273849487305e-01,9.881199598312377930e-01
-5.380687713623046875e-01,-8.908553123474121094e-01,-1.512129902839660645e-01
-4.147161841392517090e-01,-4.538430571556091309e-01,4.591579437255859375e-01
-2.485150098800659180e-02,6.189773082733154297e-01,4.279005527496337891e-01
-6.356672048568725586e-01,-4.467242956161499023e-01,-2.003104686737060547e-01
7.624413967132568359e-01,-8.378315567970275879e-01,-3.449017405509948730e-01
7.776978015899658203e-01,2.597343921661376953e-02,1.085402965545654297e-01
1.478060483932495117e-01,3.700617551803588867e-01,-6.681023240089416504e-01
-3.469000458717346191e-01,-9.766184687614440918e-01,6.998511552810668945e-01
6.464290618896484375e-02,-9.776415824890136719e-01,-5.573097467422485352e-01
1.533113718032836914e-01,-4.547446966171264648e-02,-1.252849102020263672e-01
-8.287724852561950684e-01,-6.396087408065795898e-01,-8.690603375434875488e-01
-4.123744964599609375e-01,-7.864463329315185547e-01,7.557619810104370117e-01
1.130235195159912109e-02,-6.995487213134765625e-01,-3.385090827941894531e-02
1.660339832305908203e-01,9.929143190383911133e-01,7.358539104461669922e-01
7.332392930984497070e-01,6.156632900238037109e-01,8.336236476898193359e-01
-9.035657048225402832e-01,9.437372684478759766e-01,8.024668693542480469e-02
1.447846889495849609e-01,1.587224006652832031e-02,2.317061424255371094e-01
5.993614196777343750e-01,6.258581876754760742e-01,4.389923810958862305e-01
-2.522079348564147949e-01,-8.418511152267456055e-01,-2.000073790550231934e-01
8.842954635620117188e-01,6.321101188659667969e-01,-1.756117343902587891e-01
-1.233583688735961914e-02,2.521208524703979492e-01,7.737739086151123047e-01
-5.092538595199584961e-01,-4.015042781829833984e-01,-3.982834219932556152e-01
4.094038009643554688e-01,7.151710987091064453e-01,-6.522862315177917480e-01
-3.919422030448913574e-01,1.410460472106933594e-01,-8.340462446212768555e-01
8.357372283935546875e-01,-6.807193160057067871e-01,5.660121440887451172e-01
4.966192245483398438e-01,-6.864956617355346680e-01,-5.403319001197814941e-01
-2.890377044677734375e-01,5.282608270645141602e-01,-8.703583478927612305e-02
-1.744854450225830078e-02,-9.270009994506835938e-01,9.132986068725585938e-01
-6.589974164962768555e-01,9.573662281036376953e-02,-3.283506631851196289e-01
-3.602366447448730469e-01,8.143135309219360352e-01,-1.688930988311767578e-01
7.270466089248657227e-01,7.622207403182983398e-01,-2.631443738937377930e-01
6.471829414367675781e-01,6.178612709045410156e-01,1.450006961822509766e-01
-7.523170113563537598e-01,8.468545675277709961e-01,-9.079305529594421387e-01
1.370921134948730469e-01,-8.171747922897338867e-01,-6.298224925994873047e-01
-8.644821643829345703e-01,-7.165181040763854980e-01,-4.487862586975097656e-01
-5.528617501258850098e-01,2.644366025924682617e-01,-7.330490350723266602e-01
-7.727723717689514160e-01,-1.575052738189697266e-02,-7.988525629043579102e-01
-3.044290542602539062e-01,-7.228549718856811523e-01,4.975227117538452148e-01
-3.934049606323242188e-01,5.020539760589599609e-01,-9.891278147697448730e-01
6.458091735839843750e-02,-5.044777393341064453e-01,4.155937433242797852e-01
-8.762792944908142090e-01,9.124124050140380859e-02,-3.177558183670043945e-01
-3.920787572860717773e-02,9.721353054046630859e-01,-8.252817988395690918e-01
-2.675486803054809570e-01,-9.972943663597106934e-01,-8.684054613113403320e-01
-4.924577474594116211e-02,-7.900143265724182129e-01,5.267361402511596680e-01
9.389723539352416992e-01,1.805595159530639648e-01,-5.052611827850341797e-01
2.649098634719848633e-01,8.090580701828002930e-01,7.724812030792236328e-01
9.451652765274047852e-01,3.220949172973632812e-01,9.743154048919677734e-02
-8.524051904678344727e-01,5.987275838851928711e-01,-6.926417350769042969e-02
-3.702962398529052734e-02,8.112157583236694336e-01,-3.342282772064208984e-01
-3.212221860885620117e-01,-8.663295507431030273e-01,5.014741420745849609e-02
-3.043273687362670898e-01,4.790233373641967773e-01,-3.916268944740295410e-01
-5.798453688621520996e-01,2.808386087417602539e-01,-3.834018707275390625e-01
-2.540928125381469727e-02,-5.817209482192993164e-01,7.343364953994750977e-01
4.059784412384033203e-01,1.052248477935791016e-02,-9.459388256072998047e-02
-2.173790931701660156e-01,-6.880995035171508789e-01,2.201104164123535156e-01
5.558643341064453125e-01,-3.134858608245849609e-01,-9.326585531234741211e-01
7.002772092819213867e-01,9.533636569976806641e-01,-5.470508337020874023e-02
-1.729772686958312988e-01,7.016518115997314453e-01,3.947794437408447266e-02
2.425664663314819336e-01,-8.330340981483459473e-01,-3.055918216705322266e-01
8.913965225219726562e-01,-1.875082254409790039e-01,7.226736545562744141e-01
8.075653314590454102e-01,-5.820858478546142578e-02,-6.052675247192382812e-01
-4.726073741912841797e-01,1.222996711730957031e-01,-6.758542656898498535e-01
9.713965654373168945e-01,-7.710915803909301758e-02,-9.419687986373901367e-01
7.604448795318603516e-01,8.670386075973510742e-01,-3.164346218109130859e-01
-2.541464567184448242e-02,-9.198735952377319336e-01,8.374626636505126953e-01
9.691077470779418945e-01,-6.277577877044677734e-01,-2.100753784179687500e-01
7.349795103073120117e-01,-3.313682079315185547e-01,9.312174320220947266e-01
-9.996862411499023438e-01,-4.055755734443664551e-01,2.372622489929199219e-03
-3.674591779708862305e-01,-7.410014271736145020e-01,-1.765291690826416016e-01
5.674391984939575195e-01,4.784429073333740234e-01,-1.050254702568054199e-01
2.231681346893310547e-02,6.556377410888671875e-01,3.343325853347778320e-01
-2.490867972373962402e-01,9.783664941787719727e-01,2.910399436950683594e-01
5.380543470382690430e-01,6.927615404129028320e-01,8.223285675048828125e-01
-7.046891450881958008e-01,-5.791031122207641602e-01,1.386514902114868164e-01
4.623148441314697266e-01,3.753497600555419922e-01,-3.592251539230346680e-01
-4.983360171318054199e-01,5.025310516357421875e-01,-8.906792402267456055e-01
-2.898812294006347656e-01,4.421656131744384766e-01,1.469515562057495117e-01
9.757151603698730469e-01,-4.290043115615844727e-01,-2.887219786643981934e-01
-6.215721368789672852e-01,9.325591325759887695e-01,6.971436738967895508e-01
-9.646590948104858398e-01,-1.309335231781005859e-03,8.774619102478027344e-01
-2.360340356826782227e-01,5.704064369201660156e-01,-6.258097887039184570e-01
-8.774942755699157715e-01,6.783326864242553711e-01,-7.145266532897949219e-01
9.235632419586181641e-01,-1.702308058738708496e-01,1.503872871398925781e-01
-4.626761078834533691e-01,-7.878452539443969727e-01,4.381009340286254883e-01
7.896450757980346680e-01,8.827396631240844727e-01,-6.248109936714172363e-01
-5.946329236030578613e-01,-3.280474543571472168e-01,-9.643993973731994629e-01
6.052031517028808594e-01,-6.190178990364074707e-01,7.182917594909667969e-01
6.983654499053955078e-01,5.973032712936401367e-01,-2.810081243515014648e-01
-4.267966747283935547e-02,-3.790608048439025879e-01,-8.160281777381896973e-01
7.097978591918945312e-01,-5.967897176742553711e-02,7.181518077850341797e-01
-3.385450839996337891e-01,-2.265427708625793457e-01,-1.871639490127563477e-02
9.136414527893066406e-01,4.913257360458374023e-01,-1.160150170326232910e-01
-2.064265608787536621e-01,6.132013797760009766e-01,9.438920021057128906e-01
-8.701667189598083496e-01,6.822919845581054688e-02,-3.530751466751098633e-01
-4.488366842269897461e-02,3.452671766281127930e-01,-5.472719669342041016e-02
3.533774614334106445e-01,2.330430746078491211e-01,6.819764375686645508e-01
8.550500869750976562e-02,-1.556847095489501953e-01,4.383877515792846680e-01
-4.280204176902770996e-01,-1.380716562271118164e-01,8.880717754364013672e-01
-1.623410582542419434e-01,1.853162050247192383e-01,7.032674551010131836e-01
7.523083686828613281e-02,-4.516009092330932617e-01,4.353801012039184570e-01
-5.484289526939392090e-01,-7.273862361907958984e-01,1.701767444610595703e-01
4.631229639053344727e-01,-6.978763937950134277e-01,5.466971397399902344e-01
1.112511157989501953e-01,-7.484451532363891602e-01,5.622866153717041016e-01
-8.828935623168945312e-01,2.906745672225952148e-01,7.987406253814697266e-01
-9.852269291877746582e-01,-1.472942233085632324e-01,-6.925456523895263672e-01
1.744692325592041016e-01,5.175269842147827148e-01,5.643876791000366211e-01
-6.158104538917541504e-01,-2.304620742797851562e-01,6.406004428863525391e-01
-8.493905067443847656e-01,9.375413656234741211e-01,6.255168914794921875e-01
7.401593923568725586e-01,2.015651464462280273e-01,7.960827350616455078e-01
-1.964993476867675781e-01,-8.004275560379028320e-01,5.670554637908935547e-01
3.020433187484741211e-01,1.664435863494873047e-02,-3.000566363334655762e-01
4.220815896987915039e-01,-8.949292898178100586e-01,-3.144089579582214355e-01
6.962289810180664062e-01,9.956395626068115234e-01,-5.675330162048339844e-01
8.351626396179199219e-01,2.194281816482543945e-01,-3.580385446548461914e-01
-1.774622201919555664e-01,1.826668977737426758e-01,-3.811788558959960938e-01
1.824375391006469727e-01,-6.666994690895080566e-01,6.297657489776611328e-01
5.461536645889282227e-01,1.139501333236694336e-01,8.914909362792968750e-01
4.761309623718261719e-01,8.956979513168334961e-01,2.772129774093627930e-01
-4.902935624122619629e-01,-1.930415630340576172e-03,-3.096503019332885742e-02
-4.017274379730224609e-01,-6.163000464439392090e-01,7.341327667236328125e-01
8.364343643188476562e-02,-4.920467734336853027e-01,4.892023801803588867e-01
-4.771275520324707031e-01,6.411396265029907227e-01,-6.461709737777709961e-01
-5.533322095870971680e-01,6.298859119415283203e-01,-4.187088012695312500e-01
7.313714027404785156e-01,9.401237964630126953e-01,2.176222801208496094e-01
-9.660571813583374023e-02,5.427757501602172852e-01,4.080259799957275391e-01
3.809106349945068359e-01,6.441985368728637695e-01,-3.525614738464355469e-02
8.228224515914916992e-01,-3.358698487281799316e-01,-7.650214433670043945e-02
-9.084784984588623047e-01,-9.450737237930297852e-01,6.562583446502685547e-01
7.849417924880981445e-01,2.939401865005493164e-01,-9.133844971656799316e-01
-8.722413182258605957e-01,-4.064263701438903809e-01,-9.489368796348571777e-01
5.067245960235595703e-01,-8.540123701095581055e-01,7.809419631958007812e-01
6.040658950805664062e-01,-9.058825373649597168e-01,-4.860868453979492188e-01
-5.600763559341430664e-01,1.996674537658691406e-01,-3.432600498199462891e-01
-1.915746927261352539e-02,-1.291671395301818848e-01,-3.711049556732177734e-01
-5.072202086448669434e-01,1.602256298065185547e-02,5.435354709625244141e-01
-4.947942495346069336e-01,-3.766780495643615723e-01,4.894577264785766602e-01
-8.770320415496826172e-01,-7.027508020401000977e-01,9.794634580612182617e-01
1.666362285614013672e-01,2.701663970947265625e-01,-1.733053922653198242e-01
7.756152153015136719e-01,2.041490077972412109e-01,-6.894336342811584473e-01
3.342341184616088867e-01,3.716332912445068359e-01,9.191575050354003906e-01
-1.588873863220214844e-01,-2.715810537338256836e-01,-2.330474853515625000e-01
4.148616790771484375e-01,4.365289211273193359e-02,-1.642507314682006836e-02
-8.207498788833618164e-01,6.094980239868164062e-02,-9.216066002845764160e-01
2.826167345046997070e-01,3.102028369903564453e-01,-4.335985183715820312e-01
2.192938327789306641e-02,-6.238145828247070312e-01,-6.001858115196228027e-01
7.154138088226318359e-01,2.256196737289428711e-01,-6.524419188499450684e-01
7.191717624664306641e-02,-6.152792572975158691e-01,-2.658762335777282715e-01
8.815057277679443359e-01,-2.248487472534179688e-01,-4.039360284805297852e-01
9.657475948333740234e-01,9.190396070480346680e-01,-7.027311325073242188e-01
-5.233776569366455078e-02,6.147775650024414062e-01,6.439021825790405273e-01
-6.766055822372436523e-01,-2.637497782707214355e-01,6.034791469573974609e-02
-9.360853433609008789e-01,-9.593834877014160156e-01,-5.673434734344482422e-01
4.576050043106079102e-01,-7.179708480834960938e-01,6.255936622619628906e-02
-9.902456998825073242e-01,3.238427639007568359e-02,-6.375843286514282227e-01
-3.944498896598815918e-01,3.737477064132690430e-01,7.241770029067993164e-01
1.705408096313476562e-01,-6.462383866310119629e-01,-5.942388772964477539e-01
-4.874974489212036133e-01,-1.113567948341369629e-01,-5.333440303802490234e-01
-6.451336145401000977e-01,-5.889129638671875000e-01,-8.009456992149353027e-01
-5.917829275131225586e-01,4.452371597290039062e-02,5.917146205902099609e-01
-5.463218688964843750e-01,-5.882925987243652344e-01,-8.371633291244506836e-01
6.565339565277099609e-01,5.715593099594116211e-01,-9.746881127357482910e-01
-1.140476465225219727e-01,5.246269702911376953e-01,3.348908424377441406e-01
-7.227021455764770508e-01,-6.959176063537597656e-02,4.364297389984130859e-01
-7.216671109199523926e-01,6.975996494293212891e-02,2.870090007781982422e-01
-2.287419438362121582e-01,-7.435115575790405273e-01,4.438360929489135742e-01
2.724163532257080078e-01,-8.926625847816467285e-01,7.444370985031127930e-01
-3.657124638557434082e-01,-5.291694402694702148e-02,5.823427438735961914e-01
-3.854690790176391602e-01,-4.221962094306945801e-01,-5.161352157592773438e-01
9.484474658966064453e-01,6.656181812286376953e-02,-2.560483813285827637e-01
-9.744522571563720703e-01,2.602945566177368164e-01,-2.855337262153625488e-01
8.919025659561157227e-01,-2.941113710403442383e-02,7.452640533447265625e-01
6.302291154861450195e-01,-7.981985807418823242e-01,-8.998317122459411621e-01
-4.611063599586486816e-01,-9.142898917198181152e-01,9.162138700485229492e-01
-1.770329475402832031e-01,2.095896005630493164e-01,1.077294349670410156e-02
-5.208039283752441406e-01,-1.660526990890502930e-01,-4.453834891319274902e-01
5.885055065155029297e-01,8.918431997299194336e-01,4.421460628509521484e-02
-4.605873227119445801e-01,-3.136648535728454590e-01,8.945643901824951172e-02
-1.177695989608764648e-01,-7.633388638496398926e-01,-9.659336209297180176e-01
-6.506563425064086914e-01,-4.073709249496459961e-01,9.229825735092163086e-01
-4.960991740226745605e-01,7.486679553985595703e-01,9.814126491546630859e-01
-8.252139687538146973e-01,4.512012004852294922e-02,-2.873840928077697754e-01
-4.033691883087158203e-01,-9.329726696014404297e-01,-3.351761698722839355e-01
-4.072893857955932617e-01,-3.337448835372924805e-02,-3.539940714836120605e-01
4.813392162322998047e-01,7.653816938400268555e-01,6.858193874359130859e-01
9.099054336547851562e-01,-2.387845516204833984e-02,-2.332592010498046875e-02
-2.865965366363525391e-01,7.071770429611206055e-01,-5.014315843582153320e-01
8.252927064895629883e-01,5.863177776336669922e-01,1.476228237152099609e-02
-9.222188591957092285e-01,-7.965834140777587891e-01,-5.838400125503540039e-01
9.314013719558715820e-01,-3.664176464080810547e-01,7.968556880950927734e-02
9.095848798751831055e-01,-4.844645857810974121e-01,3.908536434173583984e-01
8.325926065444946289e-01,-1.500389575958251953e-01,9.376032352447509766e-01
4.002228975296020508e-01,7.077231407165527344e-01,-5.451161861419677734e-01
4.541379213333129883e-01,3.234808444976806641e-01,-9.634810090065002441e-01
-4.389395713806152344e-01,-2.841214537620544434e-01,-9.636991024017333984e-01
2.201234102249145508e-01,4.029949903488159180e-01,-8.219321370124816895e-01
2.288436889648437500e-02,-8.156669735908508301e-01,7.664453983306884766e-02
1.447238922119140625e-01,9.748672246932983398e-01,-5.526145696640014648e-01
2.211735248565673828e-01,5.997650623321533203e-01,9.044504165649414062e-02
3.518894910812377930e-01,-6.348872184753417969e-02,-3.317153453826904297e-02
-4.917585849761962891e-02,-1.570261716842651367e-01,-7.444475293159484863e-01
-4.748160839080810547e-01,-9.871771335601806641e-01,-9.648610353469848633e-01
5.376901626586914062e-01,6.489105224609375000e-01,-9.831592440605163574e-01
-6.941823363304138184e-01,-7.324621677398681641e-01,3.510700464248657227e-01
3.584377765655517578e-01,5.406514406204223633e-01,5.347589254379272461e-01
3.529433012008666992e-01,2.057199478149414062e-01,1.205247640609741211e-01
-7.205390930175781250e-01,9.348297119140625000e-01,-5.125392079353332520e-01
-6.310677528381347656e-02,-1.429796218872070312e-01,9.558069705963134766e-02
-7.064991593360900879e-01,8.432626724243164062e-02,9.279137849807739258e-01
-3.261853456497192383e-01,-6.053446531295776367e-01,-9.165954589843750000e-01
-8.967084884643554688e-01,-2.874674201011657715e-01,4.671247005462646484e-01
-2.165884375572204590e-01,6.738528013229370117e-01,8.862823247909545898e-01
-5.340154170989990234e-01,-8.581094741821289062e-01,-5.676398277282714844e-01
8.793519735336303711e-01,2.932587862014770508e-01,-9.546247720718383789e-01
-3.643189072608947754e-01,5.828306674957275391e-01,7.351011037826538086e-01
-6.358599662780761719e-01,5.527081489562988281e-01,-5.661845207214355469e-03
-6.920295953750610352e-01,3.553427457809448242e-01,-4.759814739227294922e-01
2.185463905334472656e-01,-3.145411610603332520e-01,-3.575848937034606934e-01
6.332641839981079102e-01,6.623077392578125000e-02,-8.705339431762695312e-01
7.356300354003906250e-01,-2.871811389923095703e-03,-5.238678455352783203e-01
-1.844354867935180664e-01,-2.926197052001953125e-01,-7.942894697189331055e-01
1.579408645629882812e-01,-9.826906323432922363e-01,6.230201721191406250e-01
9.615465402603149414e-01,8.076629638671875000e-01,-6.352291703224182129e-01
-2.453526258468627930e-01,7.034587860107421875e-01,8.921895027160644531e-01
-2.930146455764770508e-01,5.223037004470825195e-01,-7.400923967361450195e-01
7.913471460342407227e-01,-6.663571596145629883e-01,5.591100454330444336e-01
9.233036041259765625e-01,9.573245048522949219e-01,-7.545601725578308105e-01
9.412181377410888672e-01,-8.376761674880981445e-01,2.174100875854492188e-01
-9.788715243339538574e-01,-3.334135413169860840e-01,-5.298508405685424805e-01
-8.483111858367919922e-01,4.546428918838500977e-01,4.259083271026611328e-01
7.959156036376953125e-01,2.575764656066894531e-01,2.660018205642700195e-01
3.581568002700805664e-01,-7.683693766593933105e-01,3.816432952880859375e-01
4.001883268356323242e-01,-1.777410507202148438e-02,6.595798730850219727e-01
-5.043832063674926758e-01,7.485820055007934570e-01,8.192355632781982422e-01
7.716079950332641602e-01,-1.954327225685119629e-01,5.588729381561279297e-01
4.688917398452758789e-01,2.673577070236206055e-01,2.563493251800537109e-01
-2.910121679306030273e-01,8.708829879760742188e-01,2.595559358596801758e-01
2.042161226272583008e-01,2.495108842849731445e-01,5.849512815475463867e-01
1.802588701248168945e-01,-1.896393299102783203e-01,2.673017978668212891e-01
5.632973909378051758e-01,-2.508362531661987305e-01,-8.348606824874877930e-01
6.505489349365234375e-03,5.309118032455444336e-01,-4.866689443588256836e-01
-7.754549980163574219e-01,5.464377403259277344e-01,8.017051219940185547e-02
-9.411923289299011230e-01,6.787602901458740234e-01,-1.221702098846435547e-01
-3.447787165641784668e-01,3.546197414398193359e-01,-4.823418259620666504e-01
-8.282725811004638672e-01,-1.248540878295898438e-01,-9.874887466430664062e-01
-2.077931165695190430e-02,-5.072598457336425781e-01,-6.341741085052490234e-01
2.468574047088623047e-01,9.905922412872314453e-01,-6.847890615463256836e-01
5.492322444915771484e-01,-1.772498488426208496e-01,2.979162931442260742e-01
-9.739313125610351562e-01,5.827832221984863281e-02,7.603076696395874023e-01
8.870177268981933594e-01,3.453913927078247070e-01,7.386645078659057617e-01
8.722134828567504883e-01,-9.938464164733886719e-01,-9.810567498207092285e-01
-4.490540623664855957e-01,-8.461328148841857910e-01,3.797194957733154297e-01
6.798514127731323242e-01,-5.225471258163452148e-01,8.954727649688720703e-01
7.045125961303710938e-02,1.530170440673828125e-02,-9.787802696228027344e-01
-2.590187788009643555e-01,2.301950454711914062e-01,-2.948495745658874512e-01
-5.725586414337158203e-02,-1.797177791595458984e-01,-7.042605876922607422e-01
4.472295045852661133e-01,6.944570541381835938e-01,-4.006551504135131836e-01
-9.398069381713867188e-01,7.293884754180908203e-01,-6.033707857131958008e-01
-3.530114889144897461e-02,-8.051311969757080078e-02,-9.537253379821777344e-01
-8.481444120407104492e-01,-6.285595893859863281e-02,4.180836677551269531e-02
2.590229511260986328e-01,-1.070435047149658203e-01,-3.109362125396728516e-01
-2.947813868522644043e-01,5.347836017608642578e-02,4.680163860321044922e-01
8.911403417587280273e-01,-4.367583990097045898e-02,4.203139543533325195e-01
-9.203937053680419922e-01,2.607814073562622070e-01,3.771740198135375977e-01
4.068326950073242188e-02,9.655976295471191406e-01,-4.314456582069396973e-01
6.998097896575927734e-02,-6.956303119659423828e-01,-1.590098142623901367e-01
5.446708202362060547e-01,-5.607050657272338867e-02,7.421250343322753906e-01
-4.770500659942626953e-01,-3.944221138954162598e-01,5.303220748901367188e-01
-2.546558976173400879e-01,6.913893222808837891e-01,-1.948454380035400391e-01
-2.174513936042785645e-01,-4.972205758094787598e-01,-2.187959551811218262e-01
-9.438246488571166992e-01,-2.347108125686645508e-01,9.931313991546630859e-01
1.390461921691894531e-01,7.836194038391113281e-01,-8.525526523590087891e-01
-6.919862031936645508e-01,3.568613529205322266e-01,6.143893003463745117e-01
4.668354988098144531e-01,-1.880407333374023438e-02,-3.336812853813171387e-01
5.276548862457275391e-01,-3.014655113220214844e-01,5.083247423171997070e-01
4.167513847351074219e-01,2.370440959930419922e-02,-7.561914920806884766e-01
1.874598264694213867e-01,9.013267755508422852e-01,5.395892858505249023e-01
-1.077870130538940430e-01,-1.837729811668395996e-01,9.932755231857299805e-01
-7.663793563842773438e-01,-2.548678517341613770e-01,-8.120111227035522461e-01
1.831573247909545898e-01,4.655174016952514648e-01,2.203814983367919922e-01
-3.039935827255249023e-01,9.832483530044555664e-01,5.638003349304199219e-01
4.027179479598999023e-01,-2.932304739952087402e-01,9.535287618637084961e-01
3.643190860748291016e-01,-3.037028312683105469e-01,-3.735333681106567383e-01
2.829864025115966797e-01,8.839273452758789062e-01,-6.133114099502563477e-01
-9.971190094947814941e-01,-8.651548624038696289e-01,6.441245079040527344e-01
4.563218355178833008e-01,6.105101108551025391e-01,-2.763597965240478516e-01
5.277909040451049805e-01,-8.925088644027709961e-01,4.294041395187377930e-01
-1.183714270591735840e-01,1.286770105361938477e-01,-6.162428259849548340e-01
-2.800554037094116211e-01,-3.511460423469543457e-01,6.231448650360107422e-01
6.527496576309204102e-01,-2.201224565505981445e-01,-8.234558701515197754e-01
-5.470888614654541016e-01,-6.813436150550842285e-01,7.646381855010986328e-02
5.982398986816406250e-02,7.041233777999877930e-01,-8.290695548057556152e-01
2.058459520339965820e-01,6.605106592178344727e-01,5.095009803771972656e-01
4.209237098693847656e-01,7.787953615188598633e-01,-5.852532386779785156e-01
-5.827617645263671875e-01,-6.636974215507507324e-01,1.007914543151855469e-01
8.986392021179199219e-01,-5.669906139373779297e-01,6.532309055328369141e-01
2.305790185928344727e-01,-2.450785636901855469e-01,7.618385553359985352e-01
5.457842350006103516e-02,1.008653640747070312e-02,-1.399635672569274902e-01
-6.510617733001708984e-01,-5.925486087799072266e-01,9.406981468200683594e-01
1.282356977462768555e-01,-5.528469085693359375e-01,-9.350752830505371094e-01
-8.182064890861511230e-01,-1.511636376380920410e-01,7.829821109771728516e-02
-8.547961711883544922e-02,-7.688872218132019043e-01,1.691579818725585938e-04
-7.424155473709106445e-01,9.968543052673339844e-02,8.292043209075927734e-01
-8.536236286163330078e-01,-2.405683398246765137e-01,1.099207401275634766e-01
-1.561589241027832031e-01,-8.798202872276306152e-01,-3.153565526008605957e-01
-7.259221076965332031e-01,-8.311582803726196289e-01,8.946276903152465820e-01
-8.413659334182739258e-01,-1.203160285949707031e-01,2.824676036834716797e-02
-2.750927805900573730e-01,-3.146910071372985840e-01,7.413274049758911133e-01
-4.173362851142883301e-01,1.415528059005737305e-01,-5.387929677963256836e-01
1.976718902587890625e-01,1.112115383148193359e-02,-6.814400553703308105e-01
-4.229759573936462402e-01,-5.434025526046752930e-01,2.771493196487426758e-01
-1.712255477905273438e-01,1.105978488922119141e-01,-7.109447717666625977e-01
9.321296215057373047e-02,-5.237706899642944336e-01,-2.493677735328674316e-01
8.647894859313964844e-01,2.002729177474975586e-01,-5.562901496887207031e-04
6.590054035186767578e-01,1.646823883056640625e-01,3.778452873229980469e-01
-2.824839353561401367e-01,-4.546642303466796875e-01,2.554987668991088867e-01
1.594845056533813477e-01,2.584933042526245117e-01,2.242109775543212891e-01
-5.563750267028808594e-01,-1.929655075073242188e-01,-4.982516765594482422e-01
7.578343152999877930e-01,4.235689640045166016e-01,7.746851444244384766e-01
-8.011507987976074219e-02,4.890608787536621094e-01,-2.571090459823608398e-01
9.248156547546386719e-01,-7.240170240402221680e-01,6.612395048141479492e-01
-1.620678305625915527e-01,3.135993480682373047e-01,-2.693682909011840820e-02
-8.085389137268066406e-01,3.669756650924682617e-01,-6.095277070999145508e-01
6.898256540298461914e-01,-7.293776869773864746e-01,2.839528322219848633e-01
5.179151296615600586e-01,1.836466789245605469e-02,2.469135522842407227e-01
9.586631059646606445e-01,9.144753217697143555e-01,7.469639778137207031e-01
-3.489304780960083008e-01,-8.657071590423583984e-01,-8.442495465278625488e-01
5.566856861114501953e-01,8.260321617126464844e-01,-5.548360347747802734e-01
8.509075641632080078e-01,8.517035245895385742e-01,5.634295940399169922e-02
5.980544090270996094e-01,-1.660448908805847168e-01,4.431551694869995117e-01
2.077836990356445312e-01,7.370343208312988281e-01,7.194732427597045898e-01
-8.552165627479553223e-01,-2.880738973617553711e-01,-7.196559906005859375e-01
-7.068973779678344727e-01,7.381275892257690430e-01,-1.388333439826965332e-01
-5.634756684303283691e-01,6.658431291580200195e-01,7.625745534896850586e-01
4.335027933120727539e-01,-6.276021003723144531e-01,6.437048912048339844e-01
3.845133781433105469e-01,1.005318164825439453e-01,-1.810941696166992188e-01
-5.663753151893615723e-01,5.090031623840332031e-01,-6.921318769454956055e-01
6.544913053512573242e-01,-2.750980854034423828e-01,-2.966273427009582520e-01
-4.925655126571655273e-01,6.710983514785766602e-01,4.900342226028442383e-01
7.990914583206176758e-01,1.783937215805053711e-01,-8.196973800659179688e-01
-1.750248074531555176e-01,-8.803907632827758789e-01,-5.271603465080261230e-01
-2.434576749801635742e-01,-6.503288745880126953e-01,3.308664560317993164e-01
-7.376105785369873047e-01,-6.187551021575927734e-01,2.533096075057983398e-01
-3.128192424774169922e-01,-2.234314084053039551e-01,-2.841550111770629883e-01
-7.391930818557739258e-01,2.847775220870971680e-01,-3.976711630821228027e-01
9.685024023056030273e-01,1.034783124923706055e-01,7.761062383651733398e-01
7.370589971542358398e-01,-1.405223608016967773e-01,-6.431136727333068848e-01
5.286287069320678711e-01,-7.573240995407104492e-02,-4.117067456245422363e-01
5.390226840972900391e-02,4.589531421661376953e-01,-1.138051748275756836e-01
-9.724524617195129395e-01,8.886147737503051758e-01,-7.426047325134277344e-01
8.334029912948608398e-01,7.736644744873046875e-01,-8.369266986846923828e-01
4.859063625335693359e-01,3.345364332199096680e-01,1.311372518539428711e-01
5.247902870178222656e-01,-1.577972173690795898e-01,-2.654898166656494141e-01
1.548461914062500000e-01,6.438506841659545898e-01,-4.449057579040527344e-02
-2.887120246887207031e-01,6.578756570816040039e-01,-5.678644776344299316e-01
6.274855136871337891e-01,1.190886497497558594e-01,1.556396484375000000e-03
3.866357803344726562e-01,7.849339246749877930e-01,-7.808505296707153320e-01
5.911058187484741211e-01,7.136099338531494141e-01,2.299933433532714844e-01
4.453558921813964844e-01,3.242310285568237305e-01,-1.969401240348815918e-01
-1.338590383529663086e-01,3.875343799591064453e-01,-8.343358635902404785e-01
4.152535200119018555e-01,-8.958778977394104004e-01,-6.640970706939697266e-01
3.030124902725219727e-01,9.159525632858276367e-01,2.571961879730224609e-01
-1.558295488357543945e-01,-1.081578135490417480e-01,4.992961883544921875e-01
2.458835840225219727e-01,-5.348174571990966797e-01,-8.236474990844726562e-01
-6.006830930709838867e-02,3.763685226440429688e-01,-4.201256632804870605e-01
7.719171047210693359e-01,5.108422040939331055e-01,-2.723546028137207031e-01
-1.023076176643371582e-01,-1.295238137245178223e-01,5.456324815750122070e-01
-9.091191887855529785e-01,5.304092168807983398e-01,-4.621351361274719238e-01
-4.372250437736511230e-01,-6.478685140609741211e-02,-6.633716225624084473e-01
-8.686954975128173828e-01,6.193026304244995117e-01,9.707801342010498047e-01
-5.438076257705688477e-01,-2.669823169708251953e-02,-8.517017364501953125e-01
-4.972462058067321777e-01,-8.976873755455017090e-01,-5.478919744491577148e-01
4.526464939117431641e-01,-8.015476465225219727e-01,9.732973575592041016e-02
-6.766051054000854492e-01,9.438245296478271484e-01,1.989793777465820312e-02
8.955751657485961914e-01,-3.523588180541992188e-03,7.681345939636230469e-02
-2.354096770286560059e-01,1.852967739105224609e-01,-4.277670383453369141e-01
-5.793869495391845703e-01,8.716033697128295898e-01,-8.614143729209899902e-01
7.932024002075195312e-01,-1.273637413978576660e-01,7.623517513275146484e-01
5.599730014801025391e-01,5.989129543304443359e-01,-2.806834578514099121e-01
3.406034708023071289e-01,-3.088477253913879395e-01,5.336201190948486328e-02
6.008379459381103516e-01,-2.066361308097839355e-01,-9.590780735015869141e-01
8.874694108963012695e-01,2.346105575561523438e-01,6.325854063034057617e-01
7.121577262878417969e-01,-8.616430163383483887e-01,-4.239245653152465820e-01
-6.090924739837646484e-01,-3.343194723129272461e-01,2.451032400131225586e-01
9.764181375503540039e-01,9.701790809631347656e-01,-8.274236321449279785e-01
-6.978632211685180664e-01,-7.692099213600158691e-01,-3.723891973495483398e-01
5.756852626800537109e-01,2.140325307846069336e-01,8.954910039901733398e-01
9.895250797271728516e-01,4.093848466873168945e-01,-4.325641989707946777e-01
6.159788370132446289e-01,-1.448486447334289551e-01,6.060557365417480469e-01
-7.896060347557067871e-01,1.264966726303100586e-01,-4.395706057548522949e-01
2.212762832641601562e-02,4.720257520675659180e-01,4.946910142898559570e-01
1.461541652679443359e-01,5.241208076477050781e-01,4.264622926712036133e-01
-1.227499246597290039e-01,-5.402764081954956055e-01,3.773341178894042969e-01
5.687620639801025391e-01,9.850945472717285156e-01,-5.596107244491577148e-01
-9.972741007804870605e-01,-2.260660529136657715e-01,5.757961273193359375e-01
-2.521995902061462402e-01,-2.456833124160766602e-01,9.095574617385864258e-01
-2.423094511032104492e-01,-5.211234092712402344e-04,-7.734416127204895020e-01
5.584515333175659180e-01,-2.651509046554565430e-01,4.131286144256591797e-01
5.091352462768554688e-01,6.759219169616699219e-01,-5.839153528213500977e-01
-3.064534068107604980e-01,4.607697725296020508e-01,4.603397846221923828e-01
-5.571362972259521484e-01,3.344156742095947266e-01,6.511300802230834961e-01
-2.182071208953857422e-01,9.959756135940551758e-01,-1.627331972122192383e-01
-1.375539898872375488e-01,5.004187822341918945e-01,4.736232757568359375e-01
1.639064550399780273e-01,2.794084548950195312e-01,6.795694828033447266e-01
-2.548599839210510254e-01,-5.626287460327148438e-01,5.844454765319824219e-01
6.444541215896606445e-01,6.955024003982543945e-01,-2.213113307952880859e-01
7.638014554977416992e-01,1.505138874053955078e-01,-1.708930134773254395e-01
1.281870603561401367e-01,-2.482825517654418945e-01,-5.814249515533447266e-01
8.555558919906616211e-01,-6.695920825004577637e-01,3.659713268280029297e-01
7.103157043457031250e-01,-9.165521264076232910e-01,1.509652137756347656e-01
-6.992245316505432129e-01,-6.999821662902832031e-01,2.902600765228271484e-01
4.767171144485473633e-01,-4.030985236167907715e-01,6.085050106048583984e-01
-3.800604939460754395e-01,3.463574647903442383e-01,5.465550422668457031e-01
2.317026853561401367e-01,6.916799545288085938e-01,9.810394048690795898e-01
7.701727151870727539e-01,-3.002560138702392578e-02,-4.942846298217773438e-01
2.562162876129150391e-01,2.266231775283813477e-01,8.951480388641357422e-01
-9.418163299560546875e-01,2.787331342697143555e-01,9.296103715896606445e-01
-8.192062377929687500e-01,6.329052448272705078e-01,-2.300941944122314453e-02
-3.949753642082214355e-01,-1.202098727226257324e-01,-3.669762015342712402e-01
-1.940872669219970703e-01,-3.415244221687316895e-01,6.734460592269897461e-01
-1.442193984985351562e-01,-8.113894462585449219e-01,4.038115739822387695e-01
7.415901422500610352e-01,-3.137003779411315918e-01,-2.146942019462585449e-01
-4.066169261932373047e-02,-5.309426784515380859e-01,-4.632038474082946777e-01
4.221837520599365234e-01,3.862166404724121094e-01,-2.003936171531677246e-01
3.509546518325805664e-01,8.219034671783447266e-01,3.484970331192016602e-01
4.472076892852783203e-02,2.731585502624511719e-02,-5.125769376754760742e-01
8.424286842346191406e-01,4.602645635604858398e-01,1.239750385284423828e-01
1.714705228805541992e-01,-2.160331606864929199e-01,2.296018600463867188e-01
-2.724419832229614258e-01,2.505401372909545898e-01,-9.746823310852050781e-01
7.311856746673583984e-02,-5.086479187011718750e-01,3.965586423873901367e-01
2.059497833251953125e-01,-9.923458099365234375e-03,-3.277628421783447266e-01
5.254588127136230469e-01,5.955660343170166016e-01,-4.294820427894592285e-01
-7.624447345733642578e-03,3.142106533050537109e-02,-6.477645635604858398e-01
6.212279796600341797e-01,-7.439126968383789062e-01,-4.144246578216552734e-01
-3.086503148078918457e-01,-2.126057744026184082e-01,1.275479793548583984e-01
3.681690692901611328e-01,-5.164951086044311523e-01,3.098163604736328125e-01
-7.639862298965454102e-01,3.950655460357666016e-01,3.670574426651000977e-01
-6.640648841857910156e-01,-2.139539718627929688e-01,-3.317797183990478516e-01
-4.965081214904785156e-01,-5.934494733810424805e-01,-5.639073848724365234e-01
3.706043958663940430e-01,-3.317334651947021484e-01,-6.319994330406188965e-01
-5.242763161659240723e-01,-1.788400411605834961e-01,-1.015664935111999512e-01
-9.309508204460144043e-01,-3.268483281135559082e-01,4.148833751678466797e-01
7.305097579956054688e-02,9.926096200942993164e-01,8.512947559356689453e-01
-4.786300659179687500e-01,-8.374623656272888184e-01,-7.074253559112548828e-01
5.283820629119873047e-02,8.876368999481201172e-01,-5.147047042846679688e-01
9.183979034423828125e-02,-2.034649252891540527e-01,7.518560886383056641e-01
-2.315562367439270020e-01,-4.917603731155395508e-02,-2.472408413887023926e-01
7.842741012573242188e-01,4.490467309951782227e-01,3.033828735351562500e-02
7.772581577301025391e-01,-3.910213112831115723e-01,7.997090816497802734e-01
-9.012849926948547363e-01,-5.692461133003234863e-01,-1.556010246276855469e-01
1.875932216644287109e-01,-6.393474340438842773e-01,5.840988159179687500e-01
4.234516620635986328e-02,6.670668125152587891e-01,2.346377372741699219e-01
-4.934126138687133789e-02,-1.610614061355590820e-01,-4.057824611663818359e-02
-5.610713958740234375e-01,-8.745771646499633789e-01,6.200401782989501953e-01
-5.692493915557861328e-02,9.562840461730957031e-01,4.027704000473022461e-01
1.078169345855712891e-01,-8.020497560501098633e-01,-8.186298608779907227e-01
8.027937412261962891e-01,-6.399202346801757812e-01,-8.669121265411376953e-01
-4.412862658500671387e-01,3.295333385467529297e-01,-3.939363360404968262e-01
-5.475752949714660645e-01,5.062667131423950195e-01,4.299696683883666992e-01
-8.595387339591979980e-01,3.488615751266479492e-01,5.667269229888916016e-02
-8.163858652114868164e-01,-7.944167256355285645e-01,6.209695339202880859e-01
5.438820123672485352e-01,3.125509023666381836e-01,1.565889120101928711e-01
2.288035154342651367e-01,-6.006842851638793945e-01,-3.133602738380432129e-01
1.202514171600341797e-01,-1.910696625709533691e-01,1.326835155487060547e-02
-6.169535517692565918e-01,6.440163850784301758e-01,-6.285500526428222656e-01
3.893489837646484375e-01,-4.849130511283874512e-01,-7.530748248100280762e-01
-7.650960683822631836e-01,8.212852478027343750e-01,2.839699983596801758e-01
9.656438827514648438e-01,7.896322011947631836e-01,9.325921535491943359e-02
-5.221507549285888672e-01,-9.634826183319091797e-01,8.664627075195312500e-01
6.723030805587768555e-01,8.613728284835815430e-01,-6.367351412773132324e-01
-2.813885807991027832e-01,-5.791347622871398926e-01,7.203437089920043945e-01
1.815187931060791016e-01,9.847767353057861328e-01,3.805758953094482422e-01
-1.132097244262695312e-01,3.599002361297607422e-01,3.185884952545166016e-01
-7.293855547904968262e-01,8.216514587402343750e-01,2.689946889877319336e-01
1.295905113220214844e-01,8.413488864898681641e-01,-4.398276805877685547e-01
2.503048181533813477e-01,5.971093177795410156e-01,4.881000518798828125e-02
3.652783632278442383e-01,1.767930984497070312e-01,3.247867822647094727e-01
5.906105041503906250e-01,-5.364580154418945312e-01,-1.685324907302856445e-01
-2.366943955421447754e-01,-8.813788294792175293e-01,-9.228124618530273438e-01
6.598594188690185547e-01,-8.426928520202636719e-02,-9.862743020057678223e-01
6.081341505050659180e-01,7.547172307968139648e-01,3.162760734558105469e-01
-3.657632470130920410e-01,-2.400931119918823242e-01,9.952235221862792969e-02
2.234330177307128906e-01,8.124006986618041992e-01,9.885067939758300781e-01
-6.266559362411499023e-01,3.565717935562133789e-01,-8.655756711959838867e-01
-8.191476464271545410e-01,2.459557056427001953e-01,-9.400058388710021973e-01
6.906223297119140625e-02,3.456617593765258789e-01,1.754759550094604492e-01
2.688168287277221680e-01,-6.821178197860717773e-01,-1.035882234573364258e-01
-6.052368879318237305e-01,3.085298538208007812e-01,7.402076721191406250e-01
-4.362075924873352051e-01,7.104094028472900391e-01,3.357517719268798828e-02
2.907938957214355469e-01,5.506361722946166992e-01,8.852005004882812500e-03
-3.223998546600341797e-01,-3.056551814079284668e-01,3.340638875961303711e-01
6.467303037643432617e-01,-5.441414117813110352e-01,-8.825798630714416504e-01
1.292946338653564453e-01,-9.126521944999694824e-01,8.004237413406372070e-01
2.053380012512207031e-03,-1.656864285469055176e-01,-7.333446741104125977e-01
-9.285977482795715332e-01,9.697700738906860352e-01,-7.367401719093322754e-01
3.984680175781250000e-01,-3.907024860382080078e-03,-5.289776325225830078e-01
-2.917161583900451660e-01,-7.809778451919555664e-01,-2.830341458320617676e-01
4.173370599746704102e-01,-4.074692726135253906e-01,-7.637714147567749023e-01
8.898727893829345703e-01,-8.072638511657714844e-01,-7.477432489395141602e-01
-8.880461454391479492e-01,-4.827641248703002930e-01,9.377932548522949219e-01
7.128764390945434570e-01,-1.920245289802551270e-01,-6.585565805435180664e-01
9.507960081100463867e-01,8.080705404281616211e-01,7.090805768966674805e-01
3.572257757186889648e-01,5.923625230789184570e-01,6.132152080535888672e-01
-6.681081056594848633e-01,-1.297162771224975586e-01,2.643511295318603516e-01
-4.076594710350036621e-01,-1.407346725463867188e-01,4.900872707366943359e-01
5.329355001449584961e-01,6.648348569869995117e-01,-5.735179185867309570e-01
7.547972202301025391e-01,4.295899868011474609e-01,-7.629890441894531250e-01
4.873999357223510742e-01,-9.944386482238769531e-01,-9.828892946243286133e-01
-4.886222481727600098e-01,9.865880012512207031e-03,-5.670360922813415527e-01
3.230750560760498047e-01,-8.612496852874755859e-01,3.408424854278564453e-01
-1.251724958419799805e-01,-2.599622607231140137e-01,-8.606386184692382812e-02
-5.819493532180786133e-01,4.112451076507568359e-01,-9.571812152862548828e-01
2.091377973556518555e-01,-7.242732048034667969e-01,-5.268692970275878906e-01
-9.571279287338256836e-01,4.590241909027099609e-01,-3.332996964454650879e-01
5.940902233123779297e-02,-1.685000658035278320e-01,4.236996173858642578e-01
-3.832830786705017090e-01,-3.039012551307678223e-01,-8.685995936393737793e-01
8.899154663085937500e-01,-8.250535726547241211e-01,-4.976263642311096191e-01
-8.641632795333862305e-01,-5.737311244010925293e-01,8.299661874771118164e-01
4.222705364227294922e-01,-2.859213948249816895e-01,8.869565725326538086e-01
-6.758186817169189453e-01,-1.948875784873962402e-01,9.658203125000000000e-01
4.722217321395874023e-01,7.566493749618530273e-01,-3.117957711219787598e-01
-3.892546296119689941e-01,4.569686651229858398e-01,-8.164812326431274414e-01
8.729623556137084961e-01,-5.099215507507324219e-01,-2.371821999549865723e-01
5.855232477188110352e-01,6.530466079711914062e-01,-9.815628528594970703e-01
6.540037393569946289e-01,3.666986227035522461e-01,8.875250816345214844e-02
-8.391779065132141113e-01,9.900349378585815430e-01,5.088112354278564453e-01
9.250667095184326172e-01,-5.692533254623413086e-01,9.345698356628417969e-01
-9.475026726722717285e-01,7.782092094421386719e-01,1.507266759872436523e-01
-5.790222883224487305e-01,-7.347530126571655273e-01,1.604882478713989258e-01
1.974483728408813477e-01,9.228345155715942383e-01,-4.441364407539367676e-01
-6.950562596321105957e-01,-2.508105635643005371e-01,-9.728217720985412598e-01
-1.164390444755554199e-01,9.976160526275634766e-01,4.510467052459716797e-01
2.099215984344482422e-02,8.117924928665161133e-01,3.711477518081665039e-01
-4.119920730590820312e-02,-2.777605056762695312e-01,4.760190248489379883e-01
-8.551314473152160645e-01,-2.310447096824645996e-01,-6.532775163650512695e-01
2.118046283721923828e-01,6.146724224090576172e-01,-5.753246545791625977e-01
5.869480371475219727e-01,-4.607980251312255859e-01,-5.657494068145751953e-01
7.601165771484375000e-01,-7.472631931304931641e-01,1.215293407440185547e-01
6.335589885711669922e-01,-6.615775823593139648e-02,5.497282743453979492e-01
1.652220487594604492e-01,1.903558969497680664e-01,6.176102161407470703e-01
8.474895954132080078e-01,-1.901311278343200684e-01,-3.501095771789550781e-01
-6.506410837173461914e-01,9.717799425125122070e-01,6.211365461349487305e-01
-2.886646986007690430e-02,-2.749879956245422363e-01,-9.817892313003540039e-01
-1.028485298156738281e-01,9.402275085449218750e-01,5.343042612075805664e-01
3.857690095901489258e-01,-2.368808388710021973e-01,7.744610309600830078e-01
-3.891170024871826172e-03,9.880843162536621094e-01,1.247231960296630859e-01
3.341889381408691406e-01,8.177833557128906250e-01,9.910778999328613281e-01
-9.609993696212768555e-01,1.520984172821044922e-01,-7.702199220657348633e-01
-4.346235990524291992e-01,-8.376092314720153809e-01,-1.871887445449829102e-01
8.800449371337890625e-01,3.139070272445678711e-01,5.325938463211059570e-01
-8.775222897529602051e-01,-6.369564533233642578e-01,-4.023176431655883789e-02
-3.318681716918945312e-01,-4.176491498947143555e-01,-6.156677007675170898e-02
9.669274091720581055e-01,-1.791251301765441895e-01,-5.821943283081054688e-03
-3.618246316909790039e-01,-7.205865383148193359e-01,-4.553340077400207520e-01
3.954553604125976562e-02,-3.139709830284118652e-01,-3.135638833045959473e-01
-8.115941882133483887e-01,-1.661515831947326660e-01,-7.224280238151550293e-01
-2.438852190971374512e-01,-1.687347888946533203e-03,3.445860147476196289e-01
-7.480382919311523438e-03,4.700291156768798828e-01,3.092677593231201172e-01
8.394517898559570312e-01,-4.418596029281616211e-01,2.715642452239990234e-01
2.550177574157714844e-01,-5.202238559722900391e-01,-3.907498717308044434e-01
-8.724689483642578125e-03,6.866617202758789062e-01,-9.044557213783264160e-01
2.764904499053955078e-02,-8.628212213516235352e-01,7.242903709411621094e-01
8.992195129394531250e-03,6.912528276443481445e-01,4.111843109130859375e-01
4.418706893920898438e-01,-7.021299600601196289e-01,-7.385766506195068359e-02
-7.077418565750122070e-01,-1.894506216049194336e-01,5.536998510360717773e-01
-9.797926545143127441e-01,2.697831392288208008e-01,2.222560644149780273e-01
6.340624094009399414e-01,6.899563074111938477e-01,8.999305963516235352e-01
3.393408060073852539e-01,6.483302116394042969e-01,1.945477724075317383e-01
-3.488558530807495117e-02,1.772347688674926758e-01,-4.923945069313049316e-01
-7.302483320236206055e-01,2.061553001403808594e-01,-2.529738545417785645e-01
-4.771898984909057617e-01,-3.542757034301757812e-02,-4.035113453865051270e-01
4.157360792160034180e-01,-2.613875865936279297e-01,6.631046533584594727e-01
7.420859336853027344e-01,-5.172027945518493652e-01,-7.446004152297973633e-01
-5.502129793167114258e-01,5.362560749053955078e-01,-5.839216709136962891e-02
-3.544561862945556641e-01,6.534672975540161133e-01,-1.227271556854248047e-01
-6.976145505905151367e-02,2.012628316879272461e-01,-2.485435605049133301e-01
-3.073834180831909180e-01,1.875069141387939453e-01,6.466233730316162109e-01
-6.730291843414306641e-01,-6.485453844070434570e-01,2.895772457122802734e-02
-5.621969103813171387e-01,2.824419736862182617e-01,1.625770330429077148e-01
-5.536028146743774414e-01,6.614742279052734375e-01,4.962973594665527344e-01
5.315773487091064453e-01,8.900511264801025391e-01,-8.200198411941528320e-01
3.771468400955200195e-01,8.226201534271240234e-01,1.380983591079711914e-01
-8.668336272239685059e-01,2.744562625885009766e-01,4.403265714645385742e-01
-2.081131935119628906e-01,7.808202505111694336e-01,-3.328567743301391602e-01
3.244136571884155273e-01,-8.523549437522888184e-01,7.236833572387695312e-01
2.635451555252075195e-01,-1.050451993942260742e-01,-9.171037077903747559e-01
-1.139751672744750977e-01,-2.182544469833374023e-01,-4.384595155715942383e-02
-3.220913410186767578e-01,-8.015841841697692871e-01,4.673063755035400391e-02
4.475491046905517578e-01,7.416929006576538086e-01,-6.546487808227539062e-01
-8.794695138931274414e-01,8.074173927307128906e-01,3.430485725402832031e-01
-2.120620012283325195e-01,4.331964254379272461e-01,5.919997692108154297e-01
-1.120725870132446289e-01,4.664480686187744141e-02,-9.216133356094360352e-01
-9.325863122940063477e-01,5.994745492935180664e-01,2.452369928359985352e-01
-3.830163478851318359e-01,-3.270702362060546875e-01,-5.660934448242187500e-01
-3.645175695419311523e-01,-5.019402503967285156e-01,-6.649911403656005859e-02
8.797340393066406250e-01,-5.040996670722961426e-01,-9.539268612861633301e-01
8.998129367828369141e-01,-3.772783279418945312e-01,6.897600889205932617e-01
1.507717370986938477e-01,7.900277376174926758e-01,3.090792894363403320e-01
9.836221933364868164e-01,8.185863494873046875e-01,-3.906454443931579590e-01
6.473243236541748047e-01,-6.023873090744018555e-01,-2.660375833511352539e-01
-3.008617162704467773e-01,-8.614420890808105469e-01,-2.159547805786132812e-01
1.047073602676391602e-01,-2.838066816329956055e-01,1.186774969100952148e-01
-3.451777100563049316e-01,4.435843229293823242e-01,-1.215563416481018066e-01
-2.437694668769836426e-01,-9.465884566307067871e-01,-2.143367528915405273e-01
9.105560779571533203e-01,-6.132584810256958008e-01,9.165326356887817383e-01
-5.261489748954772949e-01,-7.169466018676757812e-01,-3.417675495147705078e-01
-5.648036003112792969e-01,-2.869194746017456055e-02,2.604888677597045898e-01
4.580538272857666016e-01,7.675392627716064453e-01,-9.021120071411132812e-01
2.948307991027832031e-01,3.431714773178100586e-01,-4.623607993125915527e-01
-7.424072027206420898e-01,6.196464300155639648e-01,-7.761771082878112793e-01
-8.579218387603759766e-01,-9.348731040954589844e-01,3.316726684570312500e-01
-7.204942703247070312e-01,-4.994094371795654297e-01,7.424770593643188477e-01
-4.590544700622558594e-01,-1.646547317504882812e-01,7.698953151702880859e-01
5.279788970947265625e-01,4.277738332748413086e-01,1.585185527801513672e-02
9.424686431884765625e-02,-4.969460964202880859e-01,8.935844898223876953e-01
8.546154499053955078e-01,8.432754278182983398e-01,-4.247031211853027344e-01
1.334187984466552734e-01,4.513839483261108398e-01,5.206151008605957031e-01
3.395104408264160156e-02,9.824856519699096680e-01,7.658947706222534180e-01
3.505614995956420898e-01,5.548046827316284180e-01,-9.979233145713806152e-01
-1.729742288589477539e-01,-9.996984601020812988e-01,-9.307450652122497559e-01
2.605599164962768555e-01,1.073424816131591797e-01,1.676039695739746094e-01
-3.533017635345458984e-01,-6.628829240798950195e-01,-5.413947105407714844e-01
-1.228616833686828613e-01,9.654463529586791992e-01,1.611089706420898438e-02
2.568072080612182617e-01,5.001847743988037109e-01,4.102349281311035156e-01
2.585264444351196289e-01,-3.010822534561157227e-01,-8.493439555168151855e-01
5.426346063613891602e-01,-9.916930794715881348e-01,2.768603563308715820e-01
-4.689375758171081543e-01,3.937458992004394531e-02,8.931471109390258789e-01
-8.350670933723449707e-01,-6.923197507858276367e-01,5.111041069030761719e-01
-6.722276806831359863e-01,9.706512689590454102e-01,-1.352268457412719727e-01
-4.673768877983093262e-01,1.729739904403686523e-01,-8.743255138397216797e-01
-1.095398068428039551e-01,9.198496341705322266e-01,-6.591372489929199219e-01
8.714556694030761719e-03,-4.687716364860534668e-01,-3.616237044334411621e-01
5.148553848266601562e-01,5.329376459121704102e-01,-8.568271398544311523e-01
-2.966502904891967773e-01,-2.706972360610961914e-01,-5.981172323226928711e-01
1.884659528732299805e-01,9.635623693466186523e-01,5.741732120513916016e-01
3.541529178619384766e-01,5.519607067108154297e-01,2.614926099777221680e-01
9.660615921020507812e-01,-8.250747919082641602e-01,-1.210901737213134766e-01
-4.079993367195129395e-01,-3.291583061218261719e-01,3.377711772918701172e-01
-2.288833856582641602e-01,3.406773805618286133e-01,8.694666624069213867e-01
8.378696441650390625e-02,2.047902345657348633e-01,-4.372505545616149902e-01
3.403562307357788086e-01,-3.888593316078186035e-01,7.742650508880615234e-01
9.382653236389160156e-02,7.552930116653442383e-01,-4.200037717819213867e-01
-4.399331808090209961e-01,-7.123312950134277344e-01,-1.764166355133056641e-02
-5.210816860198974609e-03,5.335211753845214844e-01,-4.385940432548522949e-01
5.754250288009643555e-01,-9.171038269996643066e-01,-5.685417652130126953e-01
9.772877693176269531e-01,-6.034616231918334961e-01,-7.690234184265136719e-01
9.582681655883789062e-01,8.932250738143920898e-01,1.381424665451049805e-01
-7.416461706161499023e-01,4.396190643310546875e-01,2.827596664428710938e-02
2.757054567337036133e-01,3.154280185699462891e-01,-3.021402359008789062e-01
-9.889885187149047852e-01,1.023819446563720703e-01,-5.916206240653991699e-01
-5.792292356491088867e-01,2.221481800079345703e-01,2.567350864410400391e-01
3.744575977325439453e-01,-6.599295735359191895e-01,-9.068410992622375488e-01
1.465276479721069336e-01,-2.354967594146728516e-01,7.027995586395263672e-01
-5.299504995346069336e-01,1.281517744064331055e-01,-4.636167883872985840e-01
-4.287481307983398438e-02,-9.582644701004028320e-02,-6.942955255508422852e-01
7.518509626388549805e-01,-4.285940527915954590e-01,7.451702356338500977e-01
4.812465906143188477e-01,8.487186431884765625e-01,-5.010663270950317383e-01
-1.699431538581848145e-01,2.701306343078613281e-01,8.859453201293945312e-01
9.276608228683471680e-01,3.278024196624755859e-01,8.121213912963867188e-01
-3.711973428726196289e-01,-4.920483231544494629e-01,-9.675193428993225098e-01
5.554723739624023438e-01,9.840290546417236328e-01,4.528468847274780273e-01
6.760864257812500000e-01,5.630556344985961914e-01,-7.749196290969848633e-01
-5.965465903282165527e-01,-3.153536915779113770e-01,6.690332889556884766e-01
-5.008946657180786133e-01,-1.411399841308593750e-01,-9.753048419952392578e-02
-8.819537162780761719e-01,-9.113543033599853516e-01,6.973829269409179688e-01
-4.429680109024047852e-01,7.746505737304687500e-02,-1.119397878646850586e-01
-5.724101066589355469e-01,1.585382223129272461e-01,7.903093099594116211e-01
-2.351208329200744629e-01,1.529920101165771484e-01,-2.285951375961303711e-01
-7.824758291244506836e-01,-5.645471811294555664e-01,-9.423787593841552734e-01
-5.340149402618408203e-01,3.239821195602416992e-01,-7.955248355865478516e-01
4.540908336639404297e-02,8.320919275283813477e-01,2.325333356857299805e-01
2.818989753723144531e-01,3.958033323287963867e-01,-5.546153187751770020e-01
-3.296175599098205566e-01,3.501031398773193359e-01,-4.619878530502319336e-01
-4.572873711585998535e-01,3.620830774307250977e-01,5.883059501647949219e-01
-4.734748005867004395e-01,-1.600687503814697266e-01,-3.387018442153930664e-01
-7.406766414642333984e-01,-5.917886495590209961e-01,-3.410732746124267578e-02
9.554237127304077148e-01,4.960223436355590820e-01,8.855977058410644531e-01
-4.469565749168395996e-01,-1.440893411636352539e-01,8.803882598876953125e-01
-8.592119216918945312e-01,-3.045541048049926758e-01,9.791588783264160156e-01
2.438696622848510742e-01,1.729620695114135742e-01,2.749722003936767578e-01
-7.257325649261474609e-01,6.553204059600830078e-01,2.420737743377685547e-01
-6.316453218460083008e-02,9.031220674514770508e-01,-4.677793979644775391e-01
-5.476070642471313477e-01,3.788386583328247070e-01,-8.339605331420898438e-01
-9.091762304306030273e-01,6.007989645004272461e-01,2.822495698928833008e-01
4.579341411590576172e-02,-1.932851076126098633e-01,8.940707445144653320e-01
2.130452394485473633e-01,-2.487069368362426758e-02,6.567714214324951172e-01
-9.812111854553222656e-01,-6.003808379173278809e-01,3.967097997665405273e-01
7.864773273468017578e-01,-9.106713533401489258e-02,-9.208084344863891602e-01
-5.440628528594970703e-01,1.548171043395996094e-01,-9.611807465553283691e-01
7.977342605590820312e-01,5.770671367645263672e-02,-4.140799641609191895e-01
-4.496858716011047363e-01,-4.720290899276733398e-01,-9.976488947868347168e-01
8.960841894149780273e-01,-6.752890348434448242e-02,9.388529062271118164e-01
-6.579343080520629883e-01,6.200830936431884766e-01,5.241333246231079102e-01
7.167495489120483398e-01,3.880907297134399414e-01,-7.934983968734741211e-01
5.919266939163208008e-01,7.015863656997680664e-01,-6.230902671813964844e-02
-3.587536215782165527e-01,-1.188552975654602051e-01,-9.778931140899658203e-01
-2.107266187667846680e-01,6.246519088745117188e-02,2.827761173248291016e-01
-3.102348446846008301e-01,-2.277773618698120117e-02,1.902121305465698242e-01
4.843285083770751953e-01,-4.835087656974792480e-01,3.517104387283325195e-01
-8.755704164505004883e-01,-7.010865211486816406e-01,-2.516344189643859863e-01
-8.180269598960876465e-01,6.275296211242675781e-02,-2.566989064216613770e-01
-9.802849888801574707e-01,-4.615576267242431641e-01,-3.184691667556762695e-01
2.376990318298339844e-01,8.018552064895629883e-01,9.154119491577148438e-01
-6.284970641136169434e-01,-3.388770818710327148e-01,-6.526575088500976562e-01
-5.966762304306030273e-01,8.200602531433105469e-01,-2.219348549842834473e-01
6.606245040893554688e-01,1.047297716140747070e-01,-1.447106599807739258e-01
8.796787261962890625e-01,-8.718484640121459961e-01,-3.480894565582275391e-01
-5.622671842575073242e-01,2.793155908584594727e-01,2.173352241516113281e-01
3.721499443054199219e-02,-8.356958031654357910e-01,-6.414306163787841797e-02
8.963637351989746094e-01,-5.619329214096069336e-02,8.778935670852661133e-01
-2.862924337387084961e-01,4.529386758804321289e-01,8.178153038024902344e-01
-6.993396282196044922e-01,9.201532602310180664e-01,3.371280431747436523e-01
2.482317686080932617e-01,8.222876787185668945e-01,-2.910080552101135254e-01
-7.781912684440612793e-01,-9.372249841690063477e-01,1.309602260589599609e-01
-3.478926420211791992e-01,4.425240755081176758e-01,6.905933618545532227e-01
1.186615228652954102e-01,-2.798892259597778320e-01,1.770770549774169922e-02
3.919142484664916992e-01,-2.882414460182189941e-01,-2.542329430580139160e-01
8.248163461685180664e-01,-3.418290019035339355e-01,-9.105189442634582520e-01
-6.774471998214721680e-01,5.506120920181274414e-01,-3.389062881469726562e-01
-2.731109261512756348e-01,-7.890098094940185547e-01,5.715974569320678711e-01
7.375328540802001953e-01,4.162478446960449219e-01,-5.148811340332031250e-01
-9.184866547584533691e-01,-9.161337614059448242e-01,3.704897165298461914e-01
-8.988819122314453125e-01,-8.324297666549682617e-01,-2.575657963752746582e-01
5.135610103607177734e-01,7.556140422821044922e-02,-8.817058801651000977e-01
3.008666038513183594e-01,1.449403762817382812e-01,1.942874193191528320e-01
-9.447622299194335938e-01,-6.561172008514404297e-01,7.014667987823486328e-02
-1.879345774650573730e-01,-1.226125955581665039e-01,-9.645103812217712402e-01
4.237985610961914062e-02,9.792395830154418945e-01,2.092306613922119141e-01
-2.203881144523620605e-01,4.693554639816284180e-01,-2.344461679458618164e-01
-2.858719825744628906e-01,9.628140926361083984e-02,-8.030899763107299805e-01
-7.944235801696777344e-01,-2.383479475975036621e-01,4.080396890640258789e-01
-4.093664884567260742e-02,7.434073686599731445e-01,-2.834527492523193359e-01
5.392220020294189453e-01,2.272925376892089844e-01,6.846239566802978516e-01
-2.484685182571411133e-02,8.622909784317016602e-01,-1.111516356468200684e-01
-2.643222212791442871e-01,-4.914057254791259766e-02,1.982549428939819336e-01
-2.247201204299926758e-01,-3.642257452011108398e-01,-9.869801402091979980e-01
-9.416425228118896484e-02,-7.746969461441040039e-01,-4.487312436103820801e-01
4.477977752685546875e-03,-1.202982664108276367e-01,-1.442834734916687012e-01
6.856254339218139648e-01,2.532453536987304688e-01,8.820562362670898438e-01
-3.325543999671936035e-01,-4.574990272521972656e-01,6.642379760742187500e-01
-8.389482498168945312e-01,-4.703271985054016113e-01,8.915717601776123047e-01
2.778409719467163086e-01,7.733554840087890625e-01,-4.019915461540222168e-01
-1.747961044311523438e-01,-3.512609004974365234e-02,-8.328446745872497559e-01
-4.426825046539306641e-01,-2.822468280792236328e-01,9.258818626403808594e-02
9.447388648986816406e-01,1.821645498275756836e-01,4.310557842254638672e-01
7.828457355499267578e-01,-8.128764033317565918e-01,1.237637996673583984e-01
-6.594598293304443359e-02,3.362163305282592773e-01,1.027184724807739258e-01
-6.295680999755859375e-03,-4.629997014999389648e-01,5.812096595764160156e-02
5.350496768951416016e-01,8.509023189544677734e-01,-6.613036394119262695e-01
-5.923950672149658203e-02,-2.329041957855224609e-01,4.552161693572998047e-01
-9.975567460060119629e-01,1.030805110931396484e-01,7.835557460784912109e-01
4.379577636718750000e-01,-6.954497098922729492e-01,2.669124603271484375e-01
9.276999235153198242e-01,-4.105125069618225098e-01,1.718010902404785156e-01
9.140763282775878906e-01,5.435627698898315430e-01,1.993113756179809570e-01
8.514170646667480469e-01,1.335436105728149414e-01,-3.820233941078186035e-01
4.821283817291259766e-01,4.276230335235595703e-01,6.434584856033325195e-01
-5.117294192314147949e-01,5.898760557174682617e-01,-4.794946908950805664e-01
-5.829041004180908203e-01,-5.919942855834960938e-01,2.004979848861694336e-01
1.660717725753784180e-01,1.955909729003906250e-01,6.906409263610839844e-01
1.530281305313110352e-01,8.273682594299316406e-01,-3.344839811325073242e-02
-4.828957915306091309e-01,9.764521121978759766e-01,-2.997434139251708984e-02
-3.449866175651550293e-01,-4.385966658592224121e-01,-2.581984400749206543e-01
-6.050320863723754883e-01,-2.935707569122314453e-02,7.768076658248901367e-01
3.309466838836669922e-01,-8.956869840621948242e-01,-3.546153306961059570e-01
1.817064285278320312e-01,3.171306848526000977e-01,-8.926481008529663086e-01
3.351241350173950195e-01,-1.286928057670593262e-01,2.497663497924804688e-01
1.183134317398071289e-01,-8.205578327178955078e-01,1.516238451004028320e-01
-1.884091496467590332e-01,-5.485197305679321289e-01,-1.807317733764648438e-01
9.308624267578125000e-01,4.894706010818481445e-01,-4.211773276329040527e-01
6.227382421493530273e-01,-4.721291661262512207e-01,-1.965389251708984375e-01
7.160246372222900391e-01,-3.136599063873291016e-02,1.169883012771606445e-01
9.769754409790039062e-01,-5.797475576400756836e-01,5.987679958343505859e-01
-3.829209804534912109e-01,3.893270492553710938e-01,9.295428991317749023e-01
-2.043424248695373535e-01,-2.637691497802734375e-01,-8.985902667045593262e-01
3.884539604187011719e-01,9.617731571197509766e-01,-9.615815877914428711e-01
-8.097056150436401367e-01,-5.583565235137939453e-01,-7.632569670677185059e-01
-3.073312044143676758e-01,-8.154999017715454102e-01,-7.025955915451049805e-01
-4.432080388069152832e-01,-5.951607227325439453e-02,-5.772322416305541992e-01
9.972511529922485352e-01,1.650810241699218750e-01,-1.718971729278564453e-01
-4.944052696228027344e-01,-3.355011343955993652e-01,1.313180923461914062e-01
-9.175243377685546875e-01,-2.524107098579406738e-01,-6.708956956863403320e-01
-4.465264678001403809e-01,7.899560928344726562e-01,-2.158619761466979980e-01
-2.138603329658508301e-01,-9.907286763191223145e-01,-3.616571426391601562e-02
-7.795830965042114258e-01,-3.421648740768432617e-01,-5.089350938796997070e-01
-4.258816242218017578e-01,-7.757785320281982422e-01,-2.589579224586486816e-01
-1.536893248558044434e-01,3.905639648437500000e-01,-8.914289474487304688e-01
-1.512954831123352051e-01,-9.012731313705444336e-01,7.997298240661621094e-02
