6.829150915145874023e-01,1.000000000000000000e+00,8.886318206787109375e-01
9.573628902435302734e-01,-5.103675127029418945e-01,1.000000000000000000e+00
-3.872258663177490234e-01,-1.000000000000000000e+00,5.444164276123046875e-01
1.000000000000000000e+00,-2.731053233146667480e-01,-8.825625777244567871e-01
5.973271131515502930e-01,1.000000000000000000e+00,-4.070246219635009766e-02
-1.000000000000000000e+00,-4.544127583503723145e-01,-1.383973360061645508e-01
-1.000000000000000000e+00,4.976655244827270508e-01,-5.500212907791137695e-01
1.000000000000000000e+00,6.981743574142456055e-01,-9.189420938491821289e-01
3.755427598953247070e-01,1.000000000000000000e+00,5.430597066879272461e-01
9.560412168502807617e-01,-1.000000000000000000e+00,-5.038616061210632324e-01
1.000000000000000000e+00,2.362263202667236328e-02,8.003469705581665039e-01
4.452613592147827148e-01,9.645607471466064453e-01,1.000000000000000000e+00
1.574746370315551758e-01,1.000000000000000000e+00,-8.999108076095581055e-01
1.000000000000000000e+00,-9.938308000564575195e-01,3.038251399993896484e-01
8.764994144439697266e-01,1.000000000000000000e+00,-8.698791265487670898e-02
7.464895248413085938e-01,1.000000000000000000e+00,6.724746227264404297e-01
9.793751239776611328e-01,-1.000000000000000000e+00,-7.607522606849670410e-01
-9.028190374374389648e-01,-9.948433637619018555e-01,-1.000000000000000000e+00
-1.760662794113159180e-01,1.000000000000000000e+00,-1.367730498313903809e-01
1.000000000000000000e+00,8.274326324462890625e-01,4.595518112182617188e-01
-5.106055736541748047e-01,8.639764785766601562e-01,1.000000000000000000e+00
4.108792543411254883e-01,2.351335287094116211e-01,-1.000000000000000000e+00
9.743514060974121094e-01,7.862479686737060547e-01,1.000000000000000000e+00
8.065158128738403320e-01,1.432305574417114258e-01,-1.000000000000000000e+00
1.000000000000000000e+00,-5.786895751953125000e-01,2.303714752197265625e-01
-1.000000000000000000e+00,-2.421188950538635254e-01,7.803643941879272461e-01
7.445995807647705078e-01,1.000000000000000000e+00,-9.992482662200927734e-01
3.842673301696777344e-01,-4.347053170204162598e-01,1.000000000000000000e+00
-1.000000000000000000e+00,3.152012825012207031e-02,-2.335882186889648438e-01
5.522565841674804688e-01,-1.000000000000000000e+00,-4.908718466758728027e-01
-3.932407498359680176e-01,-1.000000000000000000e+00,-4.701524972915649414e-01
2.718718051910400391e-01,-1.000000000000000000e+00,1.035859584808349609e-01
2.343885898590087891e-01,2.332357168197631836e-01,-1.000000000000000000e+00
7.644230127334594727e-01,-1.000000000000000000e+00,6.684150695800781250e-01
1.000000000000000000e+00,-6.592248082160949707e-01,-3.229799270629882812e-01
-1.000000000000000000e+00,9.491782188415527344e-01,-3.337437510490417480e-01
2.331609725952148438e-01,9.618041515350341797e-01,-1.000000000000000000e+00
2.222214937210083008e-01,7.787252664566040039e-01,1.000000000000000000e+00
-5.146949291229248047e-01,2.311564683914184570e-01,-1.000000000000000000e+00
-1.000000000000000000e+00,-1.600636839866638184e-01,-9.388154745101928711e-02
-1.000000000000000000e+00,9.594013690948486328e-01,-3.993206024169921875e-01
-9.053323268890380859e-01,1.000000000000000000e+00,-1.644980311393737793e-01
-4.268941879272460938e-01,2.989627122879028320e-01,1.000000000000000000e+00
7.100919485092163086e-01,-1.000000000000000000e+00,6.123996973037719727e-01
-1.000000000000000000e+00,2.131465673446655273e-01,-7.026299238204956055e-01
-1.000000000000000000e+00,-3.390643000602722168e-01,7.241688966751098633e-01
1.000000000000000000e+00,-4.596379399299621582e-01,9.863599538803100586e-01
-9.754383563995361328e-01,-1.000000000000000000e+00,8.730204105377197266e-01
-1.000000000000000000e+00,-8.591097593307495117e-01,4.915813207626342773e-01
1.000000000000000000e+00,9.617209434509277344e-03,-8.126960992813110352e-01
-7.498378753662109375e-01,-6.512969732284545898e-01,1.000000000000000000e+00
-1.000000000000000000e+00,5.454514026641845703e-01,6.709042787551879883e-01
-8.705397844314575195e-01,7.052743434906005859e-02,1.000000000000000000e+00
-1.000000000000000000e+00,-9.483991265296936035e-01,4.821431636810302734e-02
2.192103862762451172e-01,8.832972049713134766e-01,1.000000000000000000e+00
-1.000000000000000000e+00,7.038322687149047852e-01,-9.884268045425415039e-02
-1.000000000000000000e+00,8.096750974655151367e-01,5.057466030120849609e-01
1.000000000000000000e+00,4.301078319549560547e-01,-6.093755364418029785e-01
-5.230426788330078125e-01,9.246429204940795898e-01,1.000000000000000000e+00
6.357057094573974609e-01,1.000000000000000000e+00,7.551137208938598633e-01
-4.404033422470092773e-01,8.136514425277709961e-01,1.000000000000000000e+00
1.000000000000000000e+00,-8.491783142089843750e-01,3.837915658950805664e-01
-9.892501235008239746e-01,-9.366937875747680664e-01,-1.000000000000000000e+00
-6.684567928314208984e-01,1.000000000000000000e+00,3.892517089843750000e-02
1.000000000000000000e+00,-8.876838684082031250e-01,-6.767495870590209961e-01
-1.961011290550231934e-01,8.276546001434326172e-02,1.000000000000000000e+00
-2.301482558250427246e-01,-1.000000000000000000e+00,-4.243198633193969727e-01
-1.000000000000000000e+00,7.996597290039062500e-01,-8.376607894897460938e-01
-6.586989164352416992e-01,1.000000000000000000e+00,1.085703372955322266e-01
1.000000000000000000e+00,4.947204589843750000e-01,7.349859476089477539e-01
-5.069878697395324707e-01,-1.000000000000000000e+00,-8.754981756210327148e-01
-8.256447911262512207e-01,-6.162384152412414551e-01,1.000000000000000000e+00
-6.486965417861938477e-01,9.464792013168334961e-01,1.000000000000000000e+00
-1.000000000000000000e+00,-1.231322884559631348e-01,-8.663581013679504395e-01
-4.813381433486938477e-01,2.224600315093994141e-02,1.000000000000000000e+00
-9.885608553886413574e-01,-1.000000000000000000e+00,-9.816862344741821289e-01
5.855970382690429688e-01,6.943786144256591797e-02,-1.000000000000000000e+00
3.372122049331665039e-01,-3.085000514984130859e-01,-1.000000000000000000e+00
-9.370961189270019531e-01,-8.867156505584716797e-01,-1.000000000000000000e+00
-1.000000000000000000e+00,-3.399696946144104004e-01,7.272491455078125000e-01
-7.179847955703735352e-01,-1.000000000000000000e+00,-4.183113574981689453e-02
-1.000000000000000000e+00,4.791287183761596680e-01,6.375658512115478516e-01
-7.849576473236083984e-01,-4.491348862648010254e-01,1.000000000000000000e+00
-1.417362093925476074e-01,4.940824508666992188e-01,1.000000000000000000e+00
-4.059925079345703125e-01,5.692470073699951172e-02,-1.000000000000000000e+00
-7.619504332542419434e-01,-7.352634072303771973e-01,1.000000000000000000e+00
-8.698334693908691406e-01,-1.000000000000000000e+00,-9.570960402488708496e-01
1.000000000000000000e+00,-3.468640446662902832e-01,-2.196204662322998047e-01
-2.897233366966247559e-01,-8.940795063972473145e-01,-1.000000000000000000e+00
2.114174365997314453e-01,-1.000000000000000000e+00,-5.915312767028808594e-01
1.000000000000000000e+00,-6.133263111114501953e-01,8.311610221862792969e-01
1.000000000000000000e+00,6.808065176010131836e-01,2.625346183776855469e-01
-6.596476435661315918e-01,-4.582388401031494141e-01,-1.000000000000000000e+00
-1.000000000000000000e+00,2.895073890686035156e-01,3.411674499511718750e-02
-1.000000000000000000e+00,-2.560354471206665039e-01,7.214211225509643555e-01
-8.765596151351928711e-01,1.000000000000000000e+00,6.449974775314331055e-01
6.661148071289062500e-01,-1.000000000000000000e+00,-4.467642307281494141e-01
4.736050367355346680e-01,9.712334871292114258e-01,1.000000000000000000e+00
3.333719968795776367e-01,1.000000000000000000e+00,9.434627294540405273e-01
-6.508116722106933594e-01,1.000000000000000000e+00,-4.274210929870605469e-01
-2.506192922592163086e-01,-1.000000000000000000e+00,-2.717416286468505859e-01
-1.000000000000000000e+00,5.664551258087158203e-02,1.357642412185668945e-01
-3.224654197692871094e-01,-4.331784248352050781e-01,-1.000000000000000000e+00
-1.000000000000000000e+00,3.994966745376586914e-01,4.305862188339233398e-01
-4.010068774223327637e-01,-2.163925170898437500e-01,1.000000000000000000e+00
-1.000000000000000000e+00,-2.492020726203918457e-01,-5.798761248588562012e-01
-8.261886239051818848e-01,1.000000000000000000e+00,2.696157693862915039e-01
-1.593861579895019531e-01,-7.390719652175903320e-02,-1.000000000000000000e+00
-4.013053178787231445e-01,1.000000000000000000e+00,7.691828012466430664e-01
-6.911102533340454102e-01,2.325763702392578125e-01,1.000000000000000000e+00
-8.053245544433593750e-01,-9.930146932601928711e-01,1.000000000000000000e+00
-1.000000000000000000e+00,6.015559434890747070e-01,-8.307175636291503906e-01
-1.000000000000000000e+00,1.363688707351684570e-01,7.020308971405029297e-01
-1.306224465370178223e-01,-6.720105409622192383e-01,-1.000000000000000000e+00
-1.000000000000000000e+00,-9.397990107536315918e-01,-1.335706114768981934e-01
-9.303879737854003906e-01,-2.618933916091918945e-01,1.000000000000000000e+00
-1.085870265960693359e-01,1.000000000000000000e+00,5.263609886169433594e-01
-1.082627773284912109e-01,1.000000000000000000e+00,-9.473747014999389648e-01
1.177912950515747070e-01,-8.008123636245727539e-01,1.000000000000000000e+00
1.000000000000000000e+00,2.542092800140380859e-01,9.461703300476074219e-01
-8.392917513847351074e-01,-1.000000000000000000e+00,-5.825077891349792480e-01
1.000000000000000000e+00,-2.698458433151245117e-01,-7.438371777534484863e-01
-6.222546100616455078e-03,1.000000000000000000e+00,-7.117122411727905273e-01
7.147965431213378906e-01,-1.000000000000000000e+00,-1.210626959800720215e-01
-8.055514097213745117e-02,-1.000000000000000000e+00,9.985896348953247070e-01
-1.000000000000000000e+00,7.822288274765014648e-01,-2.770200967788696289e-01
9.883595705032348633e-01,6.496912240982055664e-01,-1.000000000000000000e+00
-1.889944672584533691e-01,-9.838328957557678223e-01,1.000000000000000000e+00
1.000000000000000000e+00,-7.317918539047241211e-01,-8.444472551345825195e-01
6.390646696090698242e-01,-1.000000000000000000e+00,3.650010824203491211e-01
2.127569913864135742e-01,1.711659431457519531e-01,-1.000000000000000000e+00
1.000000000000000000e+00,9.630358219146728516e-01,-6.396858692169189453e-01
5.121085643768310547e-01,1.000000000000000000e+00,-5.201382637023925781e-01
7.417554855346679688e-01,-5.098712444305419922e-02,1.000000000000000000e+00
-7.489385604858398438e-01,1.000000000000000000e+00,-8.886966109275817871e-01
8.500258922576904297e-01,-6.759815216064453125e-01,1.000000000000000000e+00
-2.842776775360107422e-01,-1.000000000000000000e+00,9.715536832809448242e-01
-2.005112767219543457e-01,1.000000000000000000e+00,-7.410591840744018555e-01
1.000000000000000000e+00,-7.594656348228454590e-01,7.932101488113403320e-01
-4.247099757194519043e-01,-1.000000000000000000e+00,1.491389274597167969e-01
8.135744333267211914e-01,1.000000000000000000e+00,-5.596233606338500977e-01
1.000000000000000000e+00,8.576537370681762695e-01,-5.659388303756713867e-01
8.991552591323852539e-01,1.000000000000000000e+00,3.786255121231079102e-01
-8.067331910133361816e-01,-1.326254010200500488e-01,1.000000000000000000e+00
3.483093976974487305e-01,7.875075340270996094e-01,-1.000000000000000000e+00
-2.369639277458190918e-01,1.000000000000000000e+00,9.723732471466064453e-01
1.672809123992919922e-01,-7.637974619865417480e-01,-1.000000000000000000e+00
9.970014095306396484e-01,-4.572904109954833984e-01,-1.000000000000000000e+00
1.000000000000000000e+00,-8.048869371414184570e-01,-5.712954401969909668e-01
1.000000000000000000e+00,-7.994036078453063965e-01,1.887923479080200195e-01
1.000000000000000000e+00,6.371299028396606445e-01,5.199444293975830078e-02
1.000000000000000000e+00,-7.403714656829833984e-01,-6.201120018959045410e-01
-1.000000000000000000e+00,-8.597059249877929688e-01,-6.262890696525573730e-01
5.271161794662475586e-01,-1.000000000000000000e+00,-8.763588666915893555e-01
5.257261991500854492e-01,7.144557237625122070e-01,1.000000000000000000e+00
7.238687276840209961e-01,1.000000000000000000e+00,6.005167961120605469e-01
1.000000000000000000e+00,-4.801096320152282715e-01,6.497311592102050781e-02
-7.079011201858520508e-01,1.000000000000000000e+00,9.325236082077026367e-01
-9.546636343002319336e-01,9.595210552215576172e-01,-1.000000000000000000e+00
1.000000000000000000e+00,2.173253297805786133e-01,-1.128849983215332031e-01
9.592260122299194336e-01,-6.781607866287231445e-01,-1.000000000000000000e+00
2.384179830551147461e-01,-3.249925374984741211e-02,-1.000000000000000000e+00
-7.431439161300659180e-01,5.821051597595214844e-01,-1.000000000000000000e+00
-1.000000000000000000e+00,2.743363380432128906e-03,9.917128086090087891e-02
2.359831333160400391e-02,-1.000000000000000000e+00,-8.898168802261352539e-01
-7.051475048065185547e-01,-1.000000000000000000e+00,-8.649075627326965332e-01
-7.216238975524902344e-02,-1.000000000000000000e+00,-6.451630592346191406e-01
6.858130693435668945e-01,1.000000000000000000e+00,4.392675161361694336e-01
1.000000000000000000e+00,1.358449459075927734e-02,8.034344911575317383e-01
1.000000000000000000e+00,5.848206281661987305e-01,4.012984037399291992e-01
5.259349346160888672e-01,1.131016016006469727e-01,-1.000000000000000000e+00
-4.393810629844665527e-01,4.067918062210083008e-01,-1.000000000000000000e+00
-8.049944639205932617e-01,1.000000000000000000e+00,4.369926452636718750e-02
-1.000000000000000000e+00,-8.908764123916625977e-01,2.594405412673950195e-01
-8.342118263244628906e-01,-1.000000000000000000e+00,1.954686641693115234e-02
-6.174324750900268555e-01,-1.000000000000000000e+00,2.477934360504150391e-01
1.000000000000000000e+00,9.782121181488037109e-01,2.625920772552490234e-01
-6.186994314193725586e-01,1.000000000000000000e+00,2.649610042572021484e-01
5.684136152267456055e-01,-3.516304492950439453e-02,-1.000000000000000000e+00
1.605850458145141602e-01,1.317100524902343750e-01,1.000000000000000000e+00
1.000000000000000000e+00,6.831330060958862305e-01,-9.629565477371215820e-02
-1.963130831718444824e-01,-7.134277224540710449e-01,1.000000000000000000e+00
-4.698100090026855469e-01,9.116613864898681641e-02,-1.000000000000000000e+00
1.904282569885253906e-01,-4.086268544197082520e-01,-1.000000000000000000e+00
8.228646516799926758e-01,6.078395843505859375e-01,-1.000000000000000000e+00
3.358680009841918945e-01,-1.000000000000000000e+00,4.168535470962524414e-01
-2.973461151123046875e-02,8.556532859802246094e-01,-1.000000000000000000e+00
1.000000000000000000e+00,-3.442137837409973145e-01,-1.655650138854980469e-02
-1.000000000000000000e+00,-4.062709808349609375e-01,9.325484037399291992e-01
-5.362420082092285156e-01,5.948792695999145508e-01,-1.000000000000000000e+00
4.747748374938964844e-02,1.000000000000000000e+00,-9.875845313072204590e-01
-4.518610239028930664e-01,8.613325357437133789e-01,1.000000000000000000e+00
1.000000000000000000e+00,2.049183845520019531e-02,-5.830395221710205078e-01
-9.855417609214782715e-01,-4.018315672874450684e-01,1.000000000000000000e+00
-3.725790381431579590e-01,-1.000000000000000000e+00,1.427972316741943359e-01
-1.000000000000000000e+00,-8.994489908218383789e-01,8.674887418746948242e-01
-9.696255922317504883e-01,-1.000000000000000000e+00,-4.373402595520019531e-01
-1.480426192283630371e-01,-1.000000000000000000e+00,8.859722614288330078e-01
-9.829416871070861816e-01,1.000000000000000000e+00,-2.582796812057495117e-01
6.488952636718750000e-01,-1.000000000000000000e+00,-4.013919830322265625e-02
-4.694600701332092285e-01,9.152071475982666016e-01,-6.793336272239685059e-01
9.585268497467041016e-01,-2.550462484359741211e-01,3.040057420730590820e-01
5.843338966369628906e-01,9.305232763290405273e-01,-6.804268360137939453e-01
8.088747262954711914e-01,6.014975309371948242e-01,3.468846082687377930e-01
-4.400372505187988281e-03,-4.864271283149719238e-01,-7.161235809326171875e-02
7.833578586578369141e-01,9.522222280502319336e-01,-5.623664855957031250e-01
-6.986671686172485352e-02,3.637800216674804688e-01,8.946563005447387695e-01
-1.540708541870117188e-01,7.864950895309448242e-01,1.154386997222900391e-02
4.604482650756835938e-01,8.559962511062622070e-01,-2.455035448074340820e-01
1.485447883605957031e-01,2.666934728622436523e-01,1.001474857330322266e-01
8.093937635421752930e-01,6.253541707992553711e-01,9.654059410095214844e-01
3.932259082794189453e-01,8.144634962081909180e-01,-3.410220146179199219e-01
7.595138549804687500e-01,-3.128041625022888184e-01,9.729385375976562500e-02
-9.439975619316101074e-01,-6.571848392486572266e-01,8.539226055145263672e-01
3.718163967132568359e-01,6.859151124954223633e-01,-1.052070260047912598e-01
3.448617458343505859e-01,2.407187223434448242e-01,4.438376426696777344e-02
-5.016525983810424805e-01,-6.530697941780090332e-01,6.960029602050781250e-01
3.675823211669921875e-01,-7.869411706924438477e-01,4.274269342422485352e-01
3.491256237030029297e-01,-4.635818004608154297e-01,-9.289432168006896973e-01
7.222440242767333984e-01,5.727596282958984375e-01,-6.385842561721801758e-01
-6.148785948753356934e-01,8.717072010040283203e-02,-7.690765857696533203e-01
-1.419800519943237305e-02,3.019814491271972656e-01,4.950745105743408203e-01
8.070183992385864258e-01,-5.895942449569702148e-01,-9.723256230354309082e-01
-5.831063985824584961e-01,-1.047973632812500000e-01,1.022771596908569336e-01
6.890469789505004883e-01,5.314515829086303711e-01,-8.032274246215820312e-01
5.668278932571411133e-01,4.886291027069091797e-01,5.389828681945800781e-01
-8.272390961647033691e-01,-6.938395500183105469e-01,-9.342870712280273438e-01
-3.016698360443115234e-02,-4.687485098838806152e-01,9.382154941558837891e-01
-1.385804414749145508e-01,-1.415016055107116699e-01,-9.524819850921630859e-01
-1.275294423103332520e-01,3.774682283401489258e-01,-5.864405632019042969e-01
8.767018318176269531e-01,-2.734795212745666504e-01,-8.913502693176269531e-01
-3.029966950416564941e-01,5.388424396514892578e-01,-7.631743550300598145e-01
-3.667044639587402344e-01,4.340101480484008789e-01,-6.758999824523925781e-01
-4.083251357078552246e-01,-2.282771468162536621e-01,7.229487895965576172e-01
-8.370859622955322266e-01,1.732349395751953125e-02,9.192326068878173828e-01
6.560879945755004883e-01,1.878052949905395508e-01,5.076024532318115234e-01
8.520497083663940430e-01,7.995072603225708008e-01,5.458270311355590820e-01
3.351584672927856445e-01,-3.649132251739501953e-01,6.822030544281005859e-01
-7.792177796363830566e-01,9.595708847045898438e-01,-9.301451444625854492e-01
-9.513549208641052246e-01,-9.954554438591003418e-01,8.261903524398803711e-01
-1.643306016921997070e-01,-4.981334805488586426e-01,3.552520275115966797e-02
-8.216216564178466797e-01,-4.907778501510620117e-01,-9.495265483856201172e-01
3.534590005874633789e-01,-2.284998297691345215e-01,3.405047655105590820e-01
9.484920501708984375e-01,-6.732091903686523438e-01,-5.387939214706420898e-01
5.482349395751953125e-01,9.296405315399169922e-02,9.611254930496215820e-01
-8.630921840667724609e-01,4.175113439559936523e-01,3.708269596099853516e-01
6.890829801559448242e-01,2.040250301361083984e-01,-3.820204734802246094e-01
6.719018220901489258e-01,-6.237713098526000977e-01,-6.097437739372253418e-01
-7.058846354484558105e-01,-7.097840309143066406e-01,-1.341940760612487793e-01
6.320239305496215820e-01,2.492786645889282227e-01,6.832457780838012695e-01
-6.200014352798461914e-01,-8.008334636688232422e-01,6.926566362380981445e-01
-9.839919805526733398e-01,-6.419022083282470703e-01,8.813129663467407227e-01
-9.910808801651000977e-01,1.344716548919677734e-01,-4.170948266983032227e-01
-2.574879527091979980e-01,-9.598555564880371094e-01,5.268989801406860352e-01
5.203902721405029297e-01,-7.202805876731872559e-01,-8.738031983375549316e-01
1.914107799530029297e-01,-8.395040035247802734e-02,-3.069072961807250977e-01
1.999315023422241211e-01,-1.726230978965759277e-01,8.799980878829956055e-01
6.316576004028320312e-01,7.390643358230590820e-01,3.720583915710449219e-01
-5.393415689468383789e-02,8.044911623001098633e-01,9.009509086608886719e-01
4.958541393280029297e-01,-7.257611751556396484e-01,-7.837426066398620605e-01
9.818514585494995117e-01,4.208004474639892578e-02,-9.591283798217773438e-01
6.433279514312744141e-01,-8.261257410049438477e-02,1.912468671798706055e-01
6.754052639007568359e-02,7.792918682098388672e-01,-3.715849518775939941e-01
3.941462039947509766e-01,2.106238603591918945e-01,3.758090734481811523e-01
-7.610161304473876953e-01,2.617359161376953125e-03,8.187408447265625000e-01
-7.843011617660522461e-01,5.869345664978027344e-01,5.607510805130004883e-01
2.482831478118896484e-01,-3.642965555191040039e-01,9.969792366027832031e-01
5.158609151840209961e-01,1.644331216812133789e-01,7.873924970626831055e-01
-3.401284217834472656e-01,4.508547782897949219e-01,9.234093427658081055e-01
-6.645094752311706543e-01,-2.028763294219970703e-01,-6.001732945442199707e-01
-3.912671208381652832e-01,6.597964763641357422e-01,7.884204387664794922e-01
-9.154732227325439453e-01,6.338340044021606445e-01,2.258610725402832031e-01
5.248347520828247070e-01,5.723296403884887695e-01,5.071485042572021484e-01
-3.116240501403808594e-01,6.752910614013671875e-01,-2.813416123390197754e-01
-9.096164107322692871e-01,-5.366759896278381348e-01,-6.349008679389953613e-01
-1.858008503913879395e-01,5.178105831146240234e-02,-3.834944963455200195e-01
-8.488386273384094238e-01,5.402090549468994141e-01,-2.217894792556762695e-01
-3.871966600418090820e-01,-3.895173072814941406e-01,-3.699245452880859375e-01
7.314592599868774414e-01,3.866245746612548828e-01,-5.736085176467895508e-01
3.450763225555419922e-02,1.381973028182983398e-01,1.613324880599975586e-01
6.524872779846191406e-01,-5.569827556610107422e-02,6.112360954284667969e-01
7.226347923278808594e-01,-8.461170792579650879e-01,-9.233438968658447266e-02
3.599787950515747070e-01,-4.123893380165100098e-01,-1.268281936645507812e-01
-6.905798316001892090e-01,9.376822710037231445e-01,-9.503792524337768555e-01
5.778626203536987305e-01,8.019974231719970703e-01,-3.480193614959716797e-01
-3.888623118400573730e-01,8.048440217971801758e-01,8.824480772018432617e-01
-4.996703267097473145e-01,2.157998085021972656e-01,3.312228918075561523e-01
-5.197175741195678711e-01,4.048701524734497070e-01,-3.302366733551025391e-01
1.109082698822021484e-01,4.445605278015136719e-01,-5.037883520126342773e-01
-7.799834012985229492e-02,-2.004531025886535645e-01,-8.442459106445312500e-01
-6.604685783386230469e-01,-5.477320551872253418e-01,2.600994110107421875e-01
5.403865575790405273e-01,-3.011209368705749512e-01,-9.680920839309692383e-01
5.491032600402832031e-01,-7.764625549316406250e-01,-2.185882925987243652e-01
-9.258087873458862305e-01,-4.348770380020141602e-01,-5.243771076202392578e-01
-4.639475941658020020e-01,-9.789772033691406250e-01,-7.404705286026000977e-01
-6.570135354995727539e-01,3.497785329818725586e-01,-3.682602643966674805e-01
-3.918986916542053223e-01,2.789436578750610352e-01,4.979319572448730469e-01
8.511980772018432617e-01,-9.313493371009826660e-01,8.776959180831909180e-01
-5.574488639831542969e-01,-4.184697866439819336e-01,7.099723815917968750e-01
9.089702367782592773e-01,-3.458386659622192383e-01,3.927042484283447266e-01
-7.018412947654724121e-01,6.422611474990844727e-01,-4.273916482925415039e-01
-5.378566980361938477e-01,-4.829275608062744141e-01,-5.615448951721191406e-01
7.376501560211181641e-01,-5.684645771980285645e-01,3.161389827728271484e-01
2.761143445968627930e-01,-8.771359920501708984e-01,1.115851402282714844e-01
3.403835296630859375e-01,3.140240907669067383e-01,-1.441543102264404297e-01
1.869302988052368164e-01,-9.497356414794921875e-01,4.102171659469604492e-01
8.884040117263793945e-01,1.104986667633056641e-01,1.138687133789062500e-02
-1.817911267280578613e-01,2.609410285949707031e-01,7.246679067611694336e-01
2.905007600784301758e-01,7.010458707809448242e-01,-5.124816894531250000e-01
-6.601498126983642578e-01,-3.593444824218750000e-01,-3.627054691314697266e-01
-7.030373811721801758e-01,-2.535014748573303223e-01,3.641699552536010742e-01
-4.219233989715576172e-01,7.428127527236938477e-01,-4.682552814483642578e-02
-1.604655981063842773e-01,-3.540075421333312988e-01,2.031450271606445312e-01
-9.786144495010375977e-01,6.917247772216796875e-01,9.130598306655883789e-01
9.589734077453613281e-01,5.160262584686279297e-01,-5.625436902046203613e-01
4.810267686843872070e-01,6.125630140304565430e-01,-4.223875999450683594e-01
-8.845027089118957520e-01,-1.802666187286376953e-01,5.315042734146118164e-01
4.181983470916748047e-01,7.091784477233886719e-02,-1.313018798828125000e-01
2.146975994110107422e-01,-4.359673857688903809e-01,-7.973698377609252930e-01
1.124790906906127930e-01,5.045076608657836914e-01,7.394871711730957031e-01
8.184930086135864258e-01,-1.276386976242065430e-01,-2.886482477188110352e-01
-8.759055137634277344e-01,-9.269062876701354980e-01,5.211013555526733398e-01
-2.778695821762084961e-01,6.003036499023437500e-01,5.849885940551757812e-01
4.498072862625122070e-01,-5.071898698806762695e-01,3.789806365966796875e-01
9.098033905029296875e-01,-6.702882051467895508e-02,8.414506912231445312e-02
-5.521678328514099121e-01,7.959544658660888672e-01,1.051286458969116211e-01
1.846432685852050781e-03,1.504694223403930664e-01,9.059879779815673828e-01
9.579008817672729492e-01,2.451062202453613281e-03,-1.047154664993286133e-01
1.796442270278930664e-01,8.804912567138671875e-01,9.844385385513305664e-01
9.716286659240722656e-01,-4.779778718948364258e-01,-1.853512525558471680e-01
-6.284969449043273926e-01,-9.390268325805664062e-01,9.259302616119384766e-01
5.401549339294433594e-01,-7.369958162307739258e-01,-4.052531123161315918e-01
-3.971554040908813477e-01,6.678196191787719727e-01,4.095194339752197266e-01
-8.058367967605590820e-01,8.512953519821166992e-01,-4.620128870010375977e-02
3.258644342422485352e-01,-4.455202817916870117e-02,9.222508668899536133e-01
-6.491366624832153320e-01,-9.197811484336853027e-01,9.376676082611083984e-01
-5.076516866683959961e-01,-3.070688247680664062e-01,-5.472275018692016602e-01
-2.164351344108581543e-01,7.586059570312500000e-01,3.467248678207397461e-01
-7.264758348464965820e-01,9.188387393951416016e-01,9.480620622634887695e-01
-5.011302232742309570e-02,4.589636325836181641e-01,-8.903613686561584473e-01
-3.686675429344177246e-01,-4.387822151184082031e-01,2.560832500457763672e-01
-2.823363542556762695e-01,2.176797389984130859e-02,-9.565790891647338867e-01
7.082358598709106445e-01,-9.909182786941528320e-02,3.856979608535766602e-01
4.524185657501220703e-01,4.715396165847778320e-01,-9.365363717079162598e-01
-9.937026500701904297e-01,8.493279218673706055e-01,-1.573476791381835938e-01
-2.244663834571838379e-01,9.507199525833129883e-01,-3.915888071060180664e-01
-9.877318143844604492e-01,-7.623554468154907227e-01,6.997747421264648438e-01
-2.818092107772827148e-01,-1.478582620620727539e-01,-9.141036868095397949e-01
-1.465072035789489746e-01,4.708855152130126953e-01,6.156790256500244141e-01
-8.911356329917907715e-01,-9.583693742752075195e-01,5.676432847976684570e-01
8.455817699432373047e-01,5.640581846237182617e-01,2.418591976165771484e-01
-2.973052263259887695e-01,9.330315589904785156e-01,9.999840259552001953e-01
-6.656658649444580078e-02,-9.168011546134948730e-01,2.836601734161376953e-01
3.729826211929321289e-01,9.323000907897949219e-01,-2.301728725433349609e-02
8.074873685836791992e-01,3.964247703552246094e-01,-9.351300001144409180e-01
6.697962284088134766e-01,5.831294059753417969e-01,-1.388723850250244141e-01
-2.391594648361206055e-02,-2.459648847579956055e-01,-5.881608724594116211e-01
-5.143489837646484375e-01,1.695358753204345703e-02,-9.382497072219848633e-01
4.705470800399780273e-01,3.272485733032226562e-01,4.786733388900756836e-01
7.361226081848144531e-01,-3.782446980476379395e-01,-1.262583136558532715e-01
4.000600576400756836e-01,-7.387075424194335938e-01,3.979929685592651367e-01
-6.449459195137023926e-01,-7.342880964279174805e-01,-5.166109800338745117e-01
3.185964822769165039e-01,-3.731696009635925293e-01,3.307812213897705078e-01
-5.125781297683715820e-01,-2.187231183052062988e-01,1.874687671661376953e-01
-3.800075054168701172e-01,9.229505062103271484e-02,9.514153003692626953e-02
5.106122493743896484e-01,1.495782136917114258e-01,5.791902542114257812e-03
-2.416074275970458984e-03,1.006164550781250000e-01,-2.156611680984497070e-01
-6.912180185317993164e-01,-2.829921841621398926e-01,2.220420837402343750e-01
-4.600689411163330078e-01,4.386830329895019531e-01,-8.897150754928588867e-01
7.068927288055419922e-01,1.624001264572143555e-01,4.823585748672485352e-01
-9.595501422882080078e-02,-1.171994805335998535e-01,-1.036422252655029297e-01
9.859735965728759766e-01,-5.560247898101806641e-01,2.022473812103271484e-01
6.092025041580200195e-01,3.481899499893188477e-01,3.489973545074462891e-01
4.244821071624755859e-01,4.834628105163574219e-02,-6.536240577697753906e-01
1.771900653839111328e-01,8.483157157897949219e-01,-3.651137948036193848e-01
2.457411289215087891e-01,-8.437006473541259766e-01,8.445624113082885742e-01
-4.108524322509765625e-02,-7.012602090835571289e-01,2.460329532623291016e-01
-6.683728694915771484e-01,4.723962545394897461e-01,-1.311237215995788574e-01
5.326294898986816406e-02,3.687161207199096680e-01,4.995659589767456055e-01
-9.289873838424682617e-01,7.537851333618164062e-01,-5.869181752204895020e-01
6.698108911514282227e-01,3.675317764282226562e-01,4.070785045623779297e-01
4.461095333099365234e-01,3.410263061523437500e-01,-7.956602573394775391e-01
1.102612018585205078e-01,1.329197883605957031e-01,-8.277787566184997559e-01
-7.516288161277770996e-01,-7.185048460960388184e-01,9.379017353057861328e-01
8.912795782089233398e-01,-1.180905699729919434e-01,6.037342548370361328e-02
7.986716032028198242e-01,-4.720090031623840332e-01,3.527092933654785156e-02
-1.090297698974609375e-01,-4.348295331001281738e-01,-5.229312181472778320e-01
-2.006631493568420410e-01,5.038559436798095703e-01,1.076778173446655273e-01
-5.709629654884338379e-01,9.157280921936035156e-01,1.678110361099243164e-01
5.886619091033935547e-01,-6.203337907791137695e-01,9.047396183013916016e-01
5.087261199951171875e-01,3.245890140533447266e-02,3.824824094772338867e-01
5.996270179748535156e-01,3.601683378219604492e-01,-9.570478200912475586e-01
-2.663134336471557617e-01,-5.213255882263183594e-01,-5.605812072753906250e-01
1.216008663177490234e-01,-3.667675852775573730e-01,-3.657795190811157227e-01
4.343285560607910156e-01,-5.588889122009277344e-03,8.146736621856689453e-01
-4.869179725646972656e-01,-1.051170825958251953e-01,-4.628207683563232422e-01
3.799748420715332031e-02,9.996620416641235352e-01,6.119999885559082031e-01
3.881869316101074219e-01,1.575976610183715820e-01,-6.124543547630310059e-01
-6.700334548950195312e-01,-7.531873583793640137e-01,9.866875410079956055e-01
-5.169550180435180664e-01,8.569644689559936523e-01,6.305575370788574219e-01
-1.364759802818298340e-01,-5.167301297187805176e-01,1.885495185852050781e-01
-9.026402831077575684e-01,-3.726369738578796387e-01,-2.834042906761169434e-01
7.889596223831176758e-01,9.585558176040649414e-01,-9.382504820823669434e-01
1.692748069763183594e-01,-4.066061973571777344e-01,-8.776450157165527344e-02
-5.699003934860229492e-01,-1.779633164405822754e-01,3.452337980270385742e-01
3.169724941253662109e-01,9.587332010269165039e-01,-9.067407250404357910e-01
7.897547483444213867e-01,-9.809381961822509766e-01,-6.740592718124389648e-01
9.168982505798339844e-01,-4.982364773750305176e-01,-1.055697798728942871e-01
8.191114664077758789e-01,-6.896902322769165039e-01,-5.566385388374328613e-01
-9.260767698287963867e-02,-1.046615242958068848e-01,-6.749868392944335938e-01
-1.218621730804443359e-01,-3.342874646186828613e-01,-5.651998519897460938e-01
4.256768226623535156e-01,1.614550352096557617e-01,-3.657941818237304688e-01
-3.571288585662841797e-01,-9.779624938964843750e-01,4.825131893157958984e-01
-3.210795521736145020e-01,4.861741065979003906e-01,-6.918129324913024902e-01
6.821243762969970703e-01,-9.099921584129333496e-01,-2.267689108848571777e-01
-3.084835410118103027e-01,5.833699703216552734e-01,-5.329002141952514648e-01
6.418079137802124023e-01,-1.223170757293701172e-02,2.805693149566650391e-01
1.087509393692016602e-01,-7.232763767242431641e-01,-5.449727773666381836e-01
9.926495552062988281e-01,8.874058723449707031e-02,-1.281068325042724609e-01
2.230051755905151367e-01,-3.100035786628723145e-01,1.620053052902221680e-01
-2.429364323616027832e-01,-4.007771611213684082e-01,9.617251157760620117e-01
7.229654788970947266e-01,5.796223878860473633e-01,-8.394551277160644531e-01
2.227941751480102539e-01,5.603886842727661133e-01,-4.682776331901550293e-01
3.920884132385253906e-01,-9.137243032455444336e-02,-7.997590899467468262e-01
-1.525862812995910645e-01,4.363553524017333984e-01,6.001293659210205078e-01
-4.631500244140625000e-01,4.201864004135131836e-01,9.639002084732055664e-01
3.229665756225585938e-02,-5.975216627120971680e-02,-8.862088918685913086e-01
8.641519546508789062e-01,2.603534460067749023e-01,-4.822892546653747559e-01
-3.731805086135864258e-01,8.335821628570556641e-01,6.132925748825073242e-01
6.517504453659057617e-01,8.997046947479248047e-01,2.164893150329589844e-01
-6.446773409843444824e-01,8.596860170364379883e-01,-6.970914602279663086e-01
-4.870687723159790039e-01,4.311382770538330078e-01,3.632682561874389648e-01
-7.550934553146362305e-01,7.583440542221069336e-01,5.476719141006469727e-01
7.258930206298828125e-01,4.617645740509033203e-01,1.015510559082031250e-01
2.923612594604492188e-01,6.578731536865234375e-01,-2.012363672256469727e-01
5.217305421829223633e-01,1.530286073684692383e-01,-7.689471840858459473e-01
7.530940771102905273e-01,8.613560199737548828e-01,-4.099985957145690918e-01
-5.271934270858764648e-01,6.295518875122070312e-01,4.450429677963256836e-01
-6.451070308685302734e-02,-3.110283613204956055e-01,6.982278823852539062e-02
1.187129020690917969e-01,-2.548340559005737305e-01,-8.813235759735107422e-01
5.971132516860961914e-01,-7.681387662887573242e-02,-4.325910806655883789e-01
6.656064987182617188e-01,2.328397035598754883e-01,6.748319864273071289e-01
1.007899045944213867e-01,1.908361911773681641e-02,-2.408824563026428223e-01
-1.737455129623413086e-01,-4.041039347648620605e-01,-5.768809914588928223e-01
-1.932617425918579102e-01,8.648910522460937500e-01,-8.216392993927001953e-01
-4.977933168411254883e-01,4.897882938385009766e-01,-1.434366106986999512e-01
-2.459300756454467773e-01,-7.869262099266052246e-01,4.539151191711425781e-01
5.442044734954833984e-01,7.408938407897949219e-01,1.202028989791870117e-01
-1.399533152580261230e-01,2.031630277633666992e-01,3.154439926147460938e-01
2.433388233184814453e-01,-1.592139601707458496e-01,2.161535024642944336e-01
8.606700897216796875e-01,9.545037746429443359e-01,6.519535779953002930e-01
6.986052989959716797e-01,6.212307214736938477e-01,3.105895519256591797e-01
2.148815393447875977e-01,3.770744800567626953e-02,9.490869045257568359e-01
3.087615966796875000e-02,8.353716135025024414e-01,8.818044662475585938e-01
9.901759624481201172e-01,2.348828315734863281e-02,-1.288443803787231445e-02
7.696626186370849609e-01,-7.861809730529785156e-01,-3.141312003135681152e-01
6.988111734390258789e-01,7.967555522918701172e-02,3.919482231140136719e-02
4.553042650222778320e-01,-5.043363571166992188e-02,-3.194248676300048828e-01
-5.283820629119873047e-01,1.377353668212890625e-01,1.863394975662231445e-01
3.100585937500000000e-02,6.159424781799316406e-03,7.899837493896484375e-01
-8.265757560729980469e-02,3.372030258178710938e-01,-2.326092123985290527e-01
4.275375604629516602e-01,-4.527466297149658203e-01,-9.401625394821166992e-01
-5.066101551055908203e-01,2.599254846572875977e-01,6.725106239318847656e-01
-8.752625584602355957e-01,-1.878784298896789551e-01,6.050339937210083008e-01
6.506841182708740234e-01,2.668428421020507812e-01,7.078638076782226562e-01
1.850707530975341797e-01,-7.782058119773864746e-01,5.846652984619140625e-01
-6.036776304244995117e-02,3.661775588989257812e-01,5.788297653198242188e-01
-4.020360112190246582e-01,-9.333204030990600586e-01,-5.913958549499511719e-01
7.713814973831176758e-01,-4.134074449539184570e-01,9.529674053192138672e-02
-3.026206493377685547e-01,2.639160156250000000e-01,1.016037464141845703e-01
-3.754577636718750000e-01,-9.787845015525817871e-01,8.644579648971557617e-01
-6.970767974853515625e-01,-8.596304655075073242e-01,-6.444805860519409180e-01
-5.195648670196533203e-01,-3.872757554054260254e-01,-4.884880781173706055e-01
-4.674551486968994141e-01,2.267628908157348633e-01,-2.259320020675659180e-02
-2.466819882392883301e-01,-1.139832735061645508e-01,-3.096834421157836914e-01
-6.210033893585205078e-01,-3.455439209938049316e-01,-3.788720369338989258e-01
8.409534692764282227e-01,-5.825725197792053223e-01,1.230683326721191406e-01
9.514760971069335938e-02,-8.970628976821899414e-01,7.634301185607910156e-01
-6.859203577041625977e-01,2.785897254943847656e-02,-3.540261387825012207e-01
-6.855905652046203613e-01,-2.379033565521240234e-01,6.416021585464477539e-01
-9.887776970863342285e-01,7.224426269531250000e-01,-1.070929765701293945e-01
3.739464282989501953e-01,-8.372010588645935059e-01,-6.528955698013305664e-01
-8.325408101081848145e-01,2.490903139114379883e-01,-8.143181800842285156e-01
-6.077837944030761719e-01,-4.573419690132141113e-01,9.271138906478881836e-01
-3.372921943664550781e-01,-6.141963601112365723e-01,5.469518899917602539e-01
7.258850336074829102e-01,8.182805776596069336e-01,-8.257337808609008789e-01
9.773262739181518555e-01,3.635962009429931641e-01,-1.288420557975769043e-01
8.906664848327636719e-01,-3.221189379692077637e-01,6.311899423599243164e-01
-8.096375465393066406e-01,7.526477575302124023e-01,2.650884389877319336e-01
6.613526344299316406e-01,3.824794292449951172e-02,7.355413436889648438e-01
-1.539756655693054199e-01,-2.155870199203491211e-01,-2.824778556823730469e-01
5.698384046554565430e-01,-9.255670905113220215e-01,3.987834453582763672e-01
-3.057080507278442383e-01,3.719022274017333984e-01,-1.905349493026733398e-01
6.058661937713623047e-01,-3.723827600479125977e-01,-3.784437775611877441e-01
-3.162019252777099609e-01,-6.132888793945312500e-02,-8.970099687576293945e-02
-7.317376136779785156e-01,1.184233427047729492e-01,-5.385082364082336426e-01
-4.468959569931030273e-02,-2.207695841789245605e-01,6.606202125549316406e-01
-2.454799413681030273e-01,8.492181301116943359e-01,-4.772551059722900391e-01
-6.719719767570495605e-01,8.334174156188964844e-01,4.900025129318237305e-01
-5.806102752685546875e-01,3.845511674880981445e-01,-3.447080254554748535e-01
2.180255651473999023e-01,6.461206674575805664e-01,3.024265766143798828e-01
-3.407926559448242188e-01,4.461832046508789062e-01,5.917069911956787109e-01
8.900700807571411133e-01,9.188617467880249023e-01,-9.393262863159179688e-02
7.638461589813232422e-01,8.174300193786621094e-02,-5.582559108734130859e-01
3.546088933944702148e-01,9.193220138549804688e-01,1.105142831802368164e-01
7.124748229980468750e-01,-5.172461271286010742e-02,-4.827940464019775391e-01
-4.854162931442260742e-01,-5.204075574874877930e-02,-6.746777296066284180e-01
-2.583003640174865723e-01,-7.690522670745849609e-01,7.308390140533447266e-01
-2.041256427764892578e-01,8.236473798751831055e-01,5.283644199371337891e-01
-4.830788373947143555e-01,-2.136713266372680664e-02,9.438662528991699219e-01
-1.103226542472839355e-01,-1.943133473396301270e-01,-6.213212609291076660e-01
3.703212738037109375e-02,-6.152280569076538086e-01,-5.221426486968994141e-01
-6.950325369834899902e-01,-5.681176185607910156e-01,-6.258429288864135742e-01
2.528975009918212891e-01,1.540328264236450195e-01,-6.292458772659301758e-01
-6.448873281478881836e-01,-2.444741725921630859e-01,5.124959945678710938e-01
7.384610176086425781e-02,-8.466702699661254883e-02,1.999963521957397461e-01
-8.773783445358276367e-01,1.447740793228149414e-01,5.031750202178955078e-01
1.743248701095581055e-01,-1.678001880645751953e-02,-7.670317292213439941e-01
1.814517974853515625e-01,-6.156432628631591797e-01,-7.848365306854248047e-01
3.814389705657958984e-01,8.783936500549316406e-03,-3.602254390716552734e-02
-2.279478311538696289e-02,8.165315389633178711e-01,-2.806868553161621094e-01
-5.106055736541748047e-02,-4.355968236923217773e-01,4.001952409744262695e-01
4.629034996032714844e-01,-3.344581723213195801e-01,-2.111725807189941406e-01
8.761373758316040039e-01,7.809010744094848633e-01,-2.608062624931335449e-01
-9.879068732261657715e-01,-5.213600993156433105e-01,2.253426313400268555e-01
-9.966716766357421875e-01,2.292599678039550781e-01,-4.303332567214965820e-01
7.683328390121459961e-01,-3.969961404800415039e-01,-8.924491405487060547e-01
-6.008319854736328125e-01,6.110264062881469727e-01,5.660064220428466797e-01
3.269238471984863281e-01,-4.745644330978393555e-01,-3.063930869102478027e-01
8.103985786437988281e-01,-4.189293384552001953e-01,6.857067346572875977e-01
-3.364277482032775879e-01,-5.935616493225097656e-01,9.116828441619873047e-01
-9.621461033821105957e-01,4.208811521530151367e-01,7.246854305267333984e-01
-6.304390430450439453e-01,-8.339722752571105957e-01,9.831936359405517578e-01
7.125693559646606445e-01,8.302402496337890625e-02,-9.897974133491516113e-01
5.669156312942504883e-01,-4.811596870422363281e-02,-1.690416336059570312e-01
7.430503368377685547e-01,-4.410261511802673340e-01,-8.240112066268920898e-01
-8.887105584144592285e-01,-4.327127933502197266e-01,-3.339037895202636719e-01
2.501264810562133789e-01,-1.972937583923339844e-01,-8.975857496261596680e-01
5.750151872634887695e-01,-6.506932973861694336e-01,-5.492980480194091797e-01
-1.349605321884155273e-01,-1.515555381774902344e-01,6.919102668762207031e-01
-5.376946926116943359e-02,-9.256302714347839355e-01,-7.113634347915649414e-01
-8.109128475189208984e-01,6.994408369064331055e-01,-9.646710753440856934e-01
3.339915275573730469e-01,4.846836328506469727e-01,4.242479801177978516e-02
7.535063028335571289e-01,-5.727030038833618164e-01,-2.696957588195800781e-01
2.283304929733276367e-01,3.764694929122924805e-01,-4.604783058166503906e-01
-4.233435988426208496e-01,7.013702392578125000e-02,-9.325543642044067383e-01
-3.550103902816772461e-01,-9.299799203872680664e-01,-5.308347940444946289e-01
2.430973052978515625e-01,8.556642532348632812e-01,-9.665602445602416992e-02
-3.872506022453308105e-01,-8.482132554054260254e-01,4.258226156234741211e-01
7.093367576599121094e-01,9.917434453964233398e-01,-2.707086801528930664e-01
-9.116789102554321289e-01,-5.075120925903320312e-02,-5.648180246353149414e-01
-8.565618395805358887e-01,-4.067798256874084473e-01,6.259015798568725586e-01
-5.810652971267700195e-01,4.744926691055297852e-01,-8.095849156379699707e-01
6.488174200057983398e-01,-6.776515245437622070e-01,1.770691871643066406e-01
-7.703146338462829590e-01,6.535780429840087891e-02,3.860195875167846680e-01
8.175241947174072266e-01,3.463867902755737305e-01,-4.639697074890136719e-01
-5.505645275115966797e-01,-9.191770553588867188e-01,-7.895487546920776367e-01
-2.869868278503417969e-01,-4.284417033195495605e-01,-5.070173740386962891e-02
2.909591197967529297e-01,-1.456074118614196777e-01,-7.227066159248352051e-01
-2.231857776641845703e-01,8.636320829391479492e-01,-4.823248982429504395e-01
-3.069755434989929199e-01,2.152374982833862305e-01,-4.431903362274169922e-02
-8.846597671508789062e-01,-9.788286685943603516e-01,5.822652578353881836e-01
9.471147060394287109e-01,-2.673142552375793457e-01,-3.297616243362426758e-01
-3.792365789413452148e-01,-9.011462330818176270e-01,4.866982698440551758e-01
-2.923992276191711426e-01,5.085818767547607422e-01,-6.685209870338439941e-01
3.346474170684814453e-01,6.324069499969482422e-01,-1.311119794845581055e-01
-6.098054051399230957e-01,-8.003909587860107422e-01,-5.287450551986694336e-01
-5.824737548828125000e-01,8.214180469512939453e-01,8.479670286178588867e-01
1.863069534301757812e-01,-9.004664421081542969e-01,1.526829004287719727e-01
-4.191821217536926270e-01,1.733015775680541992e-01,1.896737813949584961e-01
5.094459056854248047e-01,-2.964712977409362793e-01,-5.539927482604980469e-01
-1.140926480293273926e-01,-4.014049172401428223e-01,3.843723535537719727e-01
-7.651649713516235352e-01,9.752005338668823242e-01,-4.188703298568725586e-01
-6.662797331809997559e-01,-5.316239595413208008e-01,-1.038089990615844727e-01
1.364517211914062500e-02,-4.302282929420471191e-01,4.727213382720947266e-01
9.951729774475097656e-01,4.517378807067871094e-01,-7.464385032653808594e-01
-1.290571093559265137e-01,-9.526160955429077148e-01,-2.672827243804931641e-02
-9.027007222175598145e-01,-1.363933086395263672e-02,9.245753288269042969e-01
7.832462787628173828e-01,-7.205824851989746094e-01,-7.141100168228149414e-01
-4.582709670066833496e-01,-7.005287408828735352e-01,5.605168342590332031e-01
-7.267081737518310547e-02,-9.348573088645935059e-01,2.287257909774780273e-01
-9.875714778900146484e-01,-9.075613617897033691e-01,-3.125486373901367188e-01
9.088718891143798828e-01,9.129710197448730469e-01,-6.352442502975463867e-01
-2.811425328254699707e-01,-4.355644583702087402e-01,9.123300313949584961e-01
3.473367691040039062e-01,1.713784933090209961e-01,2.688229084014892578e-02
-7.157424092292785645e-01,4.195483922958374023e-01,3.190017938613891602e-01
-9.658737778663635254e-01,4.469856023788452148e-01,-2.338502407073974609e-01
2.113521099090576172e-02,-2.391553521156311035e-01,-8.028675317764282227e-01
-2.991062402725219727e-02,-3.336668014526367188e-01,1.700259447097778320e-01
-6.033445596694946289e-01,-8.295786380767822266e-02,8.337472677230834961e-01
-9.335336685180664062e-01,1.164302825927734375e-01,-3.524450063705444336e-01
-4.963620305061340332e-01,-9.395722746849060059e-01,-9.363402128219604492e-01
3.537875413894653320e-01,-2.981494069099426270e-01,-8.228672146797180176e-01
5.616607666015625000e-01,-8.433803319931030273e-01,-4.930525422096252441e-01
8.567136526107788086e-01,7.972605228424072266e-01,-9.949355125427246094e-01
7.412189245223999023e-01,7.210460901260375977e-01,-4.727706909179687500e-01
5.768724679946899414e-01,-9.926824569702148438e-01,-8.698466420173645020e-01
7.624351978302001953e-02,-4.211335182189941406e-01,-4.601930975914001465e-01
-5.194981098175048828e-01,-5.287304520606994629e-01,7.530287504196166992e-01
-8.465191125869750977e-01,-5.682004690170288086e-01,5.681909322738647461e-01
6.592988967895507812e-02,2.954159975051879883e-01,-7.468284368515014648e-01
3.108544349670410156e-01,3.194421529769897461e-01,2.173384428024291992e-01
-9.872713685035705566e-01,4.869475364685058594e-01,-2.714186906814575195e-02
7.661191225051879883e-01,5.947095155715942383e-01,-4.449753165245056152e-01
2.788217067718505859e-01,4.483032226562500000e-02,3.089957237243652344e-01
-1.541640162467956543e-01,3.983591794967651367e-01,8.806556463241577148e-01
8.996940851211547852e-01,4.420974254608154297e-01,-3.841207623481750488e-01
7.388525009155273438e-01,2.129360437393188477e-01,2.602163553237915039e-01
-2.691948413848876953e-01,7.021365165710449219e-01,8.760963678359985352e-01
2.547693252563476562e-01,-2.262473106384277344e-03,-9.975001215934753418e-01
7.123415470123291016e-01,2.078127861022949219e-02,4.016541242599487305e-01
-7.194750308990478516e-01,9.534192085266113281e-01,4.752731323242187500e-02
-5.942363739013671875e-01,-3.155640363693237305e-01,-3.766744136810302734e-01
1.891440153121948242e-01,-6.693112850189208984e-02,-2.566878199577331543e-01
5.580924749374389648e-01,3.623412847518920898e-01,3.379929065704345703e-02
-4.604653716087341309e-01,2.354394197463989258e-01,-6.208974123001098633e-02
-7.089164257049560547e-01,5.908203125000000000e-02,1.375851631164550781e-01
-7.678869962692260742e-01,1.957423686981201172e-01,1.050283908843994141e-01
3.935405015945434570e-01,-3.274547457695007324e-01,1.818177700042724609e-01
4.306527376174926758e-01,-3.058717846870422363e-01,-2.176608443260192871e-01
2.761737108230590820e-01,-7.746261358261108398e-02,8.804857730865478516e-02
-6.114243865013122559e-01,-6.206208467483520508e-01,-5.205782651901245117e-01
3.954684734344482422e-02,-1.430270671844482422e-01,-5.088637471199035645e-01
-9.238147139549255371e-01,-3.342218995094299316e-01,-8.187212944030761719e-01
-6.655436754226684570e-01,4.969513416290283203e-02,9.118261337280273438e-01
5.539023876190185547e-02,-1.520411372184753418e-01,-3.473322987556457520e-01
9.391462802886962891e-02,-9.409532546997070312e-01,4.874755144119262695e-01
9.029887914657592773e-01,9.214365482330322266e-01,1.092324256896972656e-01
-8.086672425270080566e-01,6.026790142059326172e-01,4.062891006469726562e-03
4.284071922302246094e-02,7.262610197067260742e-01,2.821362018585205078e-02
9.173144102096557617e-01,-5.579539537429809570e-01,4.987047910690307617e-01
3.757895231246948242e-01,-6.559765934944152832e-01,-1.075440645217895508e-02
-1.879810094833374023e-01,1.974105834960937500e-04,2.671220302581787109e-01
-5.691257715225219727e-01,8.810497522354125977e-01,-6.597735881805419922e-01
6.278330087661743164e-01,-1.143808364868164062e-01,-5.310494303703308105e-01
-9.468140602111816406e-01,5.024045705795288086e-01,-9.124312996864318848e-01
1.467319726943969727e-01,5.633301734924316406e-01,-2.714514732360839844e-01
9.667717218399047852e-01,9.417877197265625000e-01,-1.242196559906005859e-02
6.370415687561035156e-01,2.004883289337158203e-01,-6.350702643394470215e-01
6.348918676376342773e-01,-2.541067004203796387e-01,-2.992893457412719727e-01
1.409814357757568359e-01,-8.655582070350646973e-01,8.261152505874633789e-01
8.800635337829589844e-01,6.427067518234252930e-01,-7.534117698669433594e-01
-9.777736663818359375e-01,-7.053155899047851562e-01,2.309453487396240234e-01
6.955013275146484375e-01,-1.676616668701171875e-01,-3.890070319175720215e-01
1.738220453262329102e-01,-1.603430509567260742e-01,1.928381919860839844e-01
7.977807521820068359e-02,-4.307383298873901367e-02,5.234687328338623047e-01
7.518477439880371094e-01,-6.380794048309326172e-01,9.501389265060424805e-01
8.163840770721435547e-01,2.315289974212646484e-01,7.585502862930297852e-01
3.490508794784545898e-01,-8.883815407752990723e-01,3.245472908020019531e-03
1.112483739852905273e-01,-3.633401393890380859e-01,-4.051316976547241211e-01
-5.358880758285522461e-01,-8.134183883666992188e-01,-5.295165777206420898e-01
1.427166461944580078e-01,-9.471662044525146484e-01,-8.856090307235717773e-01
7.273921966552734375e-01,6.161694526672363281e-01,4.609334468841552734e-02
-5.081691741943359375e-01,4.122239351272583008e-01,5.008223056793212891e-01
-2.485734820365905762e-01,3.871543407440185547e-01,-9.257437586784362793e-01
-2.305960655212402344e-02,1.038341522216796875e-01,-7.832721471786499023e-01
-9.359566569328308105e-01,-5.577828884124755859e-01,1.422578096389770508e-01
4.052294492721557617e-01,-3.330121636390686035e-01,3.889610767364501953e-01
7.281308174133300781e-01,-9.179604053497314453e-02,1.590298414230346680e-01
2.485907077789306641e-02,-9.503674507141113281e-01,7.793675661087036133e-01
9.587496519088745117e-01,6.892201900482177734e-01,-2.048363089561462402e-01
1.850234270095825195e-01,2.043974399566650391e-01,-6.369036436080932617e-01
7.500654458999633789e-01,-6.369985342025756836e-01,1.902139186859130859e-02
-3.721404075622558594e-02,6.319264173507690430e-01,9.513163566589355469e-01
-5.579342842102050781e-01,2.331757545471191406e-01,3.370660543441772461e-01
-4.351085424423217773e-02,-2.881667017936706543e-01,6.270571947097778320e-01
-2.632215619087219238e-01,-3.687142729759216309e-01,7.840117216110229492e-01
-7.789558172225952148e-01,5.284396409988403320e-01,6.632441282272338867e-01
-2.788240909576416016e-01,-5.922726392745971680e-01,3.091400861740112305e-01
-5.169121026992797852e-01,4.005661010742187500e-01,2.176997661590576172e-01
6.666073799133300781e-01,7.020245790481567383e-01,8.295619487762451172e-01
2.787278890609741211e-01,6.658136844635009766e-02,-5.895801782608032227e-01
-9.186259508132934570e-01,6.940965652465820312e-01,-2.403977513313293457e-01
7.400991916656494141e-01,-5.822104215621948242e-02,3.945958614349365234e-01
8.737683296203613281e-03,-5.508393049240112305e-01,-3.612802028656005859e-01
7.738401889801025391e-01,5.134938955307006836e-01,-6.146274805068969727e-01
-9.324920177459716797e-01,8.708622455596923828e-01,6.368224620819091797e-01
8.690845966339111328e-02,3.433451652526855469e-01,2.079010009765625000e-02
-3.592397570610046387e-01,8.208925724029541016e-01,-3.153356909751892090e-01
1.438081264495849609e-01,6.175318956375122070e-01,3.546345233917236328e-02
2.886390686035156250e-02,-6.838647127151489258e-01,8.149185180664062500e-01
-5.468160510063171387e-01,-4.968164563179016113e-01,9.396383762359619141e-01
-1.154339313507080078e-01,-1.796954870223999023e-02,-6.596691012382507324e-01
-6.113725900650024414e-01,-3.601088523864746094e-01,-8.868995904922485352e-01
-2.012886404991149902e-01,5.032436847686767578e-01,-7.276422381401062012e-01
2.767380475997924805e-01,-8.396297693252563477e-02,6.541168689727783203e-02
-1.245612502098083496e-01,-3.718331456184387207e-01,-1.668526530265808105e-01
-3.867862820625305176e-01,-3.537901639938354492e-01,2.347737550735473633e-01
5.407789945602416992e-01,6.398844718933105469e-01,1.762857437133789062e-01
7.862339019775390625e-01,9.339904785156250000e-02,-1.999148130416870117e-01
5.308039188385009766e-01,2.305771112442016602e-01,-4.847671985626220703e-01
-9.214587807655334473e-01,-6.419752240180969238e-01,4.044951200485229492e-01
9.257777929306030273e-01,2.536245584487915039e-01,-4.588052034378051758e-01
-2.523607015609741211e-01,-3.669908046722412109e-01,4.173225164413452148e-01
6.013808250427246094e-01,-6.482958793640136719e-01,-4.909658432006835938e-01
6.247233152389526367e-01,-6.624959707260131836e-01,7.575793266296386719e-01
4.646509885787963867e-01,6.837599277496337891e-01,-4.454478621482849121e-01
3.650385141372680664e-01,7.810306549072265625e-02,9.650264978408813477e-01
8.217197656631469727e-01,3.131734132766723633e-01,-3.952806591987609863e-01
-8.813590407371520996e-01,3.759769201278686523e-01,-2.534303665161132812e-01
2.058068513870239258e-01,2.689777612686157227e-01,-4.000481367111206055e-01
5.635216236114501953e-01,-8.750623464584350586e-02,-5.583272576332092285e-01
3.510713577270507812e-02,6.565160751342773438e-01,5.032030344009399414e-01
5.595620870590209961e-01,7.328051328659057617e-01,7.463994026184082031e-01
9.998369216918945312e-01,-6.397238969802856445e-01,5.690908432006835938e-02
-7.305388450622558594e-01,-7.443797588348388672e-01,1.234649419784545898e-01
4.494035243988037109e-01,-3.759264945983886719e-01,-3.159612417221069336e-01
5.506718158721923828e-02,7.174625396728515625e-01,2.994999885559082031e-01
-4.413731098175048828e-01,-6.713323593139648438e-01,6.661361455917358398e-01
-1.873643398284912109e-01,-7.444591522216796875e-01,7.373452186584472656e-02
-7.803498506546020508e-01,-6.515619754791259766e-01,-8.337461948394775391e-02
-1.536385416984558105e-01,8.124577999114990234e-02,2.527681589126586914e-01
8.595641851425170898e-01,-4.108478426933288574e-01,-2.741062641143798828e-02
-5.599824190139770508e-01,-6.028026342391967773e-01,8.041908740997314453e-01
-3.867470622062683105e-01,-5.142711400985717773e-01,-8.666807413101196289e-02
6.064268350601196289e-01,-1.791157722473144531e-01,9.445465803146362305e-01
8.491845130920410156e-01,-7.736487984657287598e-01,2.628678083419799805e-01
-5.611803531646728516e-01,9.032638072967529297e-01,5.141397714614868164e-01
6.014149188995361328e-01,5.942505598068237305e-01,-5.076260566711425781e-01
-4.731962084770202637e-01,4.189038276672363281e-01,9.133695363998413086e-01
7.084633111953735352e-01,6.938922405242919922e-01,9.473451375961303711e-01
6.664267778396606445e-01,-9.867463111877441406e-01,-8.069009184837341309e-01
7.104142904281616211e-01,5.395029783248901367e-01,1.671439409255981445e-01
9.527459144592285156e-01,4.522157907485961914e-01,1.268657445907592773e-01
-8.159129023551940918e-01,9.413769245147705078e-01,3.348127603530883789e-01
-6.467512845993041992e-01,4.010752439498901367e-01,-8.618029356002807617e-01
-3.775912523269653320e-01,2.011705636978149414e-01,1.539214849472045898e-01
-2.311572432518005371e-01,-8.267068862915039062e-01,-3.528486490249633789e-01
-8.873881697654724121e-01,4.951062202453613281e-01,3.539443016052246094e-01
-1.681459546089172363e-01,4.752302169799804688e-01,4.184747934341430664e-01
6.709532737731933594e-01,2.049050331115722656e-01,9.340078830718994141e-01
2.450931072235107422e-02,-5.053086876869201660e-01,3.897389173507690430e-01
6.176509857177734375e-01,-3.982177376747131348e-01,-2.413727045059204102e-01
-6.445064544677734375e-01,-2.368378639221191406e-02,-3.066039681434631348e-01
6.890547275543212891e-01,1.229202747344970703e-02,3.526047468185424805e-01
1.810216903686523438e-02,3.256955146789550781e-01,9.691200256347656250e-01
5.198761224746704102e-01,4.132170677185058594e-01,-2.471957206726074219e-01
9.739242792129516602e-01,9.259499311447143555e-01,-1.252073049545288086e-01
4.099478721618652344e-01,-9.397143721580505371e-01,6.846674680709838867e-01
-2.464975118637084961e-01,-7.051525712013244629e-01,-3.165991902351379395e-01
1.654039621353149414e-01,2.242429256439208984e-01,6.561517715454101562e-01
-6.054154634475708008e-01,9.946191310882568359e-02,2.720879316329956055e-01
-3.606824874877929688e-01,3.649381399154663086e-01,6.502016782760620117e-01
-7.441019415855407715e-01,-8.080237507820129395e-01,-1.481668353080749512e-01
2.385756969451904297e-01,9.472668170928955078e-01,9.814901351928710938e-01
7.741391658782958984e-01,9.330879449844360352e-01,5.418294668197631836e-01
-2.857054471969604492e-01,5.424706935882568359e-01,8.341264724731445312e-01
-7.213621139526367188e-01,7.999258041381835938e-01,-7.816864252090454102e-01
-9.658138155937194824e-01,-9.056879281997680664e-01,9.958910942077636719e-01
8.982335329055786133e-01,9.212782382965087891e-01,-7.514444589614868164e-01
7.491509914398193359e-01,-7.854357957839965820e-01,-3.138582110404968262e-01
-7.688680291175842285e-01,6.840407848358154297e-02,2.482838630676269531e-01
-5.638864040374755859e-01,-3.394312858581542969e-01,9.152882099151611328e-01
1.001735925674438477e-01,-7.774128317832946777e-01,5.660400390625000000e-01
-7.666933536529541016e-01,-5.726045370101928711e-01,4.624581336975097656e-02
8.948476314544677734e-01,-3.409104943275451660e-01,-7.250356674194335938e-01
1.485769748687744141e-01,-7.040079832077026367e-01,-3.980219364166259766e-01
3.674370050430297852e-01,-7.607230544090270996e-01,2.220008373260498047e-01
-2.749162912368774414e-01,-4.773111343383789062e-01,5.646574497222900391e-01
4.616388082504272461e-01,-5.108225345611572266e-02,6.118996143341064453e-01
2.099851369857788086e-01,7.316148281097412109e-01,6.524413824081420898e-01
-3.872287869453430176e-01,-2.359897494316101074e-01,-7.972799539566040039e-01
1.920564174652099609e-01,-3.525984287261962891e-02,-8.634753823280334473e-01
1.071681976318359375e-01,6.986300945281982422e-01,-2.544832229614257812e-02
-8.161466121673583984e-01,9.022904634475708008e-01,-9.164454936981201172e-01
-9.815752506256103516e-03,6.665571928024291992e-01,2.402307987213134766e-01
-7.145897150039672852e-01,-3.916811943054199219e-01,9.636433124542236328e-01
4.206583499908447266e-01,-5.672291517257690430e-01,-2.653173208236694336e-01
-9.688332080841064453e-01,-7.041957974433898926e-01,2.027074098587036133e-01
2.085024118423461914e-01,-2.177259325981140137e-01,-3.901990056037902832e-01
-9.886127710342407227e-02,-8.192366957664489746e-01,2.797662019729614258e-01
2.174353599548339844e-02,6.829924583435058594e-01,3.968154191970825195e-01
-2.589151263236999512e-01,-5.053259134292602539e-01,9.785971641540527344e-01
-8.985054492950439453e-01,-5.228667259216308594e-01,3.251459598541259766e-01
-8.132603168487548828e-01,6.653074026107788086e-01,5.351656675338745117e-01
6.707941293716430664e-01,-1.721414327621459961e-01,1.361792087554931641e-01
-9.308776259422302246e-01,-2.189499735832214355e-01,-6.424319148063659668e-01
-4.231051802635192871e-01,9.994602203369140625e-01,2.585926055908203125e-01
4.839781522750854492e-01,-9.543011784553527832e-01,2.970348596572875977e-01
-9.237797856330871582e-01,-9.783724546432495117e-01,-8.877176046371459961e-01
1.287230253219604492e-01,-7.194689512252807617e-01,3.163167238235473633e-01
-6.089657545089721680e-02,-5.606962442398071289e-01,8.732023239135742188e-01
8.794635534286499023e-01,7.710407972335815430e-01,-5.611881017684936523e-01
-2.429592609405517578e-02,6.331466436386108398e-01,9.137173891067504883e-01
-3.338243961334228516e-01,7.325333356857299805e-01,-5.654941797256469727e-01
9.847640991210937500e-03,3.787195682525634766e-02,9.942436218261718750e-01
-5.024442076683044434e-01,3.396472930908203125e-01,-1.593708992004394531e-02
-8.089175224304199219e-01,5.350558757781982422e-01,5.596473217010498047e-01
6.813229322433471680e-01,-9.940273761749267578e-01,-6.585559844970703125e-01
6.431500911712646484e-01,3.288414478302001953e-01,-2.383359074592590332e-01
-6.536939144134521484e-01,-5.323469638824462891e-02,-8.059853315353393555e-01
9.176802635192871094e-02,5.114638805389404297e-02,8.024430274963378906e-02
1.855852603912353516e-01,-7.145699262619018555e-01,5.995601415634155273e-01
5.189472436904907227e-01,7.850750684738159180e-01,-1.942503452301025391e-01
-7.758878469467163086e-01,6.149256229400634766e-01,4.861246347427368164e-01
-1.188125014305114746e-01,6.553084850311279297e-01,-7.973551750183105469e-02
9.326837062835693359e-01,-4.093211889266967773e-02,1.376512050628662109e-01
-4.908168911933898926e-01,8.147541284561157227e-01,-3.113396167755126953e-01
3.107196092605590820e-01,-3.367435932159423828e-02,-3.169651031494140625e-01
-1.480550169944763184e-01,-3.062432408332824707e-01,7.401777505874633789e-01
-1.787876486778259277e-01,-8.212859034538269043e-01,-5.649874210357666016e-01
1.668375730514526367e-01,-9.766741394996643066e-01,3.416552543640136719e-01
5.647971630096435547e-01,-6.094690561294555664e-01,7.893844842910766602e-01
6.351200342178344727e-01,-6.033283472061157227e-02,4.848343133926391602e-01
4.027810096740722656e-01,-7.987649440765380859e-01,4.996963739395141602e-01
4.471286535263061523e-01,4.306359291076660156e-01,4.886044263839721680e-01
-7.239221930503845215e-01,1.823133230209350586e-01,6.515839099884033203e-01
-9.079424142837524414e-01,9.576406478881835938e-01,5.513421297073364258e-01
5.384447574615478516e-01,-9.539170861244201660e-01,-7.726641893386840820e-01
3.095499277114868164e-01,-1.482539772987365723e-01,-6.889919042587280273e-01
7.027059793472290039e-01,-6.982624530792236328e-03,1.979117393493652344e-01
-4.411947727203369141e-02,9.168744087219238281e-01,-8.398592472076416016e-02
2.144671678543090820e-01,4.890168905258178711e-01,8.569971323013305664e-01
9.835002422332763672e-01,-4.217776060104370117e-01,8.638900518417358398e-01
7.597792148590087891e-02,7.832149267196655273e-01,1.223396062850952148e-01
6.718494892120361328e-01,-6.320931911468505859e-01,5.089629888534545898e-01
-2.646817564964294434e-01,9.238884449005126953e-01,6.125668287277221680e-01
2.651758193969726562e-01,7.228538990020751953e-01,1.020087003707885742e-01
-8.916497230529785156e-03,1.217139959335327148e-01,-9.590116143226623535e-01
9.748809337615966797e-01,8.147805929183959961e-01,-8.051571249961853027e-01
9.395213127136230469e-01,4.284743070602416992e-01,5.542321205139160156e-01
2.436218261718750000e-01,2.897051572799682617e-01,-7.365731000900268555e-01
4.311890602111816406e-01,-3.372814059257507324e-01,-6.235537528991699219e-01
5.149409770965576172e-01,6.707080602645874023e-01,3.804107904434204102e-01
6.760327816009521484e-01,-6.507217884063720703e-01,8.797833919525146484e-01
8.852053880691528320e-01,-6.130979061126708984e-01,6.662402153015136719e-01
2.934374809265136719e-01,9.023426771163940430e-01,-6.370526552200317383e-02
5.902442932128906250e-01,6.245925426483154297e-01,2.031024694442749023e-01
-6.717543601989746094e-01,-1.997968554496765137e-01,-2.770404219627380371e-01
-8.962174654006958008e-01,-2.547571659088134766e-01,-1.225782036781311035e-01
9.052964448928833008e-01,-2.373694181442260742e-01,4.898688793182373047e-01
2.994306087493896484e-01,-2.121875286102294922e-01,5.256247520446777344e-02
-9.501023292541503906e-01,-9.647175669670104980e-01,-4.903987050056457520e-01
9.192122220993041992e-01,-9.464246034622192383e-01,-4.799692034721374512e-01
-7.805618643760681152e-01,9.065098762512207031e-01,3.806884288787841797e-01
4.610965251922607422e-01,-4.998068809509277344e-01,6.737209558486938477e-01
-8.845649361610412598e-01,-2.669672369956970215e-01,-7.769349813461303711e-01
3.329918384552001953e-01,2.179515361785888672e-02,4.856104850769042969e-01
-4.806927442550659180e-01,-7.079662084579467773e-01,-8.104583024978637695e-01
2.764233350753784180e-01,9.905419349670410156e-01,9.873732328414916992e-01
8.642817735671997070e-01,-9.102934598922729492e-02,8.624962568283081055e-01
7.274900674819946289e-01,1.884872913360595703e-01,-2.098339796066284180e-02
1.007806062698364258e-01,6.192722320556640625e-01,-2.025020122528076172e-01
-8.227847814559936523e-01,-1.650051474571228027e-01,4.817947149276733398e-01
8.823432922363281250e-01,-1.496543288230895996e-01,6.326577663421630859e-01
-2.868294715881347656e-01,9.413263797760009766e-01,4.553331136703491211e-01
3.958445787429809570e-01,-9.118868112564086914e-01,6.210603713989257812e-01
-5.751060247421264648e-01,-6.300857067108154297e-01,-7.922005653381347656e-01
1.769952774047851562e-01,5.587518215179443359e-01,-5.765473842620849609e-01
-5.530105829238891602e-01,-7.597866654396057129e-01,2.842851877212524414e-01
-7.957700490951538086e-01,6.262028217315673828e-01,7.402434349060058594e-01
-3.635017871856689453e-01,-4.840030670166015625e-01,1.800390481948852539e-01
-7.883287072181701660e-01,4.023369550704956055e-01,3.288428783416748047e-01
-6.963431835174560547e-03,-7.217426896095275879e-01,9.319400787353515625e-02
-7.815859317779541016e-01,9.915833473205566406e-01,-7.301082611083984375e-01
-6.603221893310546875e-01,-1.253408193588256836e-02,2.150332927703857422e-02
1.943129301071166992e-01,-6.207988858222961426e-01,6.011110544204711914e-01
2.770030498504638672e-02,3.128553628921508789e-01,-6.808811426162719727e-01
9.700298309326171875e-02,-4.238671064376831055e-02,-6.650260090827941895e-01
3.492629528045654297e-01,-9.712624549865722656e-02,-3.832332491874694824e-01
-6.212091445922851562e-02,-6.538963317871093750e-01,-9.866094589233398438e-02
-2.676639556884765625e-01,-5.409374237060546875e-01,7.852315902709960938e-01
3.203508853912353516e-01,2.676740884780883789e-01,3.129738569259643555e-01
9.514969587326049805e-01,-5.219571590423583984e-01,3.664605617523193359e-01
-3.557413816452026367e-01,-7.550857067108154297e-01,-6.809258460998535156e-01
-5.718193054199218750e-01,-3.230624794960021973e-01,-6.748477220535278320e-01
7.996904850006103516e-02,1.061817407608032227e-01,2.880787849426269531e-02
9.037303924560546875e-01,1.320258378982543945e-01,-5.290638208389282227e-01
-5.738779306411743164e-01,-4.602435827255249023e-01,8.466935157775878906e-02
-5.503222346305847168e-01,-1.733243465423583984e-03,1.187543869018554688e-01
-5.744273662567138672e-01,6.427254676818847656e-01,-3.305147886276245117e-01
5.610954761505126953e-02,-7.977802753448486328e-01,-7.074611186981201172e-01
-5.661600828170776367e-02,9.823417663574218750e-02,9.944561719894409180e-01
-5.832477211952209473e-01,3.757764101028442383e-01,1.467672586441040039e-01
-7.323158979415893555e-01,4.473752975463867188e-01,6.946099996566772461e-01
-1.675506830215454102e-01,4.233163595199584961e-01,4.597332477569580078e-01
-4.485367536544799805e-01,-4.108420610427856445e-01,-4.338246583938598633e-01
2.271074056625366211e-01,3.387577533721923828e-01,-1.935081481933593750e-01
-4.953960180282592773e-01,6.195999383926391602e-01,-6.503757238388061523e-01
-8.363978862762451172e-01,-4.095045924186706543e-01,-7.186755537986755371e-01
-8.323873877525329590e-01,-3.554522991180419922e-03,8.939491510391235352e-01
5.239115953445434570e-01,-9.075569510459899902e-01,3.817870616912841797e-01
-1.941162347793579102e-01,9.654176235198974609e-02,-2.981022000312805176e-01
8.153680562973022461e-01,-8.010197281837463379e-01,-9.136533737182617188e-02
-5.851429700851440430e-01,9.576480388641357422e-01,9.245119094848632812e-01
-1.961565017700195312e-02,-2.627763152122497559e-01,-7.553513050079345703e-01
1.333773136138916016e-02,3.950333595275878906e-02,9.890729188919067383e-01
1.093822717666625977e-01,-7.802232503890991211e-01,3.455739021301269531e-01
-3.807105422019958496e-01,-2.692351341247558594e-01,-6.151188611984252930e-01
2.623093128204345703e-02,7.935678958892822266e-01,-8.230334520339965820e-02
-2.984482049942016602e-02,2.133909463882446289e-01,8.590788841247558594e-01
1.080117225646972656e-01,-7.639134526252746582e-01,1.285425424575805664e-01
4.133752584457397461e-01,8.593027591705322266e-01,9.771457910537719727e-01
-3.790671825408935547e-01,-8.264697194099426270e-01,-6.134623885154724121e-01
-1.436907649040222168e-01,7.501478195190429688e-01,-2.003638744354248047e-01
-8.723654150962829590e-01,-8.717873096466064453e-01,-9.227802157402038574e-01
-4.071435332298278809e-01,-2.074877619743347168e-01,-4.976454377174377441e-01
-2.374020218849182129e-01,7.589265108108520508e-01,-8.206853866577148438e-01
6.772737503051757812e-01,-9.663792848587036133e-01,2.559554576873779297e-02
-7.774930596351623535e-01,7.193254232406616211e-01,9.829053878784179688e-01
-8.876706361770629883e-01,-3.100588917732238770e-01,-1.789788007736206055e-01
2.186809778213500977e-01,-7.662484049797058105e-01,1.958417892456054688e-01
7.854158878326416016e-01,6.973487138748168945e-01,1.615965366363525391e-02
9.524747133255004883e-01,-5.048167109489440918e-01,-3.056091070175170898e-02
-7.611689567565917969e-01,-4.591977596282958984e-01,-8.852076530456542969e-01
2.307730913162231445e-01,-5.873281359672546387e-01,-5.543690919876098633e-02
-2.601490020751953125e-01,-5.995281934738159180e-01,8.195911645889282227e-01
-3.118336200714111328e-01,8.846321105957031250e-01,1.912699937820434570e-01
-8.664243221282958984e-01,3.798341751098632812e-01,-6.972317695617675781e-01
6.997849941253662109e-01,-9.412626028060913086e-01,-9.488981366157531738e-01
-5.098186731338500977e-01,1.640202999114990234e-01,4.769535064697265625e-01
-1.377290487289428711e-02,-6.469862461090087891e-01,-5.167942047119140625e-01
9.383523464202880859e-02,-6.895973682403564453e-01,-9.012405872344970703e-01
-3.538310527801513672e-03,7.732497453689575195e-01,5.091403722763061523e-01
9.849356412887573242e-01,2.681502103805541992e-01,-8.290108442306518555e-01
3.705942630767822266e-01,7.283320426940917969e-01,-4.096918106079101562e-01
-9.045481681823730469e-03,7.376395463943481445e-01,1.974635124206542969e-01
4.028148651123046875e-01,3.628560304641723633e-01,6.655855178833007812e-01
-5.885896682739257812e-01,5.500030517578125000e-02,-4.091024398803710938e-01
-2.159998416900634766e-01,-7.943726778030395508e-01,3.431117534637451172e-02
-6.406413316726684570e-01,-8.291864395141601562e-02,3.179934024810791016e-01
-5.646098256111145020e-01,8.414906263351440430e-01,6.504679918289184570e-01
6.758495569229125977e-01,3.796889781951904297e-01,-8.307422399520874023e-01
-2.689510583877563477e-02,-7.604504227638244629e-01,8.903429508209228516e-01
2.826842069625854492e-01,-6.420256495475769043e-01,-9.184330701828002930e-02
-7.733292579650878906e-01,4.619300365447998047e-02,9.691730737686157227e-01
6.959682703018188477e-01,6.586854457855224609e-01,-6.510983705520629883e-01
5.132424831390380859e-01,4.119955301284790039e-01,-5.819637775421142578e-01
2.916601896286010742e-01,-7.061753273010253906e-01,2.709492444992065430e-01
3.353967666625976562e-01,5.717351436614990234e-01,2.441074848175048828e-01
9.147241115570068359e-01,-1.862680912017822266e-02,2.324376106262207031e-01
-2.496250271797180176e-01,8.454673290252685547e-01,-1.848641037940979004e-01
-3.103867173194885254e-01,-4.535199999809265137e-01,4.116787910461425781e-01
-4.259840846061706543e-01,3.699680566787719727e-01,-7.348327636718750000e-01
3.560262918472290039e-01,-6.224119663238525391e-01,5.065071582794189453e-02
9.361459016799926758e-01,3.170772790908813477e-01,-5.271318554878234863e-01
-4.695113897323608398e-01,5.188667774200439453e-01,5.214104652404785156e-01
-1.960264444351196289e-01,3.272639513015747070e-01,-7.241045236587524414e-01
-3.579552769660949707e-01,8.132982254028320312e-01,8.065561056137084961e-01
7.327464818954467773e-01,9.862687587738037109e-01,9.463953971862792969e-01
-6.528133153915405273e-01,-1.528542637825012207e-01,9.138302803039550781e-01
-1.323307156562805176e-01,-1.023006439208984375e-02,8.998442888259887695e-01
5.449486970901489258e-01,-8.237054347991943359e-01,-6.557580232620239258e-01
5.802747011184692383e-01,-8.161479234695434570e-01,9.016913175582885742e-01
7.599887847900390625e-01,3.281881809234619141e-01,6.181561946868896484e-02
-4.121841192245483398e-01,7.841067314147949219e-01,9.588105678558349609e-01
-5.157713890075683594e-01,4.852533340454101562e-03,9.373444318771362305e-01
-9.546128511428833008e-01,6.957836151123046875e-01,6.696940660476684570e-01
8.089390993118286133e-01,-1.211372017860412598e-01,2.874890565872192383e-01
7.473111152648925781e-01,5.922851562500000000e-01,-3.231000900268554688e-01
-3.937255740165710449e-01,4.640892744064331055e-01,-8.163809776306152344e-03
4.443167448043823242e-01,-6.942695379257202148e-02,7.623692750930786133e-01
-9.410374760627746582e-01,1.463950872421264648e-01,-4.640871882438659668e-01
-1.452527642250061035e-01,8.701986074447631836e-01,-5.409308671951293945e-01
-1.617554426193237305e-01,-9.920257329940795898e-02,5.101400613784790039e-01
8.362535238265991211e-01,-6.089156270027160645e-01,4.314116239547729492e-01
-8.104999661445617676e-01,9.707528352737426758e-01,7.743939161300659180e-01
-5.233540534973144531e-01,8.486329317092895508e-01,-3.358570337295532227e-01
-1.476005911827087402e-01,-9.440147876739501953e-01,-1.749051809310913086e-01
-4.082127809524536133e-01,1.220560073852539062e-02,-7.112133502960205078e-02
4.509140253067016602e-01,-2.872913479804992676e-01,-3.080523610115051270e-01
-6.831407546997070312e-02,-7.687073349952697754e-01,7.673414945602416992e-01
9.990481138229370117e-01,3.200497627258300781e-01,-9.044255018234252930e-01
-9.224808216094970703e-02,-3.895723819732666016e-01,-9.098047018051147461e-01
6.090943813323974609e-01,8.098379373550415039e-01,2.060282230377197266e-02
-5.016405582427978516e-01,2.129293680191040039e-01,1.031589508056640625e-02
-7.496558427810668945e-01,-7.429246902465820312e-01,8.451608419418334961e-01
-2.178859710693359375e-01,-2.072121500968933105e-01,7.796953916549682617e-01
-8.753226995468139648e-01,4.987106323242187500e-01,3.433945178985595703e-01
5.432745218276977539e-01,6.057767868041992188e-01,7.797212600708007812e-01
5.495133399963378906e-01,6.016379594802856445e-01,-1.046794652938842773e-02
-7.726154327392578125e-01,-5.749944448471069336e-01,-8.695980310440063477e-01
3.906319141387939453e-01,6.583672761917114258e-01,2.449929714202880859e-01
1.644183397293090820e-01,-8.556913137435913086e-01,-1.142324805259704590e-01
2.009760141372680664e-01,-9.107922315597534180e-01,3.004356622695922852e-01
-9.292470812797546387e-01,7.180426120758056641e-01,8.073325157165527344e-01
3.420686721801757812e-02,-8.076589107513427734e-01,-1.360466480255126953e-01
-5.010623931884765625e-01,3.095984458923339844e-03,7.345410585403442383e-01
-1.509136557579040527e-01,-6.033407449722290039e-01,6.695687770843505859e-01
-3.120154738426208496e-01,9.669454097747802734e-01,7.400516271591186523e-01
6.329613924026489258e-01,-4.944705367088317871e-01,-5.151618123054504395e-01
-4.520839452743530273e-02,7.158161401748657227e-01,7.559762001037597656e-01
-8.297557234764099121e-01,-8.979803323745727539e-01,-7.417307496070861816e-01
9.448536634445190430e-01,-3.812724351882934570e-01,-4.962292909622192383e-01
-1.103019714355468750e-02,6.996483802795410156e-01,7.708561420440673828e-02
-7.963979244232177734e-01,7.593274116516113281e-03,-1.339268684387207031e-02
5.483959913253784180e-01,7.963570356369018555e-01,-3.994264602661132812e-01
-2.092313170433044434e-01,-7.291892766952514648e-01,-2.720556259155273438e-01
-6.149649620056152344e-01,5.024367570877075195e-01,6.780933141708374023e-01
-7.202779650688171387e-01,9.648522138595581055e-01,-8.005330562591552734e-01
-8.818730115890502930e-01,-5.204130411148071289e-01,4.449032545089721680e-01
3.221827745437622070e-01,-5.080171227455139160e-01,1.169182062149047852e-01
7.081006765365600586e-01,-4.431986808776855469e-02,-5.740061998367309570e-01
-5.050709247589111328e-01,-5.481837391853332520e-01,6.393907070159912109e-01
5.583837032318115234e-01,4.151476621627807617e-01,5.898585319519042969e-01
2.439169883728027344e-01,6.391285657882690430e-01,-2.843117713928222656e-02
8.019931316375732422e-01,-2.799997329711914062e-01,-4.342885017395019531e-01
3.896447420120239258e-01,-1.277093291282653809e-01,4.003390073776245117e-01
-6.828941702842712402e-01,2.637507915496826172e-01,4.980887174606323242e-01
-8.479239940643310547e-01,-8.654183149337768555e-01,-4.930261969566345215e-01
