0.00000000e+00,0.00000000e+00,8.35896691e-04,8.76387162e-04,8.33369186e-04,6.08485506e-04
1.00000000e-02,3.47657901e-01,3.90306942e-03,3.86987380e-03,3.82106800e-03,1.41455614e-02
2.00000000e-02,2.41209741e-01,5.52602299e-03,5.37585164e-03,5.32193091e-03,1.81278196e-02
3.00000000e-02,2.32095608e-01,6.55381959e-03,6.31915904e-03,6.40262165e-03,2.04913819e-02
4.00000000e-02,2.23122358e-01,7.34303677e-03,7.06348582e-03,7.09844576e-03,2.16500401e-02
5.00000000e-02,2.22125697e-01,7.73702576e-03,7.40545387e-03,7.54244127e-03,2.25501869e-02
6.00000000e-02,2.19485104e-01,8.19348628e-03,7.83982323e-03,7.91407223e-03,2.32133014e-02
7.00000000e-02,3.03843901e-01,9.23236129e-03,9.08537628e-03,9.17727971e-03,8.63355452e-02
8.00000000e-02,2.96552752e-01,9.10773207e-03,9.02037960e-03,8.89288788e-03,2.59167228e-02
9.00000000e-02,2.62150730e-01,8.79154541e-03,8.64493968e-03,8.55754479e-03,2.51579391e-02
1.00000000e-01,2.30571525e-01,8.87847142e-03,8.65520211e-03,8.60052751e-03,2.56098786e-02
1.10000000e-01,2.26625678e-01,8.80662408e-03,8.54112837e-03,8.62693070e-03,2.63057128e-02
1.20000000e-01,2.21288823e-01,8.92251912e-03,8.63005575e-03,8.67567263e-03,2.67001664e-02
1.30000000e-01,2.22511554e-01,8.86387015e-03,8.56329859e-03,8.70585362e-03,2.76185660e-02
1.40000000e-01,2.19432727e-01,8.95710620e-03,8.63706446e-03,8.72225324e-03,2.79334830e-02
1.50000000e-01,2.21476491e-01,8.89509912e-03,8.58891937e-03,8.75144647e-03,2.90376345e-02
1.60000000e-01,2.19093378e-01,8.94328831e-03,8.60987860e-03,8.71420987e-03,2.91331403e-02
1.70000000e-01,2.20716500e-01,8.89125760e-03,8.57705632e-03,8.74199397e-03,3.03696638e-02
1.80000000e-01,2.18768297e-01,8.91986769e-03,8.57532956e-03,8.68785279e-03,3.03668747e-02
1.90000000e-01,2.20383638e-01,8.88238857e-03,8.55975179e-03,8.71867132e-03,3.17048809e-02
2.00000000e-01,2.18443321e-01,8.90522758e-03,8.54420341e-03,8.65453267e-03,3.16823041e-02
2.10000000e-01,2.20440349e-01,8.86856513e-03,8.53630477e-03,8.67822948e-03,3.30254383e-02
2.20000000e-01,2.85014130e-01,9.74738491e-03,9.65941502e-03,9.77190114e-03,9.21021922e-02
2.30000000e-01,2.65584365e-01,9.21377232e-03,9.28420643e-03,9.21341563e-03,3.67085816e-02
2.40000000e-01,2.58757009e-01,8.85190382e-03,8.73307544e-03,8.61443044e-03,3.45600711e-02
2.50000000e-01,2.30015610e-01,8.74892855e-03,8.56553847e-03,8.55425070e-03,3.57484050e-02
2.60000000e-01,2.20996977e-01,8.75066579e-03,8.47164961e-03,8.50709425e-03,3.56709272e-02
2.70000000e-01,2.19896980e-01,8.74619801e-03,8.46296111e-03,8.54028235e-03,3.71040767e-02
2.80000000e-01,2.17439029e-01,8.75278246e-03,8.41451068e-03,8.48514838e-03,3.69640807e-02
2.90000000e-01,2.17851137e-01,8.76699737e-03,8.44861227e-03,8.53547435e-03,3.84387754e-02
3.00000000e-01,2.15861514e-01,8.74159764e-03,8.39368673e-03,8.46073432e-03,3.82541647e-02
3.10000000e-01,2.16538864e-01,8.76910752e-03,8.43782215e-03,8.52200938e-03,3.97146596e-02
3.20000000e-01,2.14318407e-01,8.71895254e-03,8.37775432e-03,8.43958850e-03,3.94887369e-02
3.30000000e-01,2.14669831e-01,8.75261887e-03,8.43780455e-03,8.50898623e-03,4.09491276e-02
3.40000000e-01,2.12404627e-01,8.69955807e-03,8.37683566e-03,8.41901633e-03,4.07887198e-02
3.50000000e-01,2.12819891e-01,8.74533569e-03,8.44672127e-03,8.49785451e-03,4.21691408e-02
3.60000000e-01,2.68947582e-01,9.78134093e-03,9.36608682e-03,9.85102411e-03,9.55022011e-02
3.70000000e-01,2.60572708e-01,9.12806527e-03,8.94178441e-03,9.15319114e-03,4.89518467e-02
3.80000000e-01,2.45847812e-01,8.50260444e-03,8.52908385e-03,8.48410255e-03,4.40506091e-02
3.90000000e-01,2.16493034e-01,8.50931113e-03,8.44777874e-03,8.40134514e-03,4.44756174e-02
4.00000000e-01,2.06825665e-01,8.45469492e-03,8.37419452e-03,8.29795999e-03,4.43067260e-02
4.10000000e-01,2.04471415e-01,8.53472869e-03,8.42185044e-03,8.38739420e-03,4.53633526e-02
4.20000000e-01,2.02177252e-01,8.47821604e-03,8.33445583e-03,8.29664185e-03,4.50717799e-02
4.30000000e-01,2.00293475e-01,8.54839799e-03,8.41174354e-03,8.41018860e-03,4.61160507e-02
4.40000000e-01,1.98238152e-01,8.48744656e-03,8.31544045e-03,8.31150003e-03,4.58460359e-02
4.50000000e-01,1.96920630e-01,8.55545066e-03,8.40446558e-03,8.43411149e-03,4.68781129e-02
4.60000000e-01,1.94545875e-01,8.48436793e-03,8.31168741e-03,8.32060194e-03,4.66421176e-02
4.70000000e-01,1.93391682e-01,8.55049230e-03,8.40290864e-03,8.44735769e-03,4.76008061e-02
4.80000000e-01,1.91084386e-01,8.47039772e-03,8.30543572e-03,8.32220665e-03,4.73548666e-02
4.90000000e-01,1.89581448e-01,8.53381217e-03,8.39011045e-03,8.45616199e-03,4.82453745e-02
5.00000000e-01,1.87664472e-01,8.46059774e-03,8.30857628e-03,8.34104209e-03,4.81995016e-02
5.10000000e-01,1.85963841e-01,8.51962240e-03,8.37760926e-03,8.46788618e-03,4.89710234e-02
5.20000000e-01,1.83406281e-01,8.43927157e-03,8.27425900e-03,8.33763266e-03,4.87226430e-02
5.30000000e-01,1.82122417e-01,8.50332403e-03,8.35955641e-03,8.47260738e-03,4.95302700e-02
5.40000000e-01,1.79344749e-01,8.43199026e-03,8.26286715e-03,8.35290821e-03,4.93659828e-02
5.50000000e-01,1.78605013e-01,8.48807395e-03,8.34317286e-03,8.48996621e-03,5.01126535e-02
5.60000000e-01,1.75446269e-01,8.41512675e-03,8.24767053e-03,8.35915785e-03,4.99565583e-02
5.70000000e-01,1.74877724e-01,8.47150218e-03,8.33688034e-03,8.49141702e-03,5.06265800e-02
5.80000000e-01,1.71476883e-01,8.40930510e-03,8.23268062e-03,8.36368930e-03,5.05003404e-02
5.90000000e-01,1.71105650e-01,8.47301232e-03,8.32546595e-03,8.50140932e-03,5.11544261e-02
6.00000000e-01,1.67605035e-01,8.39912812e-03,8.22222685e-03,8.37747110e-03,5.10277875e-02
6.10000000e-01,1.67424814e-01,8.46886365e-03,8.32473529e-03,8.51024436e-03,5.16972929e-02
6.20000000e-01,1.63921967e-01,8.41188962e-03,8.22691792e-03,8.39283331e-03,5.16201232e-02
6.30000000e-01,1.63813402e-01,8.48115664e-03,8.32171957e-03,8.50629942e-03,5.21892861e-02
6.40000000e-01,1.59871411e-01,8.41893889e-03,8.20557266e-03,8.38046274e-03,5.20803407e-02
6.50000000e-01,2.15340476e-01,9.80424266e-03,9.49435495e-03,9.71492645e-03,1.21017205e-01
6.60000000e-01,1.92058609e-01,8.97557121e-03,8.84732348e-03,8.89309975e-03,6.71662021e-02
6.70000000e-01,1.79387714e-01,8.63566259e-03,8.47224393e-03,8.51581912e-03,5.56477834e-02
6.80000000e-01,1.60398980e-01,8.49486310e-03,8.16898714e-03,8.33371924e-03,5.31137045e-02
6.90000000e-01,1.55089292e-01,8.50688596e-03,8.22032597e-03,8.42668735e-03,5.34929659e-02
7.00000000e-01,1.49581505e-01,8.45236685e-03,8.11956255e-03,8.33786651e-03,5.33924855e-02
7.10000000e-01,1.49584512e-01,8.48238310e-03,8.22915710e-03,8.43178383e-03,5.38386527e-02
7.20000000e-01,1.44848834e-01,8.42156298e-03,8.13997090e-03,8.34837272e-03,5.36793031e-02
7.30000000e-01,1.45659299e-01,8.44481764e-03,8.23945208e-03,8.43509543e-03,5.41663829e-02
7.40000000e-01,1.77535598e-01,9.22234254e-03,9.26218750e-03,9.32000433e-03,1.04902862e-01
7.50000000e-01,1.64282369e-01,8.70389910e-03,8.76001273e-03,8.66722725e-03,5.73618274e-02
7.60000000e-01,1.55250056e-01,8.29234063e-03,8.23294660e-03,8.25236742e-03,5.41730128e-02
7.70000000e-01,1.41883375e-01,8.27835565e-03,8.22957186e-03,8.32756590e-03,5.49000889e-02
7.80000000e-01,1.33378173e-01,8.20777258e-03,8.09757430e-03,8.21712618e-03,5.46852831e-02
7.90000000e-01,1.34515379e-01,8.26957929e-03,8.19692276e-03,8.31591967e-03,5.51816210e-02
8.00000000e-01,1.28833681e-01,8.20117891e-03,8.07102872e-03,8.20664037e-03,5.50262727e-02
8.10000000e-01,1.30963580e-01,8.24183226e-03,8.15580976e-03,8.29719412e-03,5.54069858e-02
8.20000000e-01,1.25070943e-01,8.18235166e-03,8.02432331e-03,8.20043818e-03,5.52308612e-02
8.30000000e-01,1.27461046e-01,8.21661293e-03,8.11503064e-03,8.26987401e-03,5.55477444e-02
8.40000000e-01,1.21431292e-01,8.14487529e-03,7.99424201e-03,8.17553666e-03,5.54137416e-02
8.50000000e-01,1.23769405e-01,8.17774152e-03,8.08473807e-03,8.22893670e-03,5.56738824e-02
8.60000000e-01,1.17623866e-01,8.10184483e-03,7.96413347e-03,8.13819855e-03,5.55604238e-02
8.70000000e-01,1.20017643e-01,8.13098033e-03,8.05457141e-03,8.18097633e-03,5.57636026e-02
8.80000000e-01,1.13839114e-01,8.06383858e-03,7.92973698e-03,8.09285389e-03,5.56783862e-02
8.90000000e-01,1.16312324e-01,8.08971175e-03,8.01420039e-03,8.13061451e-03,5.58388654e-02
9.00000000e-01,1.10372212e-01,8.01449916e-03,7.88288764e-03,8.03938084e-03,5.57643082e-02
9.10000000e-01,1.13011532e-01,8.05043392e-03,7.97951035e-03,8.08613538e-03,5.60040332e-02
9.20000000e-01,1.07064460e-01,7.98160275e-03,7.86018339e-03,8.00735452e-03,5.59158023e-02
9.30000000e-01,1.09754752e-01,8.02895031e-03,7.96160488e-03,8.05829256e-03,5.60103774e-02
9.40000000e-01,1.04092026e-01,7.95055116e-03,7.83486883e-03,7.97552587e-03,5.60284540e-02
9.50000000e-01,1.06588298e-01,7.98610402e-03,7.93554946e-03,8.01743474e-03,5.62304679e-02
9.60000000e-01,1.01032384e-01,7.92168239e-03,7.79770417e-03,7.94230192e-03,5.61508205e-02
9.70000000e-01,1.03230353e-01,7.94085031e-03,7.88344876e-03,7.95456422e-03,5.60870934e-02
9.80000000e-01,9.78760384e-02,7.88333542e-03,7.74609395e-03,7.88186355e-03,5.61382722e-02
9.90000000e-01,1.38256214e-01,9.14891325e-03,9.02277231e-03,9.10341172e-03,1.13100661e-01
1.00000000e+00,1.16611862e-01,8.51385263e-03,8.12374651e-03,8.29292075e-03,5.89031026e-02
