9.973189830780029297e-01,-1.000000000000000000e+00,5.474560260772705078e-01
-7.036243677139282227e-01,-7.314288616180419922e-02,1.000000000000000000e+00
-7.338614463806152344e-01,-3.608869314193725586e-01,1.000000000000000000e+00
-8.986210823059082031e-01,5.150564908981323242e-01,1.000000000000000000e+00
-1.000000000000000000e+00,5.646278858184814453e-01,4.550008773803710938e-01
2.403392791748046875e-01,8.047646284103393555e-01,1.000000000000000000e+00
8.673069477081298828e-01,9.845354557037353516e-01,1.000000000000000000e+00
8.095979690551757812e-03,-1.000000000000000000e+00,-8.601074814796447754e-01
-9.761260151863098145e-01,4.450598955154418945e-01,-1.000000000000000000e+00
-7.986886501312255859e-01,1.000000000000000000e+00,-7.815648913383483887e-01
-5.850567817687988281e-01,-9.796224236488342285e-01,-1.000000000000000000e+00
6.517968177795410156e-01,-1.316993832588195801e-01,-1.000000000000000000e+00
8.733348846435546875e-01,-8.690623044967651367e-01,-1.000000000000000000e+00
5.580059289932250977e-01,-2.446340322494506836e-01,-1.000000000000000000e+00
-1.000000000000000000e+00,7.065916061401367188e-01,-5.385422110557556152e-01
4.067206382751464844e-01,1.000000000000000000e+00,-4.234939813613891602e-02
-1.000000000000000000e+00,2.137141227722167969e-01,4.353249073028564453e-01
-1.000000000000000000e+00,-6.375207901000976562e-01,7.864700555801391602e-01
-4.988757371902465820e-01,-1.000000000000000000e+00,-8.769513964653015137e-01
-1.122695207595825195e-01,5.284711122512817383e-01,-1.000000000000000000e+00
1.425751447677612305e-01,-1.000000000000000000e+00,5.006644725799560547e-01
6.022661924362182617e-01,9.839732646942138672e-01,1.000000000000000000e+00
1.080803871154785156e-01,1.000000000000000000e+00,-1.505787968635559082e-01
4.676899909973144531e-01,1.000000000000000000e+00,7.418873310089111328e-01
1.000000000000000000e+00,9.379189014434814453e-01,5.237370729446411133e-01
1.000000000000000000e+00,2.305133342742919922e-01,-3.633147478103637695e-01
-1.000000000000000000e+00,1.971286535263061523e-01,9.031330347061157227e-01
5.629538297653198242e-01,1.000000000000000000e+00,6.086721420288085938e-01
-2.101017832756042480e-01,1.000000000000000000e+00,4.008847475051879883e-01
1.000000000000000000e+00,7.384693622589111328e-02,7.381749153137207031e-01
-1.000000000000000000e+00,5.880180597305297852e-01,-6.175724267959594727e-01
9.549336433410644531e-01,-1.000000000000000000e+00,2.003335952758789062e-01
1.000000000000000000e+00,-5.223823189735412598e-01,6.532374620437622070e-01
-1.000000000000000000e+00,8.675224781036376953e-01,-1.186669468879699707e-01
-5.011910200119018555e-02,4.136776924133300781e-02,-1.000000000000000000e+00
4.358088970184326172e-02,4.757543802261352539e-01,-1.000000000000000000e+00
-1.261269450187683105e-01,1.000000000000000000e+00,-3.608956336975097656e-01
-3.369127511978149414e-01,4.199743270874023438e-03,-1.000000000000000000e+00
-7.025349140167236328e-01,-1.000000000000000000e+00,9.956995248794555664e-01
2.868318557739257812e-01,8.034893274307250977e-01,1.000000000000000000e+00
2.909845113754272461e-01,1.000000000000000000e+00,-5.110372900962829590e-01
1.000000000000000000e+00,1.777815818786621094e-02,7.748216390609741211e-01
3.858815431594848633e-01,-2.067619562149047852e-01,-1.000000000000000000e+00
-2.556671500205993652e-01,-4.492316246032714844e-01,-1.000000000000000000e+00
-1.000000000000000000e+00,-7.056830525398254395e-01,-5.419344902038574219e-01
9.340832233428955078e-01,-7.833867073059082031e-01,-1.000000000000000000e+00
-8.727781176567077637e-01,-6.052196025848388672e-03,1.000000000000000000e+00
-9.859749078750610352e-01,-1.000000000000000000e+00,5.638961791992187500e-01
1.000000000000000000e+00,3.502312898635864258e-01,9.598759412765502930e-01
-1.000000000000000000e+00,-6.426231861114501953e-01,9.100649356842041016e-01
-2.753864526748657227e-01,-7.403279542922973633e-01,1.000000000000000000e+00
-1.000000000000000000e+00,-3.141729831695556641e-01,6.265728473663330078e-01
-4.778004884719848633e-01,-4.671356678009033203e-01,-1.000000000000000000e+00
-9.096600413322448730e-01,1.000000000000000000e+00,-2.735996842384338379e-01
-1.000000000000000000e+00,6.819275617599487305e-01,2.524279356002807617e-01
-1.000000000000000000e+00,-4.890561103820800781e-02,7.086218595504760742e-01
5.533475875854492188e-01,4.243909120559692383e-01,1.000000000000000000e+00
-8.386201262474060059e-01,1.000000000000000000e+00,1.072388887405395508e-01
4.700922966003417969e-01,1.000000000000000000e+00,-4.509490728378295898e-02
4.973982572555541992e-01,-6.943126916885375977e-01,1.000000000000000000e+00
-3.083454370498657227e-01,-1.000000000000000000e+00,-9.553382992744445801e-01
-1.000000000000000000e+00,-9.181191921234130859e-01,1.643719673156738281e-01
-1.881999373435974121e-01,-2.653557062149047852e-01,1.000000000000000000e+00
4.687283039093017578e-01,-1.000000000000000000e+00,-5.967692136764526367e-01
4.520685672760009766e-01,-5.698060989379882812e-01,-1.000000000000000000e+00
-8.120670914649963379e-01,-1.000000000000000000e+00,1.703157424926757812e-01
6.471763849258422852e-01,2.142635583877563477e-01,1.000000000000000000e+00
1.000000000000000000e+00,9.993634223937988281e-01,8.670088052749633789e-01
-1.000000000000000000e+00,-9.351147413253784180e-01,-2.997960448265075684e-01
7.084447145462036133e-01,-7.501268386840820312e-02,1.000000000000000000e+00
5.532138347625732422e-01,1.000000000000000000e+00,8.961952924728393555e-01
-1.000000000000000000e+00,-3.014208674430847168e-01,-6.014919281005859375e-01
-1.740170717239379883e-01,-1.000000000000000000e+00,8.861541748046875000e-01
-7.177568078041076660e-01,1.000000000000000000e+00,1.319310665130615234e-01
2.312378883361816406e-01,1.000000000000000000e+00,-5.498399734497070312e-01
7.148358821868896484e-01,-1.000000000000000000e+00,-1.581020355224609375e-01
-1.000000000000000000e+00,-1.510067582130432129e-01,5.113917589187622070e-01
-1.000000000000000000e+00,-3.304340839385986328e-01,2.542092800140380859e-01
-1.000000000000000000e+00,5.276108980178833008e-01,8.357306718826293945e-01
6.707131862640380859e-02,-1.000000000000000000e+00,-5.927019119262695312e-01
7.497355937957763672e-01,9.460351467132568359e-01,1.000000000000000000e+00
-4.604290723800659180e-01,-7.351791858673095703e-01,1.000000000000000000e+00
9.558695554733276367e-01,1.000000000000000000e+00,-8.095397949218750000e-01
9.993541240692138672e-02,-1.000000000000000000e+00,2.149688005447387695e-01
5.324420928955078125e-01,1.000000000000000000e+00,-5.178660154342651367e-02
-3.246086239814758301e-01,-5.372281670570373535e-01,-1.000000000000000000e+00
2.178570032119750977e-01,1.170564889907836914e-01,-1.000000000000000000e+00
1.000000000000000000e+00,-6.964795589447021484e-01,-7.981607317924499512e-01
-4.248300790786743164e-01,3.746323585510253906e-01,-1.000000000000000000e+00
8.836622238159179688e-01,-9.018614888191223145e-01,-1.000000000000000000e+00
-3.060265779495239258e-01,1.000000000000000000e+00,3.673579692840576172e-01
2.594602108001708984e-02,1.000000000000000000e+00,-4.913834333419799805e-01
9.249615669250488281e-01,-1.105886697769165039e-01,1.000000000000000000e+00
4.631077051162719727e-01,-9.694828391075134277e-01,-1.000000000000000000e+00
-1.000000000000000000e+00,1.643475294113159180e-01,2.339644432067871094e-01
1.000000000000000000e+00,-4.975422620773315430e-01,-3.890439867973327637e-01
4.377976655960083008e-01,-6.886352300643920898e-01,1.000000000000000000e+00
1.000000000000000000e+00,-8.857220411300659180e-02,-2.806627750396728516e-02
-2.139715552330017090e-01,-1.000000000000000000e+00,-2.062982320785522461e-01
1.000000000000000000e+00,-4.926316142082214355e-01,6.377905607223510742e-01
1.000000000000000000e+00,-9.168763160705566406e-01,7.284182310104370117e-01
1.000000000000000000e+00,1.152461767196655273e-01,-5.953770875930786133e-02
-1.105283498764038086e-01,-9.899911284446716309e-01,-1.000000000000000000e+00
-9.872273206710815430e-01,-1.000000000000000000e+00,8.713881969451904297e-01
-7.996690273284912109e-02,1.000000000000000000e+00,6.181681156158447266e-01
-1.000000000000000000e+00,3.042798042297363281e-01,-8.655320405960083008e-01
8.974339962005615234e-01,2.004525661468505859e-01,1.000000000000000000e+00
7.084587812423706055e-01,5.643851757049560547e-01,-1.000000000000000000e+00
9.302817583084106445e-01,1.000000000000000000e+00,2.846697568893432617e-01
-1.246766448020935059e-01,1.000000000000000000e+00,9.437669515609741211e-01
5.909559726715087891e-01,-1.583689451217651367e-01,-1.000000000000000000e+00
1.000000000000000000e+00,6.109434366226196289e-01,7.333172559738159180e-01
4.828927516937255859e-01,-1.000000000000000000e+00,1.844503879547119141e-01
1.000000000000000000e+00,3.232984542846679688e-01,4.150444269180297852e-01
1.000000000000000000e+00,-2.879851460456848145e-01,-3.392435312271118164e-01
-4.803482294082641602e-01,1.000000000000000000e+00,-1.314178705215454102e-01
6.654465198516845703e-02,1.000000000000000000e+00,-6.982270479202270508e-01
1.000000000000000000e+00,-9.732763767242431641e-01,-1.228629946708679199e-01
1.000000000000000000e+00,4.557888507843017578e-01,6.666419506072998047e-01
-1.000000000000000000e+00,-4.827052950859069824e-01,9.160406589508056641e-01
-4.101338982582092285e-01,1.000000000000000000e+00,8.594110012054443359e-01
-6.678041219711303711e-01,8.044679164886474609e-01,-1.000000000000000000e+00
4.037863016128540039e-01,-3.186300992965698242e-01,1.000000000000000000e+00
1.000000000000000000e+00,9.042656421661376953e-01,8.435354232788085938e-01
-2.626425027847290039e-01,1.000000000000000000e+00,-7.080820798873901367e-01
-5.548671483993530273e-01,5.609856843948364258e-01,1.000000000000000000e+00
4.531260728836059570e-01,-7.661565542221069336e-01,1.000000000000000000e+00
-6.529614925384521484e-01,-1.906013488769531250e-01,1.000000000000000000e+00
1.000000000000000000e+00,-2.081803679466247559e-01,7.078620195388793945e-01
-4.576388597488403320e-01,1.000000000000000000e+00,-5.618346929550170898e-01
5.436226129531860352e-01,1.000000000000000000e+00,-7.935357093811035156e-01
-8.428468108177185059e-01,1.000000000000000000e+00,-3.744873404502868652e-01
-3.886058926582336426e-01,9.971569776535034180e-01,-1.000000000000000000e+00
-7.079973816871643066e-01,-1.000000000000000000e+00,-7.766430974006652832e-01
7.793152332305908203e-01,-1.000000000000000000e+00,-5.942236185073852539e-01
6.935298442840576172e-01,5.773741006851196289e-01,-1.000000000000000000e+00
-8.530443310737609863e-01,-1.000000000000000000e+00,-8.892695307731628418e-01
-7.810481786727905273e-01,-1.000000000000000000e+00,-4.741514325141906738e-01
-2.675692439079284668e-01,-1.000000000000000000e+00,5.582773685455322266e-01
9.992575645446777344e-02,1.000000000000000000e+00,-7.470893859863281250e-02
-6.998382806777954102e-01,-1.000000000000000000e+00,3.746913671493530273e-01
1.000000000000000000e+00,-8.456045985221862793e-01,-5.527793765068054199e-01
8.334016799926757812e-01,-5.194876194000244141e-01,1.000000000000000000e+00
-1.000000000000000000e+00,3.818032741546630859e-01,1.606619358062744141e-01
-1.000000000000000000e+00,5.623397827148437500e-01,6.597059965133666992e-01
1.000000000000000000e+00,-3.846834897994995117e-01,-6.818215847015380859e-01
2.329626083374023438e-01,-2.342455983161926270e-01,-1.000000000000000000e+00
-1.000000000000000000e+00,1.217893362045288086e-01,-3.621176481246948242e-01
1.000000000000000000e+00,1.986658573150634766e-01,9.208481311798095703e-01
-1.000000000000000000e+00,8.809963464736938477e-01,-4.965408444404602051e-01
1.000000000000000000e+00,-8.041430115699768066e-01,7.241171598434448242e-01
-8.488569259643554688e-01,-1.000000000000000000e+00,7.883138656616210938e-01
1.000000000000000000e+00,-8.350390195846557617e-02,-6.776574850082397461e-01
1.000000000000000000e+00,-6.634094715118408203e-01,-3.663081526756286621e-01
1.000000000000000000e+00,-8.342852592468261719e-01,-9.684419631958007812e-01
-1.000000000000000000e+00,7.505133152008056641e-01,1.172046661376953125e-01
-4.761780500411987305e-01,-4.241192936897277832e-01,1.000000000000000000e+00
2.002362012863159180e-01,-1.059459447860717773e-01,1.000000000000000000e+00
1.422158479690551758e-01,1.000000000000000000e+00,-2.780914306640625000e-01
-1.000000000000000000e+00,3.423647880554199219e-01,-6.786972284317016602e-01
-1.000000000000000000e+00,5.364695787429809570e-01,-6.243618726730346680e-01
-5.124083757400512695e-01,-1.000000000000000000e+00,4.853039979934692383e-01
-6.562179327011108398e-02,1.000000000000000000e+00,2.665139436721801758e-01
-6.503903865814208984e-02,1.000000000000000000e+00,4.550302028656005859e-01
-1.000000000000000000e+00,-9.932722449302673340e-01,-7.522940635681152344e-02
9.406806230545043945e-01,1.000000000000000000e+00,-6.813659667968750000e-01
-2.387881278991699219e-01,-1.000000000000000000e+00,-8.934392929077148438e-01
1.000000000000000000e+00,-9.731417894363403320e-01,-5.263344049453735352e-01
8.848862648010253906e-01,-8.075640201568603516e-01,-1.000000000000000000e+00
1.000000000000000000e+00,-3.224976658821105957e-01,-1.702527999877929688e-01
-1.000000000000000000e+00,-7.183473110198974609e-01,6.252980232238769531e-01
9.248065948486328125e-02,-1.000000000000000000e+00,7.900741100311279297e-01
-3.774484992027282715e-01,-1.000000000000000000e+00,-7.604520320892333984e-01
1.000000000000000000e+00,-8.120269179344177246e-01,-4.184685945510864258e-01
6.175396442413330078e-01,-1.000000000000000000e+00,4.574737548828125000e-01
-2.019652724266052246e-01,-4.029850959777832031e-01,1.000000000000000000e+00
-1.000000000000000000e+00,3.495818376541137695e-01,9.565299749374389648e-01
1.000000000000000000e+00,4.535726308822631836e-01,8.563740253448486328e-01
1.353859901428222656e-03,-1.000000000000000000e+00,7.680475711822509766e-02
-1.427939534187316895e-01,2.802243232727050781e-01,-1.000000000000000000e+00
-1.921703219413757324e-01,-8.534020185470581055e-02,1.000000000000000000e+00
3.381307125091552734e-01,-2.784622311592102051e-01,1.000000000000000000e+00
-1.138517260551452637e-01,2.728798389434814453e-01,1.000000000000000000e+00
4.930044412612915039e-01,-5.580092668533325195e-01,1.000000000000000000e+00
-7.007505893707275391e-01,7.229642868041992188e-01,1.000000000000000000e+00
1.421852111816406250e-01,-1.000000000000000000e+00,7.298196554183959961e-01
-1.000000000000000000e+00,7.763959169387817383e-01,-8.533414602279663086e-01
-9.029250741004943848e-01,7.034480571746826172e-02,-1.000000000000000000e+00
2.831043004989624023e-01,-1.000000000000000000e+00,7.348418235778808594e-03
7.052766084671020508e-01,-1.748173236846923828e-01,-1.000000000000000000e+00
1.000000000000000000e+00,-8.220858573913574219e-01,-9.200298190116882324e-01
1.000000000000000000e+00,-9.926329255104064941e-01,8.850812911987304688e-02
-1.000000000000000000e+00,2.218190431594848633e-01,2.735345363616943359e-01
-5.021562576293945312e-01,2.257108688354492188e-03,1.000000000000000000e+00
1.000000000000000000e+00,-3.739176988601684570e-01,5.637844800949096680e-01
1.425511837005615234e-01,-2.935242652893066406e-02,-1.000000000000000000e+00
-3.267268538475036621e-01,-1.000000000000000000e+00,-1.806520223617553711e-01
-1.000000000000000000e+00,-7.962749004364013672e-01,6.512932777404785156e-01
-1.578985452651977539e-01,4.184173345565795898e-01,-1.000000000000000000e+00
-6.456500291824340820e-02,-1.000000000000000000e+00,9.365892410278320312e-02
1.563299894332885742e-01,-8.409681320190429688e-01,-7.676482200622558594e-02
-4.549466967582702637e-01,-5.384542942047119141e-01,2.627041339874267578e-01
8.851671218872070312e-01,-2.894399762153625488e-01,-2.093220353126525879e-01
9.069669246673583984e-01,2.599370479583740234e-01,-6.574933528900146484e-01
7.956287860870361328e-01,3.337707519531250000e-01,6.518149375915527344e-01
-3.510516881942749023e-01,8.939183950424194336e-01,-4.637318849563598633e-02
-9.908053874969482422e-01,-1.995900273323059082e-01,-2.625182867050170898e-01
8.303713798522949219e-01,9.891176223754882812e-01,2.715722322463989258e-01
-9.271331429481506348e-01,7.773694992065429688e-01,6.276011466979980469e-01
-6.059620380401611328e-01,9.825086593627929688e-01,6.647275686264038086e-01
-8.358294963836669922e-01,-8.288957476615905762e-01,-1.982055902481079102e-01
-3.517806529998779297e-03,3.370888233184814453e-01,-1.899795532226562500e-01
-3.720895051956176758e-01,9.091447591781616211e-01,-9.638806581497192383e-01
7.227286100387573242e-01,6.932570934295654297e-01,1.298916339874267578e-01
-2.240008115768432617e-02,9.800598621368408203e-01,-8.711161613464355469e-01
-2.670890092849731445e-02,-7.425775527954101562e-01,-1.746408343315124512e-01
-1.918705105781555176e-01,2.030922174453735352e-01,-7.658746242523193359e-01
-1.744717359542846680e-01,7.532128095626831055e-01,-5.107051730155944824e-01
-6.245578527450561523e-01,-5.346312522888183594e-01,-7.771825790405273438e-01
6.368267536163330078e-01,7.262507677078247070e-01,-9.463725686073303223e-01
-8.959406018257141113e-01,-1.940098404884338379e-01,-3.664508461952209473e-01
-8.471693992614746094e-01,-2.064771056175231934e-01,1.530051231384277344e-01
9.629743099212646484e-01,4.431861639022827148e-01,-5.115816593170166016e-01
1.694304943084716797e-01,-4.467039704322814941e-01,-9.165909886360168457e-01
9.862531423568725586e-01,2.772903442382812500e-02,-8.173350095748901367e-01
9.951143264770507812e-01,-6.483336687088012695e-01,5.703499317169189453e-01
7.193536758422851562e-01,-8.904340267181396484e-01,-7.646719217300415039e-01
3.620910644531250000e-02,-3.243238925933837891e-01,9.291052818298339844e-01
-9.131690263748168945e-01,2.165182828903198242e-01,8.228734731674194336e-01
7.987762689590454102e-01,1.217342615127563477e-01,7.850228548049926758e-01
-1.510620117187500000e-01,6.196663379669189453e-01,-1.904780268669128418e-01
3.811430931091308594e-02,4.988411664962768555e-01,4.783333539962768555e-01
5.298662185668945312e-02,-7.563328742980957031e-01,-6.157730817794799805e-01
9.036852121353149414e-01,-1.454097628593444824e-01,-8.240802884101867676e-01
-4.261671304702758789e-01,3.822317123413085938e-01,-1.814743280410766602e-01
-3.553978800773620605e-01,-7.632215023040771484e-01,5.375374555587768555e-01
-1.320677995681762695e-02,1.791963577270507812e-01,-8.537851572036743164e-01
-9.369489550590515137e-01,2.584992647171020508e-01,5.469632148742675781e-02
6.875728368759155273e-01,-5.498350262641906738e-01,-3.732913732528686523e-02
2.040704488754272461e-01,-6.215698719024658203e-01,-2.323535084724426270e-01
-7.288517951965332031e-01,2.888300418853759766e-01,3.024711608886718750e-01
-9.470206499099731445e-02,-3.635320067405700684e-01,-1.199283003807067871e-01
5.752906799316406250e-01,-4.602754712104797363e-01,4.239439964294433594e-01
1.638144254684448242e-01,-5.329231023788452148e-01,-3.827118873596191406e-01
-7.939997315406799316e-01,9.891134500503540039e-01,9.314435720443725586e-01
5.036118030548095703e-01,-6.861287951469421387e-01,7.243931293487548828e-01
-5.232013463973999023e-01,8.690738677978515625e-02,6.145057678222656250e-01
-9.441219568252563477e-01,3.568830490112304688e-01,6.198287010192871094e-02
-5.893564224243164062e-01,-9.388666152954101562e-01,8.527845144271850586e-01
-6.491102576255798340e-01,2.414023876190185547e-02,2.040871381759643555e-01
4.154706001281738281e-01,9.170489311218261719e-01,3.621090650558471680e-01
4.663525819778442383e-01,-4.926357865333557129e-01,-3.239132761955261230e-01
9.167913198471069336e-01,-7.278418540954589844e-01,4.877645969390869141e-01
2.369419336318969727e-01,5.999537706375122070e-01,-8.199819922447204590e-01
-3.412539362907409668e-01,9.069124460220336914e-01,-4.855066537857055664e-02
-1.419687271118164062e-02,5.541086196899414062e-03,-6.755959987640380859e-01
6.485543251037597656e-01,1.692340373992919922e-01,-2.363118529319763184e-01
5.540813207626342773e-01,-4.927287697792053223e-01,-6.873732209205627441e-01
-8.628481626510620117e-01,1.854754686355590820e-01,7.870693206787109375e-01
-9.804896712303161621e-01,1.678705215454101562e-03,2.333301305770874023e-01
4.860854148864746094e-01,-9.560877680778503418e-01,7.282857894897460938e-01
4.151892662048339844e-01,-3.832430243492126465e-01,7.723900079727172852e-01
9.430646896362304688e-04,9.175152778625488281e-01,6.227176189422607422e-01
7.671018838882446289e-01,8.513952493667602539e-01,-8.763690590858459473e-01
8.983731269836425781e-01,2.221906185150146484e-02,-3.424017429351806641e-01
-5.316329002380371094e-01,4.678760766983032227e-01,1.060115098953247070e-01
-7.506814002990722656e-01,5.764319896697998047e-01,7.025403976440429688e-01
5.908067226409912109e-01,-5.516901016235351562e-01,9.619691371917724609e-01
1.352711915969848633e-01,4.691648483276367188e-02,-4.132843017578125000e-02
-5.450756549835205078e-01,-1.460996270179748535e-01,2.207211256027221680e-01
6.629313230514526367e-01,-4.910254478454589844e-01,1.163327693939208984e-01
-9.364669322967529297e-01,9.785208702087402344e-01,-9.475657343864440918e-01
-5.645398497581481934e-01,-7.015552520751953125e-01,-9.203872084617614746e-01
-1.829231977462768555e-01,1.711691617965698242e-01,6.240937709808349609e-01
-1.177111864089965820e-01,7.291488647460937500e-01,-2.670615911483764648e-02
-5.769644975662231445e-01,-9.066362380981445312e-01,2.131204605102539062e-01
-8.925534486770629883e-01,9.213920831680297852e-01,-7.684662938117980957e-01
8.270379304885864258e-01,5.252172946929931641e-01,-3.917269706726074219e-01
1.429537534713745117e-01,6.896051168441772461e-01,8.745410442352294922e-01
-8.953537940979003906e-01,-3.375656008720397949e-01,7.320662736892700195e-01
3.241571187973022461e-01,4.215159416198730469e-01,3.969517946243286133e-01
-4.989663362503051758e-01,8.627698421478271484e-01,-4.934197664260864258e-02
2.909550666809082031e-01,9.372905492782592773e-01,-2.566708326339721680e-01
5.737341642379760742e-01,-5.088242888450622559e-01,7.151601314544677734e-01
-7.578909397125244141e-02,-6.104920506477355957e-01,5.904825925827026367e-01
-1.903760433197021484e-01,-7.650007605552673340e-01,6.067858934402465820e-01
-9.481202363967895508e-01,-1.441593170166015625e-01,-3.671378493309020996e-01
8.721234798431396484e-01,-6.195698976516723633e-01,-4.746630191802978516e-01
9.453337192535400391e-01,-7.940046191215515137e-01,2.691917419433593750e-01
9.474298954010009766e-01,5.757988691329956055e-01,-5.088602304458618164e-01
6.653192043304443359e-01,-5.530543327331542969e-01,-3.185843229293823242e-01
-8.796271681785583496e-01,-1.579985022544860840e-01,1.504728794097900391e-01
-9.032321572303771973e-01,4.574276208877563477e-01,7.433954477310180664e-01
2.886548042297363281e-01,9.026423692703247070e-01,-4.150400757789611816e-01
6.578322649002075195e-01,1.659586429595947266e-01,3.805614709854125977e-01
8.697963953018188477e-01,7.801405191421508789e-01,-7.435845732688903809e-01
-9.996861219406127930e-02,7.000329494476318359e-01,-1.019405126571655273e-01
5.029218196868896484e-01,5.903965234756469727e-01,2.874822616577148438e-01
4.048936367034912109e-01,-7.902382612228393555e-01,-5.550655126571655273e-01
4.345624446868896484e-01,-9.455895423889160156e-01,9.374699592590332031e-01
-7.264554500579833984e-03,5.669625997543334961e-01,5.963921546936035156e-02
-1.881122589111328125e-02,4.639005661010742188e-02,-8.863387107849121094e-01
7.595922946929931641e-01,-4.871045947074890137e-01,-3.442681431770324707e-01
-1.354806423187255859e-01,5.280140638351440430e-01,1.756252050399780273e-01
-8.509207963943481445e-01,1.277806758880615234e-01,2.987917661666870117e-01
-1.331061720848083496e-01,-1.847106218338012695e-02,4.701846837997436523e-01
-2.443028092384338379e-01,-3.343410491943359375e-01,1.375567913055419922e-02
2.835168838500976562e-01,-7.773274183273315430e-02,-1.012247800827026367e-02
-5.889047384262084961e-01,-8.572965860366821289e-01,-1.184376478195190430e-01
-8.306437730789184570e-01,-8.486753702163696289e-01,-8.637865781784057617e-01
4.613374471664428711e-01,-2.980675697326660156e-01,-7.799411416053771973e-01
6.563143730163574219e-01,-8.166853189468383789e-01,6.597498655319213867e-01
-4.336624145507812500e-01,9.630359411239624023e-01,-6.757087707519531250e-01
6.706856489181518555e-01,2.083526849746704102e-01,3.268886804580688477e-01
-5.186040401458740234e-01,8.962607383728027344e-01,8.646479845046997070e-01
2.105438709259033203e-02,1.718925237655639648e-01,6.273541450500488281e-01
-3.392543196678161621e-01,-7.692454457283020020e-01,-3.313119411468505859e-01
3.075158596038818359e-01,9.007359743118286133e-01,-8.384764194488525391e-03
6.676849126815795898e-01,8.152743577957153320e-01,5.931413173675537109e-01
-4.019017815589904785e-01,-7.301845550537109375e-01,2.067885398864746094e-01
-9.688027501106262207e-01,9.387668371200561523e-01,9.825297594070434570e-01
1.943929195404052734e-01,-4.288247227668762207e-01,4.755769968032836914e-01
-7.399987578392028809e-01,9.218271970748901367e-01,-7.479111552238464355e-01
-4.515512585639953613e-01,8.425421714782714844e-01,-2.679930329322814941e-01
1.768624782562255859e-01,4.364848136901855469e-02,-5.654025077819824219e-02
-5.749977231025695801e-01,-8.412390947341918945e-02,4.072207212448120117e-01
1.104398965835571289e-01,-5.545085072517395020e-01,-6.724622249603271484e-01
-1.260604858398437500e-01,5.005440711975097656e-01,-2.028595805168151855e-01
6.939092874526977539e-01,2.581429481506347656e-01,-2.063083052635192871e-01
-6.089861989021301270e-01,-1.605479717254638672e-01,-4.358548521995544434e-01
2.320238351821899414e-01,4.016602039337158203e-01,1.293342113494873047e-01
5.313624143600463867e-01,3.821470737457275391e-01,9.971824884414672852e-01
2.566304206848144531e-01,-2.396569252014160156e-01,-8.420192003250122070e-01
-4.596585631370544434e-01,-4.726146459579467773e-01,-5.023472309112548828e-01
8.535832166671752930e-01,-6.708095073699951172e-01,2.700233459472656250e-01
-9.560129642486572266e-01,-2.653692960739135742e-01,-4.007684588432312012e-01
3.904216289520263672e-01,-5.171974897384643555e-01,-4.824292659759521484e-02
8.535355329513549805e-01,5.611143112182617188e-01,3.220711946487426758e-01
-3.644137978553771973e-01,6.493996381759643555e-01,9.447884559631347656e-01
-7.297099232673645020e-01,9.687975645065307617e-01,5.336593389511108398e-01
-7.537114620208740234e-01,5.120888948440551758e-01,-5.082836151123046875e-01
7.495259046554565430e-01,6.721478700637817383e-01,-9.599327445030212402e-01
-8.873540163040161133e-01,-6.168860197067260742e-02,-7.023218274116516113e-01
-2.390217781066894531e-01,-5.315840244293212891e-01,-3.719897270202636719e-01
-4.394513368606567383e-01,8.079935312271118164e-01,-7.220035195350646973e-01
6.629000902175903320e-01,-3.694635033607482910e-01,-1.694859266281127930e-01
2.906037569046020508e-01,-7.512404918670654297e-01,1.612572669982910156e-01
-9.392446279525756836e-01,2.187683582305908203e-01,4.722276926040649414e-01
-3.074283003807067871e-01,-1.790414452552795410e-01,2.939378023147583008e-01
-5.430072546005249023e-01,-3.215868473052978516e-01,-3.286064863204956055e-01
-4.966760277748107910e-01,-6.107106208801269531e-01,-5.501103997230529785e-01
7.509949207305908203e-01,-4.036120772361755371e-01,-4.744073748588562012e-01
5.969489812850952148e-01,3.775571584701538086e-01,-2.648365497589111328e-01
-8.709658980369567871e-01,2.404463291168212891e-02,1.152884960174560547e-02
-3.331239819526672363e-01,-7.040525674819946289e-01,-8.471769094467163086e-02
6.443421840667724609e-01,9.311363697052001953e-01,5.760170221328735352e-01
1.816176176071166992e-01,3.049063682556152344e-01,-3.683710098266601562e-02
-6.536132097244262695e-01,3.150435686111450195e-01,5.561556816101074219e-01
-1.285374164581298828e-01,-3.274869918823242188e-01,4.568946361541748047e-01
-3.212696909904479980e-01,8.589640855789184570e-01,1.482093334197998047e-02
4.220045804977416992e-01,-3.870678544044494629e-01,2.607816457748413086e-01
-1.375990509986877441e-01,-6.909785270690917969e-01,5.178632736206054688e-01
9.861633777618408203e-01,-6.312076449394226074e-01,5.148420333862304688e-01
1.419781446456909180e-01,-1.481610536575317383e-01,-4.347033500671386719e-01
-5.710899829864501953e-02,-1.447731852531433105e-01,2.437145709991455078e-01
3.360909223556518555e-01,-8.946614265441894531e-01,9.384503364562988281e-01
6.053246259689331055e-01,-2.424098253250122070e-01,-9.168847203254699707e-01
4.539004564285278320e-01,8.235067129135131836e-01,-5.119750499725341797e-01
2.621052265167236328e-01,8.070762157440185547e-01,2.895047664642333984e-01
8.306562900543212891e-01,-7.648069858551025391e-01,-1.533141732215881348e-01
-1.539162993431091309e-01,1.048589944839477539e-01,-9.036915898323059082e-01
3.630461692810058594e-01,-6.179200410842895508e-01,-1.328647732734680176e-01
2.760348320007324219e-01,3.095846176147460938e-01,-5.796140432357788086e-02
-1.558398604393005371e-01,9.064755439758300781e-01,-2.510757446289062500e-01
8.203233480453491211e-01,8.032715320587158203e-01,-8.388869762420654297e-01
-4.856807589530944824e-01,-2.816170454025268555e-02,6.476895809173583984e-01
3.176277875900268555e-01,-7.548497319221496582e-01,-3.832084536552429199e-01
-6.132854223251342773e-01,-3.634015321731567383e-01,-9.057302474975585938e-01
-7.549124956130981445e-01,7.683705091476440430e-01,-8.442455530166625977e-02
7.718014717102050781e-02,-2.076547145843505859e-01,2.510944604873657227e-01
3.044315576553344727e-01,-7.175115346908569336e-01,6.811817884445190430e-01
7.401602268218994141e-01,-3.492578864097595215e-01,-6.804352998733520508e-01
6.152495145797729492e-01,-2.175444960594177246e-01,-7.446236610412597656e-01
-9.573313593864440918e-01,-6.031371355056762695e-01,3.353321552276611328e-01
6.458228826522827148e-01,1.227053403854370117e-01,8.195151090621948242e-01
-1.697465777397155762e-01,7.681488990783691406e-03,-7.037765383720397949e-01
-5.717021226882934570e-02,-1.667380332946777344e-01,4.161217212677001953e-01
-2.082709074020385742e-01,-7.174378633499145508e-02,-1.837563514709472656e-02
-6.152862310409545898e-01,5.139528512954711914e-01,-5.928871631622314453e-01
-7.395702600479125977e-01,-7.634985446929931641e-01,5.976138114929199219e-01
7.456860542297363281e-01,-6.876724958419799805e-01,-4.906035661697387695e-01
9.270633459091186523e-01,8.173050880432128906e-01,-4.406799077987670898e-01
9.588326215744018555e-01,5.902073383331298828e-01,4.846867322921752930e-01
-8.975083231925964355e-01,8.412642478942871094e-01,5.295290946960449219e-01
6.157135963439941406e-02,-7.528724074363708496e-01,8.021142482757568359e-01
-8.815526962280273438e-04,7.099409103393554688e-01,3.165079355239868164e-01
7.592252492904663086e-01,9.536129236221313477e-01,-3.328367471694946289e-01
-1.222770214080810547e-01,1.577446460723876953e-01,-4.121661186218261719e-01
7.919772863388061523e-01,5.423142910003662109e-01,-7.807936072349548340e-01
5.814241170883178711e-01,5.435954332351684570e-01,3.604745864868164062e-01
3.474149703979492188e-01,-2.647287249565124512e-01,-2.901703119277954102e-02
-2.520787715911865234e-02,1.258131265640258789e-01,-2.002760171890258789e-01
8.628478050231933594e-01,4.827356338500976562e-01,-8.525567650794982910e-01
-7.912924289703369141e-01,-1.761745810508728027e-01,-1.443654298782348633e-02
7.135214805603027344e-01,-1.228737831115722656e-01,1.108119487762451172e-01
-8.366075158119201660e-01,8.998194932937622070e-01,-5.396580100059509277e-01
8.815039396286010742e-01,-9.367877840995788574e-01,-1.727195978164672852e-01
-4.803113937377929688e-01,7.463350296020507812e-01,1.432467699050903320e-01
4.428558349609375000e-01,9.568369388580322266e-01,-1.662405729293823242e-01
-3.528981804847717285e-01,5.612014532089233398e-01,1.076352596282958984e-02
-7.286725044250488281e-01,-9.537604451179504395e-01,-8.663474321365356445e-01
8.572521209716796875e-01,-3.805843591690063477e-01,-2.971678376197814941e-01
1.477307081222534180e-01,5.557223558425903320e-01,6.658954620361328125e-01
2.923728227615356445e-01,2.119592428207397461e-01,-4.295434951782226562e-01
8.407046794891357422e-01,-9.776152372360229492e-01,-1.671921610832214355e-01
9.123641252517700195e-01,-2.997059226036071777e-01,6.529768705368041992e-01
-3.627426624298095703e-01,2.758529186248779297e-01,4.573901891708374023e-01
3.313703536987304688e-01,-2.824213504791259766e-01,-6.421793103218078613e-01
-9.882383346557617188e-01,9.490395784378051758e-01,-7.229231595993041992e-01
4.255377054214477539e-01,-9.159378409385681152e-01,3.761485815048217773e-01
-2.779815196990966797e-01,4.760713577270507812e-01,-8.893700242042541504e-01
-1.937917470932006836e-01,9.591808319091796875e-01,2.087161540985107422e-01
3.429522514343261719e-01,3.038188219070434570e-01,9.286429882049560547e-01
6.347831487655639648e-01,-7.354795932769775391e-01,-7.959424257278442383e-01
-9.340510964393615723e-01,-1.967076659202575684e-01,-3.834371566772460938e-01
-8.173089623451232910e-01,-2.836017608642578125e-01,-9.914172887802124023e-01
7.016856670379638672e-01,2.136948108673095703e-01,-8.501045107841491699e-01
9.026236534118652344e-01,6.148644685745239258e-01,-9.379394650459289551e-01
-1.622814536094665527e-01,3.781628608703613281e-01,7.039550542831420898e-01
3.748222589492797852e-01,-6.068102121353149414e-01,-5.362688302993774414e-01
8.983812332153320312e-01,1.492166519165039062e-01,-5.212227106094360352e-01
5.275191068649291992e-01,9.783751964569091797e-01,-9.103481769561767578e-01
5.750517845153808594e-01,4.332619905471801758e-01,-6.115935444831848145e-01
5.529975891113281250e-02,6.234301328659057617e-01,-7.841438055038452148e-01
-8.470712900161743164e-01,-8.394185900688171387e-01,3.718656301498413086e-01
-5.541739463806152344e-01,-3.236108422279357910e-01,-6.002027988433837891e-01
-4.067254066467285156e-01,3.844445943832397461e-01,-6.997758150100708008e-01
-8.801228404045104980e-01,2.506405115127563477e-01,-6.686908006668090820e-02
6.109063625335693359e-01,4.481315612792968750e-03,5.954585075378417969e-01
-8.862285017967224121e-01,-9.973685741424560547e-01,5.599752664566040039e-01
6.071518659591674805e-01,4.445452690124511719e-01,-6.236261129379272461e-01
-6.707536578178405762e-01,2.253878116607666016e-01,9.743351936340332031e-01
8.031744956970214844e-01,3.060449361801147461e-01,-6.439262628555297852e-01
-3.663059473037719727e-01,6.381140947341918945e-01,5.063693523406982422e-01
5.771163702011108398e-01,1.644810438156127930e-01,-3.770748972892761230e-01
4.117832183837890625e-01,-4.334264397621154785e-01,3.925328254699707031e-01
9.644802808761596680e-01,5.037243366241455078e-01,1.978113651275634766e-01
8.731328248977661133e-01,-7.790288925170898438e-01,9.558637142181396484e-01
-2.519124746322631836e-01,-5.446127057075500488e-01,9.937798976898193359e-01
5.317100286483764648e-01,4.303944110870361328e-01,9.333906173706054688e-01
5.970835685729980469e-01,-7.030721902847290039e-01,-8.758849501609802246e-01
8.349465131759643555e-01,-2.502737641334533691e-01,-5.243235826492309570e-01
-1.399010419845581055e-02,-4.185413122177124023e-01,8.304952383041381836e-01
1.349956989288330078e-01,-8.761229515075683594e-01,1.130843162536621094e-02
-7.365289926528930664e-01,6.503270864486694336e-01,5.221277475357055664e-01
4.010993242263793945e-01,-2.600737214088439941e-01,2.866113185882568359e-02
1.089918613433837891e-02,3.551301956176757812e-01,-1.422041654586791992e-01
-1.641591787338256836e-01,7.849853038787841797e-01,3.599059581756591797e-01
-3.990200757980346680e-01,7.620291709899902344e-01,4.800666570663452148e-01
-1.406435370445251465e-01,-1.434007287025451660e-01,-7.799158096313476562e-01
-4.130185246467590332e-01,4.125462770462036133e-01,3.177440166473388672e-01
9.146037101745605469e-01,3.512393236160278320e-01,8.865553140640258789e-01
2.050024271011352539e-01,-9.760651588439941406e-01,-9.122441411018371582e-01
3.705917596817016602e-01,2.146873474121093750e-01,9.570400714874267578e-01
-2.427432537078857422e-01,2.049672603607177734e-01,-9.457051753997802734e-03
4.834934473037719727e-01,-3.156906962394714355e-01,9.676047563552856445e-01
-9.325807690620422363e-01,-3.661090135574340820e-01,3.753975629806518555e-01
-6.525571346282958984e-01,6.831535100936889648e-01,-6.648291349411010742e-01
-6.184713840484619141e-01,5.169439315795898438e-02,7.929528951644897461e-01
2.753591537475585938e-01,-3.856941461563110352e-01,9.595462083816528320e-01
9.921363592147827148e-01,-5.441023707389831543e-01,-7.135047912597656250e-01
-8.980912566184997559e-01,-9.100837111473083496e-01,-9.611182808876037598e-01
-2.387593388557434082e-01,-3.841544985771179199e-01,-8.560424447059631348e-01
5.791103839874267578e-02,3.851222991943359375e-01,-3.596636056900024414e-01
-7.686356306076049805e-01,-9.582180976867675781e-01,4.126127958297729492e-01
-7.177455425262451172e-01,-8.183120489120483398e-01,1.511108875274658203e-02
-6.951562166213989258e-01,6.660522222518920898e-01,-1.525613069534301758e-01
-3.995851874351501465e-01,5.230712890625000000e-02,9.153563976287841797e-01
-1.203250885009765625e-01,4.485237598419189453e-02,3.551079034805297852e-01
8.557345867156982422e-01,-9.119974970817565918e-01,-9.119682908058166504e-01
4.806696176528930664e-01,6.860936880111694336e-01,1.986783742904663086e-01
-7.539569139480590820e-01,-8.934270143508911133e-01,-3.946532607078552246e-01
-7.395976781845092773e-02,-2.941383719444274902e-01,5.366473197937011719e-01
7.267510890960693359e-02,9.672802686691284180e-01,8.050215244293212891e-02
-4.643305540084838867e-01,7.176020145416259766e-01,9.537086486816406250e-01
-7.191736698150634766e-01,-8.004277944564819336e-02,-8.875640034675598145e-01
6.100893020629882812e-03,-1.565676927566528320e-02,-9.231917262077331543e-01
-8.891708254814147949e-01,7.301491498947143555e-01,9.226344823837280273e-01
-4.394251108169555664e-02,2.698625326156616211e-01,3.842027187347412109e-01
6.151956319808959961e-01,-7.125110626220703125e-01,3.606408834457397461e-01
8.413517475128173828e-01,3.299344778060913086e-01,-2.992712855339050293e-01
4.241485595703125000e-01,-4.562910795211791992e-01,7.105703353881835938e-01
-4.681895375251770020e-01,-6.518930196762084961e-01,-4.183716773986816406e-01
-8.841686844825744629e-01,-6.678736209869384766e-02,-8.719830513000488281e-01
-8.042948246002197266e-01,3.806922435760498047e-01,6.160407066345214844e-01
-8.896491527557373047e-01,8.356854915618896484e-01,6.289539337158203125e-01
4.727245569229125977e-01,3.140587806701660156e-01,6.469231843948364258e-01
-7.336609959602355957e-01,5.725104808807373047e-01,-8.972399830818176270e-01
2.839581966400146484e-01,5.181870460510253906e-01,-3.727523088455200195e-01
8.464235067367553711e-01,4.369739294052124023e-01,-6.779356598854064941e-01
3.752377033233642578e-01,-2.812271714210510254e-01,9.458541870117187500e-03
9.524363279342651367e-01,-3.990224599838256836e-01,-2.096303701400756836e-01
-5.689193606376647949e-01,-2.403327226638793945e-01,-8.792006969451904297e-02
-5.561634302139282227e-01,-7.281176447868347168e-01,-6.243714094161987305e-01
-5.386579036712646484e-02,-8.954852223396301270e-01,9.646557569503784180e-01
-8.388713002204895020e-01,1.039028167724609375e-02,-2.746586799621582031e-01
6.220959424972534180e-01,-6.611890792846679688e-01,-6.323643922805786133e-01
1.399865150451660156e-01,-4.059237837791442871e-01,1.715463399887084961e-01
5.330870151519775391e-01,-2.210944890975952148e-02,3.317102193832397461e-01
7.889121770858764648e-01,-4.129424691200256348e-01,-9.338545799255371094e-02
3.906455039978027344e-01,3.252387046813964844e-03,-4.447340965270996094e-01
9.954376220703125000e-01,-2.166383862495422363e-01,6.640955209732055664e-01
-5.340178012847900391e-01,-6.027730107307434082e-01,-8.155831694602966309e-01
6.408790349960327148e-01,1.881206035614013672e-02,1.843749284744262695e-01
-4.845519661903381348e-01,6.820691823959350586e-01,-2.279716730117797852e-01
-9.498101472854614258e-01,-5.321143865585327148e-01,-7.829595804214477539e-01
-8.508719205856323242e-01,-2.259494066238403320e-01,-9.728410243988037109e-01
-4.317134618759155273e-02,2.816028594970703125e-01,4.282371997833251953e-01
7.754226922988891602e-01,-4.626574516296386719e-01,6.165957450866699219e-01
-7.203701734542846680e-01,3.148198127746582031e-01,-7.421754598617553711e-01
-3.682490587234497070e-01,9.805262088775634766e-02,-2.016318440437316895e-01
2.712464332580566406e-02,8.745348453521728516e-01,-1.600594520568847656e-01
3.969177007675170898e-01,9.059710502624511719e-01,-9.276854395866394043e-01
-2.051351070404052734e-01,2.362741231918334961e-01,7.574894428253173828e-01
7.966490983963012695e-01,-4.703149795532226562e-01,5.859956741333007812e-01
2.511436939239501953e-01,-5.557110309600830078e-01,2.385575771331787109e-01
3.272927999496459961e-01,4.374520778656005859e-01,-5.942612886428833008e-01
5.912997722625732422e-01,-4.590616226196289062e-01,-7.309874296188354492e-01
8.897550106048583984e-01,4.694157838821411133e-01,-5.472016334533691406e-01
6.583592891693115234e-01,7.320371866226196289e-01,7.205165624618530273e-01
6.631195545196533203e-02,1.216310262680053711e-01,-1.343494057655334473e-01
5.705415010452270508e-01,-8.687278628349304199e-01,9.219816923141479492e-01
-8.571535348892211914e-02,-8.801482319831848145e-01,8.015806674957275391e-01
4.356589317321777344e-01,3.449180126190185547e-01,8.873866796493530273e-01
-6.173206567764282227e-01,2.944767475128173828e-01,-9.302380084991455078e-01
-6.734791994094848633e-01,6.801522970199584961e-01,5.627621412277221680e-01
4.165941476821899414e-01,4.432287216186523438e-01,-9.381485581398010254e-01
5.918705463409423828e-01,3.596374988555908203e-01,-4.929800033569335938e-01
5.486309528350830078e-02,-9.723043441772460938e-01,4.363315105438232422e-01
-6.422111988067626953e-01,6.739177703857421875e-01,-6.812118291854858398e-01
2.111955881118774414e-01,-8.155976533889770508e-01,-6.503029465675354004e-01
-3.291113376617431641e-01,8.090889453887939453e-01,-2.914842367172241211e-01
-2.801214456558227539e-01,-7.750127315521240234e-01,6.710102558135986328e-01
-1.256886720657348633e-01,4.120991230010986328e-01,2.476584911346435547e-02
-1.721549034118652344e-01,6.767861843109130859e-01,7.381310462951660156e-01
5.772659778594970703e-01,6.241918802261352539e-01,-5.712260007858276367e-01
4.260063171386718750e-03,-6.577381491661071777e-01,-9.047580957412719727e-01
6.900016069412231445e-01,-3.715080618858337402e-01,-4.041650295257568359e-01
-2.601509094238281250e-01,6.029176712036132812e-01,-1.989277601242065430e-01
-4.411709904670715332e-01,-4.763406515121459961e-02,4.988365173339843750e-01
-1.866865754127502441e-01,6.406903266906738281e-02,5.249537229537963867e-01
-6.747944355010986328e-01,8.628103733062744141e-01,1.881477832794189453e-01
3.906234502792358398e-01,-2.512103319168090820e-02,4.357658624649047852e-01
6.257032155990600586e-01,8.103473186492919922e-01,-1.042319536209106445e-01
-2.412924170494079590e-01,5.776437520980834961e-01,-1.156769394874572754e-01
-8.147099614143371582e-01,-9.957609772682189941e-01,4.552011489868164062e-01
-7.870793342590332031e-03,5.914076566696166992e-01,8.853393793106079102e-01
7.365275621414184570e-01,5.030283927917480469e-01,-8.599227666854858398e-01
6.116582155227661133e-01,8.709760904312133789e-01,-4.559124112129211426e-01
2.435021400451660156e-01,6.106662750244140625e-02,-3.408818840980529785e-01
-4.690337181091308594e-01,-4.606156349182128906e-01,-9.601992368698120117e-02
-5.501549243927001953e-01,-7.880659699440002441e-01,1.417158842086791992e-01
7.023996114730834961e-01,1.996390819549560547e-01,1.317260265350341797e-01
7.964482307434082031e-01,-6.108271479606628418e-01,8.235871791839599609e-02
1.723963022232055664e-01,-3.771960735321044922e-02,-3.256524205207824707e-01
-6.572037935256958008e-01,4.819017648696899414e-01,-7.956128120422363281e-01
8.571212291717529297e-01,-5.818903446197509766e-02,9.967269897460937500e-01
-9.251483678817749023e-01,-5.100423097610473633e-01,4.410673379898071289e-01
-4.033086299896240234e-01,4.835100173950195312e-01,1.278376579284667969e-01
-4.043548107147216797e-01,2.920210361480712891e-01,-3.240915536880493164e-01
-2.773816585540771484e-01,9.509561061859130859e-01,6.004896163940429688e-01
-8.389350175857543945e-01,-7.068693637847900391e-03,8.909468650817871094e-01
-1.462973356246948242e-01,7.322406768798828125e-02,1.040763854980468750e-01
-1.416659355163574219e-02,-4.043225646018981934e-01,-5.545389652252197266e-01
-7.203618288040161133e-01,-6.157596111297607422e-01,7.642159461975097656e-01
-4.874006509780883789e-01,5.096278190612792969e-01,-1.955783963203430176e-01
4.328411817550659180e-01,9.986319541931152344e-01,3.660743236541748047e-01
-5.428261756896972656e-01,9.257578849792480469e-01,-9.463530182838439941e-01
-8.525825738906860352e-01,-4.344204068183898926e-01,9.604526758193969727e-01
-1.667788028717041016e-01,-8.960634469985961914e-02,-8.391746282577514648e-01
-8.423857092857360840e-01,9.512761831283569336e-01,-2.183822393417358398e-01
-8.919904232025146484e-01,-1.933417916297912598e-01,9.597194194793701172e-01
-4.857694506645202637e-01,3.703870773315429688e-01,8.133405447006225586e-01
-8.568930625915527344e-02,-6.580568552017211914e-01,-3.378198146820068359e-01
-6.448060274124145508e-02,2.648297548294067383e-01,2.639200687408447266e-01
2.317811250686645508e-01,7.399088144302368164e-01,1.826977729797363281e-01
2.053526639938354492e-01,-4.308305382728576660e-01,-9.552599787712097168e-01
9.352382421493530273e-01,-2.413524985313415527e-01,-3.748741149902343750e-01
9.430170059204101562e-02,-7.024364471435546875e-01,5.381212234497070312e-01
3.384251594543457031e-01,-4.044826626777648926e-01,2.623394727706909180e-01
3.303892612457275391e-01,-4.614931941032409668e-01,4.841654300689697266e-01
-3.417593836784362793e-01,-7.958710193634033203e-03,5.942077636718750000e-01
-6.019172668457031250e-01,7.972714900970458984e-01,8.741645812988281250e-01
4.706190824508666992e-01,4.833151102066040039e-01,-2.536590099334716797e-01
5.496996641159057617e-01,2.070035934448242188e-01,8.624821901321411133e-01
5.704689025878906250e-02,-6.240428090095520020e-01,4.174586534500122070e-01
6.618781089782714844e-01,-2.620574235916137695e-01,-9.725009799003601074e-01
6.484652757644653320e-01,7.463729381561279297e-02,3.017902374267578125e-01
1.400551795959472656e-01,9.992754459381103516e-01,7.931536436080932617e-01
-3.166245222091674805e-01,5.455352067947387695e-01,1.642240285873413086e-01
-7.017489671707153320e-01,8.264780044555664062e-02,-7.343116402626037598e-01
9.129076004028320312e-01,-6.520987153053283691e-01,5.006891489028930664e-01
9.866430759429931641e-01,1.766570806503295898e-01,-1.289868354797363281e-02
-1.921290159225463867e-02,-4.009439945220947266e-01,7.055405378341674805e-01
-1.030259132385253906e-01,-3.709275722503662109e-01,-2.454090714454650879e-01
2.560455799102783203e-01,2.627012729644775391e-01,-8.249026536941528320e-02
8.476401567459106445e-01,5.703485012054443359e-01,1.335470676422119141e-01
-7.467371225357055664e-01,5.126461982727050781e-01,4.639643430709838867e-01
8.803536891937255859e-01,7.727179527282714844e-01,2.101302146911621094e-02
-3.146638870239257812e-01,4.348670244216918945e-01,-3.160157799720764160e-01
9.929168224334716797e-01,-1.384363770484924316e-01,-7.987564802169799805e-01
1.285320520401000977e-01,5.835864543914794922e-01,5.852284431457519531e-01
-2.011908888816833496e-01,3.096481561660766602e-01,-4.176259040832519531e-02
-3.612920641899108887e-01,4.292051792144775391e-01,8.575766086578369141e-01
5.848459005355834961e-01,-1.994806528091430664e-02,-2.121780514717102051e-01
-3.432518243789672852e-02,-1.802450418472290039e-01,-8.763065934181213379e-01
4.762645959854125977e-01,-9.345788359642028809e-01,-3.732403516769409180e-01
2.576413154602050781e-01,-8.541169166564941406e-01,-4.568979740142822266e-01
-9.363337755203247070e-01,-8.687154650688171387e-01,1.259928941726684570e-01
2.113258838653564453e-02,-9.598103165626525879e-01,-5.616407990455627441e-01
9.394385814666748047e-01,-5.992054939270019531e-03,-6.692542433738708496e-01
-6.213324069976806641e-01,3.582111597061157227e-01,5.656695365905761719e-02
2.306492328643798828e-01,-9.916724562644958496e-01,7.946920394897460938e-01
5.999848842620849609e-01,5.454212427139282227e-01,-4.095725417137145996e-01
-9.692825675010681152e-01,7.032918930053710938e-02,-3.253254890441894531e-01
-8.470510840415954590e-01,2.525062561035156250e-01,-3.228187561035156250e-04
8.673772811889648438e-01,9.412442445755004883e-01,2.737776041030883789e-01
-2.913262248039245605e-01,3.722108602523803711e-01,7.103551626205444336e-01
1.002824306488037109e-01,-4.702804088592529297e-01,-9.359939694404602051e-01
-3.298466801643371582e-01,1.208341121673583984e-01,6.712276935577392578e-01
9.544689655303955078e-01,-4.725543260574340820e-01,-8.695160150527954102e-01
9.875460863113403320e-01,4.243543148040771484e-01,-1.699959635734558105e-01
-7.807914614677429199e-01,-8.575339317321777344e-01,-7.084130048751831055e-01
-5.434138774871826172e-01,-7.932479381561279297e-01,3.207548856735229492e-01
8.641092777252197266e-01,-2.980691194534301758e-01,9.878629446029663086e-01
-2.983767390251159668e-01,-4.857010245323181152e-01,-2.421827912330627441e-01
-9.676468372344970703e-02,-7.208610773086547852e-01,-9.922627210617065430e-01
-5.365300178527832031e-01,-4.601168036460876465e-01,8.494400978088378906e-02
-5.405646562576293945e-01,1.406967639923095703e-02,3.506366014480590820e-01
-7.184942364692687988e-01,4.504203796386718750e-03,1.055711507797241211e-01
1.474814414978027344e-01,-6.683313250541687012e-01,-9.148874282836914062e-01
1.812766790390014648e-01,9.282503128051757812e-01,-2.001012563705444336e-01
2.819240093231201172e-01,-3.353075385093688965e-01,9.185549020767211914e-01
6.829146146774291992e-01,8.625063896179199219e-01,6.376041173934936523e-01
-2.353276014328002930e-01,-5.966209173202514648e-01,-9.831753373146057129e-01
3.805102109909057617e-01,1.725411415100097656e-02,1.514321565628051758e-01
1.206517219543457031e-02,-3.029453158378601074e-01,2.734032869338989258e-01
6.407687664031982422e-01,9.878703355789184570e-01,-6.755914688110351562e-01
6.075993776321411133e-01,-9.159570336341857910e-01,-3.344106674194335938e-02
-1.601861119270324707e-01,9.771997928619384766e-01,2.053325176239013672e-01
1.484136581420898438e-01,-4.319889545440673828e-01,-9.286307692527770996e-01
-2.850900292396545410e-01,9.426753520965576172e-01,-4.801301360130310059e-01
-4.365854263305664062e-01,-9.556536078453063965e-01,-4.219605922698974609e-01
-8.461887240409851074e-01,-6.449656486511230469e-01,9.675056934356689453e-01
-3.915345668792724609e-01,7.147796154022216797e-01,4.142819643020629883e-01
9.585138559341430664e-01,-9.471200704574584961e-01,1.349277496337890625e-01
-4.694867134094238281e-02,-3.272974491119384766e-02,4.638657569885253906e-01
-1.538686156272888184e-01,-6.853141188621520996e-01,-9.335837960243225098e-01
-4.665197134017944336e-01,-5.877853631973266602e-01,2.744793891906738281e-03
-4.788041114807128906e-01,-1.599765419960021973e-01,9.394394159317016602e-01
2.842853069305419922e-01,7.583391666412353516e-01,7.947365045547485352e-01
9.450843334197998047e-01,-4.219215512275695801e-01,8.842467069625854492e-01
-8.947483897209167480e-01,1.115105152130126953e-01,4.277793169021606445e-01
7.790699005126953125e-01,9.891773462295532227e-01,-3.729432225227355957e-01
-4.938528537750244141e-01,-7.672923803329467773e-01,4.404442310333251953e-01
-6.756845712661743164e-01,-8.880850672721862793e-01,-1.570537090301513672e-01
3.549251556396484375e-01,8.626409769058227539e-01,3.188095092773437500e-01
-6.344553232192993164e-01,-6.461989879608154297e-01,2.309342622756958008e-01
-5.714397430419921875e-01,2.165424823760986328e-01,-7.396264076232910156e-01
-8.663361072540283203e-01,-1.466462612152099609e-01,-8.941084146499633789e-01
-9.086617231369018555e-01,5.564188957214355469e-01,-8.074338436126708984e-01
-4.563689827919006348e-01,6.577181816101074219e-01,-9.507982730865478516e-01
9.035053253173828125e-01,6.038582324981689453e-02,-4.521850347518920898e-01
-4.572129845619201660e-01,7.208188772201538086e-01,-6.860275268554687500e-01
4.365563392639160156e-02,-2.180330157279968262e-01,9.540158510208129883e-01
9.398331642150878906e-01,5.815120935440063477e-01,-7.945426702499389648e-01
-1.731575727462768555e-01,-8.185726404190063477e-01,-5.206461548805236816e-01
6.832504272460937500e-01,4.917979240417480469e-02,3.810669183731079102e-01
-3.641747832298278809e-01,9.661438465118408203e-01,2.798172235488891602e-01
5.410052537918090820e-01,-1.549742817878723145e-01,5.492697954177856445e-01
-1.220089197158813477e-02,-9.120657444000244141e-01,-6.625806093215942383e-01
-6.753262281417846680e-01,-6.898919343948364258e-01,-3.115510344505310059e-01
5.727156400680541992e-01,4.412950277328491211e-01,4.167077541351318359e-01
3.902624845504760742e-01,-6.786644458770751953e-01,6.518770456314086914e-01
9.970222711563110352e-01,-9.801397919654846191e-01,-9.726920127868652344e-01
-7.736173868179321289e-01,-9.720064997673034668e-01,-8.242868185043334961e-01
-9.136575460433959961e-01,7.173278331756591797e-01,4.909991025924682617e-01
-4.765043258666992188e-01,9.541136026382446289e-01,-3.259405493736267090e-01
4.076383113861083984e-01,1.996304988861083984e-01,-1.323047280311584473e-01
-5.015853643417358398e-01,-2.090006470680236816e-01,7.869079113006591797e-01
-5.268045663833618164e-01,-6.996716856956481934e-01,-2.718923091888427734e-01
-2.950575947761535645e-01,4.025007486343383789e-01,8.969198465347290039e-01
-3.698765635490417480e-01,2.725076675415039062e-01,-5.001874566078186035e-01
3.392162322998046875e-01,-8.338603973388671875e-01,-7.334334254264831543e-01
-2.644634246826171875e-01,9.366500377655029297e-02,3.442077636718750000e-01
-1.437880396842956543e-01,-4.463552236557006836e-01,-5.097516179084777832e-01
-8.316564559936523438e-02,6.018217802047729492e-01,4.012367725372314453e-01
-1.334114074707031250e-01,2.020680904388427734e-01,-2.468948364257812500e-01
-1.122821569442749023e-01,3.931493759155273438e-01,7.210755348205566406e-02
-2.465461492538452148e-01,7.320823669433593750e-01,-4.793744683265686035e-01
4.394035339355468750e-01,8.214088678359985352e-01,-8.471083045005798340e-01
-1.777656674385070801e-01,-7.011310458183288574e-01,-2.424490451812744141e-01
-1.561380624771118164e-01,1.537595987319946289e-01,-1.564263701438903809e-01
4.006086587905883789e-01,4.293678998947143555e-01,4.057625532150268555e-01
-6.775337457656860352e-02,-9.774137735366821289e-01,-1.580047011375427246e-01
1.119152307510375977e-01,8.540533781051635742e-01,4.453094005584716797e-01
-4.509524106979370117e-01,6.851036548614501953e-01,1.932923793792724609e-01
-2.127839326858520508e-01,-9.934883117675781250e-01,-9.742376208305358887e-01
5.594711303710937500e-01,-3.652921319007873535e-01,6.553757190704345703e-02
-2.746924757957458496e-01,-4.997568130493164062e-01,-2.779034972190856934e-01
-5.475877523422241211e-01,-5.795245170593261719e-01,1.410847902297973633e-01
-6.661119461059570312e-01,3.755409717559814453e-01,8.484871387481689453e-01
-8.334680199623107910e-01,-6.999836564064025879e-01,-1.900152564048767090e-01
-4.031556248664855957e-01,9.468384981155395508e-01,2.731198072433471680e-01
-6.569676399230957031e-01,2.630949020385742188e-01,2.959918975830078125e-01
-2.507544159889221191e-01,-1.046863794326782227e-01,8.542150259017944336e-01
5.834531784057617188e-01,-3.413887023925781250e-01,4.329564571380615234e-01
1.814882755279541016e-01,-5.077856779098510742e-01,5.927190780639648438e-01
-9.594490528106689453e-01,-5.969545245170593262e-01,4.932904243469238281e-01
7.135881185531616211e-01,-2.526398897171020508e-01,-1.774340271949768066e-01
-3.613315820693969727e-01,-8.680965304374694824e-01,-7.507960200309753418e-01
5.922460556030273438e-01,-3.127360343933105469e-02,-3.230482339859008789e-02
-5.640394687652587891e-01,-1.120561957359313965e-01,5.001020431518554688e-01
4.622039794921875000e-01,5.095261335372924805e-01,-2.356712222099304199e-01
1.300915479660034180e-01,-9.105672836303710938e-01,9.283200502395629883e-01
-6.287178993225097656e-01,3.140734434127807617e-01,-2.040291428565979004e-01
7.134565114974975586e-01,6.423306465148925781e-01,-7.600249052047729492e-01
-7.924274802207946777e-01,5.280420780181884766e-01,6.093684434890747070e-01
-7.136363983154296875e-01,6.667981147766113281e-01,-4.526318311691284180e-01
-2.948098778724670410e-01,-7.161987423896789551e-01,-5.999076366424560547e-02
7.632685899734497070e-01,6.909976005554199219e-01,2.526197433471679688e-01
-9.062545299530029297e-01,4.274854660034179688e-01,-3.236103653907775879e-01
-6.493015289306640625e-01,-3.780987262725830078e-01,-2.748316526412963867e-01
-2.581730484962463379e-01,-4.894601106643676758e-01,-4.008867740631103516e-01
7.270075082778930664e-01,-6.584442257881164551e-01,-9.612230658531188965e-01
9.031841754913330078e-01,-2.886913418769836426e-01,2.416456937789916992e-01
-4.752348661422729492e-01,3.949813842773437500e-01,-8.867981433868408203e-01
-9.569013118743896484e-02,8.976325988769531250e-01,-2.397904992103576660e-01
-3.017729520797729492e-02,-2.081561684608459473e-01,-8.380398154258728027e-01
-3.512776494026184082e-01,2.052165269851684570e-01,-8.616582155227661133e-01
-8.645143508911132812e-01,4.262077808380126953e-01,-8.697885870933532715e-01
1.844505071640014648e-01,2.291940450668334961e-01,2.418844699859619141e-01
9.555977582931518555e-01,-3.666454553604125977e-02,9.300397634506225586e-01
-8.547437787055969238e-01,5.694335699081420898e-01,2.487878799438476562e-01
8.127033710479736328e-02,7.390499114990234375e-03,5.703669786453247070e-01
6.305004358291625977e-01,7.081755399703979492e-01,-4.270849227905273438e-01
1.066440343856811523e-01,2.008757591247558594e-01,-2.292135953903198242e-01
1.030719280242919922e-02,7.355732917785644531e-01,-8.818904757499694824e-01
2.555674314498901367e-01,2.087814807891845703e-01,-9.897756576538085938e-02
-1.180439591407775879e-01,4.472405910491943359e-01,-2.125316858291625977e-02
-8.734448552131652832e-01,8.837996721267700195e-01,-9.358028769493103027e-01
-3.707131147384643555e-01,8.693736791610717773e-01,4.815061092376708984e-01
5.555727481842041016e-01,-7.998060584068298340e-01,-6.581248044967651367e-01
-9.025485515594482422e-01,5.883561372756958008e-01,-3.630353808403015137e-01
8.140586614608764648e-01,8.225384950637817383e-01,8.124855756759643555e-01
-9.658579826354980469e-01,-6.801660060882568359e-01,-2.823655605316162109e-01
-8.243660926818847656e-01,-2.394495606422424316e-01,9.109561443328857422e-01
-5.003352761268615723e-01,4.680413007736206055e-01,3.600928783416748047e-01
-2.163268327713012695e-01,1.775363683700561523e-01,-5.825686454772949219e-01
-6.839239597320556641e-01,6.851792335510253906e-02,9.060914516448974609e-01
7.743531465530395508e-01,4.567333459854125977e-01,-2.521200180053710938e-01
-6.072766780853271484e-01,-8.938929438591003418e-01,2.232867479324340820e-01
7.846523523330688477e-01,4.437818527221679688e-01,-3.955749869346618652e-01
3.882933855056762695e-01,5.346903800964355469e-01,-2.139487862586975098e-01
7.298648357391357422e-01,-9.593396186828613281e-01,9.604424238204956055e-01
9.816601276397705078e-01,-5.628119707107543945e-01,1.683783531188964844e-02
4.635257720947265625e-01,7.106059789657592773e-01,-9.624160528182983398e-01
-4.047380089759826660e-01,6.180187463760375977e-01,-4.986922740936279297e-01
-8.504758477210998535e-01,5.438115596771240234e-01,-5.291998386383056641e-02
-5.137579441070556641e-01,1.763238906860351562e-01,9.437937736511230469e-01
-8.977675437927246094e-02,-6.540454626083374023e-01,-7.753366231918334961e-01
-5.786338448524475098e-01,-9.990887045860290527e-01,-9.602114558219909668e-01
-3.848004937171936035e-01,-9.531914591789245605e-01,1.217646598815917969e-01
-8.647348880767822266e-01,-8.484639525413513184e-01,3.537473678588867188e-01
3.763573169708251953e-01,6.746584177017211914e-01,-3.354161381721496582e-01
5.592739582061767578e-01,2.749876976013183594e-01,-8.361029624938964844e-02
-4.755812287330627441e-01,-9.342539310455322266e-01,-1.534888148307800293e-01
-2.878983020782470703e-01,3.741692304611206055e-01,6.411255598068237305e-01
8.223729133605957031e-01,4.481191635131835938e-01,-6.487060785293579102e-01
-7.990598678588867188e-01,-5.699822902679443359e-01,5.566929578781127930e-01
6.574078798294067383e-01,-1.394492387771606445e-01,-2.554337978363037109e-01
-6.779332756996154785e-01,9.955170154571533203e-01,-8.273795247077941895e-01
8.454982042312622070e-01,-9.333261847496032715e-01,4.623818397521972656e-02
-1.577503681182861328e-01,-2.586783766746520996e-01,-3.918023705482482910e-01
8.473658561706542969e-02,-1.654571294784545898e-01,2.462809085845947266e-01
-9.254100322723388672e-01,-9.867378473281860352e-01,-3.313342332839965820e-01
-8.816045522689819336e-01,6.806054115295410156e-01,7.587748765945434570e-01
-9.269064664840698242e-01,-1.227282881736755371e-01,-1.937927007675170898e-01
1.639192104339599609e-01,7.266055345535278320e-01,-7.003363370895385742e-01
-8.704910278320312500e-01,-4.317643642425537109e-01,7.140535116195678711e-01
-6.045050024986267090e-01,-7.897487282752990723e-01,-6.121666431427001953e-01
9.152356386184692383e-01,-1.650679111480712891e-01,-7.943976521492004395e-01
-5.242742300033569336e-01,2.355980873107910156e-01,-9.903049468994140625e-01
-6.315613389015197754e-01,-1.352099776268005371e-01,2.296935319900512695e-01
5.405323505401611328e-01,-5.941569805145263672e-02,-5.791534185409545898e-01
-3.502158522605895996e-01,4.747900962829589844e-01,1.964912414550781250e-01
-1.784664392471313477e-01,-7.713170051574707031e-01,9.150791168212890625e-01
8.208378553390502930e-01,9.235463142395019531e-01,5.475733280181884766e-01
-2.991252541542053223e-01,7.634222507476806641e-01,8.943679332733154297e-01
-6.829649209976196289e-02,4.818937778472900391e-01,-6.308555006980895996e-01
7.453796863555908203e-01,7.076907157897949219e-01,1.001238822937011719e-03
-2.031557559967041016e-01,7.329145669937133789e-01,7.292270660400390625e-03
-9.314717054367065430e-01,3.255184888839721680e-01,1.740074157714843750e-01
-2.313056588172912598e-01,-9.243551492691040039e-01,1.130189895629882812e-01
-8.719825744628906250e-02,-2.508105039596557617e-01,-2.828257083892822266e-01
-4.324585795402526855e-01,-5.072224140167236328e-02,-2.422581911087036133e-01
-9.816235899925231934e-01,-6.319525241851806641e-01,1.312576532363891602e-01
7.624304294586181641e-01,9.306657314300537109e-02,-1.061038970947265625e-01
-3.609500527381896973e-01,-5.979124903678894043e-01,-4.108084440231323242e-01
9.899810552597045898e-01,7.003827095031738281e-01,-6.013585329055786133e-01
-7.391389012336730957e-01,9.203046560287475586e-01,-4.346625804901123047e-01
-2.070752978324890137e-01,-4.545269608497619629e-01,8.342782258987426758e-01
-3.571663498878479004e-01,6.268477439880371094e-01,7.084828615188598633e-01
-8.312312364578247070e-01,-5.833786725997924805e-02,5.945540666580200195e-01
8.488638401031494141e-01,-9.128860235214233398e-01,1.374064683914184570e-01
-2.434574961662292480e-01,-1.062188148498535156e-01,2.541261911392211914e-01
-9.738385677337646484e-01,1.900483369827270508e-01,-8.526310324668884277e-01
2.883410453796386719e-02,5.856907367706298828e-01,-3.275754451751708984e-01
7.343314886093139648e-01,2.552273273468017578e-01,-4.702150821685791016e-03
-8.828878402709960938e-02,5.907435417175292969e-01,-9.576972126960754395e-01
-4.655484557151794434e-01,5.253970623016357422e-01,-1.568667292594909668e-01
9.306944608688354492e-01,7.908917665481567383e-01,-8.024220466613769531e-01
2.633006572723388672e-01,-2.443177103996276855e-01,-1.282651424407958984e-01
7.330913543701171875e-01,-7.524144053459167480e-01,-9.062789678573608398e-01
-3.668572306632995605e-01,2.004027366638183594e-02,-2.131065130233764648e-01
3.037703037261962891e-02,3.244922161102294922e-01,4.847347736358642578e-01
-4.394222497940063477e-01,-3.151494860649108887e-01,4.595819711685180664e-01
-2.839146256446838379e-01,-7.887423038482666016e-03,-6.199103593826293945e-01
9.652698040008544922e-01,1.865696907043457031e-01,-6.204754114151000977e-01
8.271574974060058594e-02,-9.451925754547119141e-01,9.458438158035278320e-01
-5.754321813583374023e-01,-9.666389226913452148e-01,-7.237916588783264160e-01
4.478907585144042969e-01,-9.995119571685791016e-01,-2.508619427680969238e-01
-8.701457977294921875e-01,5.445715188980102539e-01,1.197918653488159180e-01
-3.067169189453125000e-01,6.728246212005615234e-01,-5.532333850860595703e-01
-8.116657733917236328e-01,-2.519168853759765625e-01,8.018332719802856445e-01
-5.767695903778076172e-01,-6.020121574401855469e-01,-7.325851917266845703e-02
-8.920148015022277832e-01,4.173811674118041992e-01,-1.893856525421142578e-01
5.179474353790283203e-01,8.573925495147705078e-01,1.434084177017211914e-01
-9.386979341506958008e-01,5.539199113845825195e-01,4.782173633575439453e-01
9.684659242630004883e-01,-4.230155944824218750e-01,-6.967677474021911621e-01
6.813476085662841797e-01,8.779357671737670898e-01,1.082943677902221680e-01
2.802367210388183594e-01,-5.066277980804443359e-01,1.815804243087768555e-01
-6.446158289909362793e-01,-9.464712142944335938e-01,-8.466051220893859863e-01
-5.264058113098144531e-01,-9.048119783401489258e-01,2.093321084976196289e-01
9.037244319915771484e-01,-7.816066145896911621e-01,9.887584447860717773e-01
-8.274273872375488281e-01,8.449004888534545898e-01,-6.734893321990966797e-01
7.188810110092163086e-01,1.970465183258056641e-01,7.004605531692504883e-01
9.826004505157470703e-01,6.865199804306030273e-01,-6.692160964012145996e-01
-6.827613115310668945e-01,3.879873752593994141e-01,-2.395600080490112305e-01
-4.631822109222412109e-01,-8.221303820610046387e-01,5.677490234375000000e-01
6.759810447692871094e-02,-2.028042078018188477e-01,-9.876616001129150391e-01
-7.764341831207275391e-01,4.761480093002319336e-01,-2.435364723205566406e-01
1.920168399810791016e-01,6.621713638305664062e-01,2.602512836456298828e-01
-7.585920095443725586e-01,-2.957270741462707520e-01,-2.133257985115051270e-01
-3.247807025909423828e-01,-3.234015703201293945e-01,8.465489149093627930e-01
2.325665950775146484e-02,7.045727968215942383e-01,3.669991493225097656e-01
-1.967188119888305664e-01,4.508150815963745117e-01,7.967853546142578125e-01
2.389580011367797852e-01,4.341610670089721680e-01,4.673388004302978516e-01
2.048623561859130859e-02,-8.466435074806213379e-01,3.301311731338500977e-01
3.541254997253417969e-02,1.024962663650512695e-01,-8.996837735176086426e-01
-3.397364020347595215e-01,3.785083293914794922e-01,3.923494815826416016e-01
-4.623562097549438477e-02,-1.017636060714721680e-02,-5.772848725318908691e-01
-8.470516800880432129e-01,-6.220128536224365234e-01,3.944067955017089844e-01
8.651562929153442383e-01,3.391412496566772461e-01,-1.903114318847656250e-01
5.893577337265014648e-01,5.478581190109252930e-01,9.741079807281494141e-02
4.944579601287841797e-01,6.274516582489013672e-01,6.058728694915771484e-01
-6.732171773910522461e-01,7.714852094650268555e-01,-8.367195129394531250e-01
7.612782716751098633e-01,6.994445323944091797e-01,-1.391341686248779297e-01
-7.027232646942138672e-01,2.851790189743041992e-01,5.887746810913085938e-03
-9.819233417510986328e-02,-7.845958471298217773e-01,-8.954324126243591309e-01
2.494925260543823242e-01,-5.944949388504028320e-01,8.084628582000732422e-01
2.212828397750854492e-01,-6.887854337692260742e-01,-4.776757955551147461e-02
-9.583086371421813965e-01,5.674625635147094727e-01,-4.755997061729431152e-01
-6.983139514923095703e-01,7.814441919326782227e-01,-6.864035129547119141e-02
-4.850469827651977539e-01,-1.372005939483642578e-01,-9.175324440002441406e-01
4.291074275970458984e-01,-7.201407551765441895e-01,6.810851097106933594e-01
1.400215625762939453e-01,-8.923031687736511230e-01,-9.140161275863647461e-01
-9.594581127166748047e-01,3.117156028747558594e-01,-3.807086348533630371e-01
-6.253516674041748047e-02,-6.979447603225708008e-01,-8.028062582015991211e-01
-9.032929539680480957e-01,4.596301317214965820e-01,1.625170707702636719e-01
6.619697809219360352e-01,-1.843217015266418457e-01,1.227712631225585938e-02
1.766571998596191406e-01,4.113482236862182617e-01,6.753354072570800781e-01
-6.448596715927124023e-02,3.702257871627807617e-01,-8.700054883956909180e-01
-8.015798926353454590e-01,-9.656314253807067871e-01,6.067243814468383789e-01
2.985289096832275391e-01,7.738522291183471680e-01,9.288638830184936523e-01
-4.393285512924194336e-02,2.042845487594604492e-01,-9.316549301147460938e-01
-9.907205104827880859e-01,9.398140907287597656e-01,-9.619145393371582031e-01
9.840930700302124023e-01,9.882875680923461914e-01,-6.382360458374023438e-01
-8.558121919631958008e-01,7.145361900329589844e-01,1.682503223419189453e-01
6.199574470520019531e-02,5.197014808654785156e-01,-8.526671528816223145e-01
7.146983146667480469e-01,5.737429857254028320e-01,-2.499806284904479980e-01
8.414423465728759766e-02,3.870856761932373047e-01,7.746407985687255859e-01
9.970188140869140625e-03,7.022773027420043945e-01,-2.926993370056152344e-02
-6.190329790115356445e-02,9.877411127090454102e-01,-1.885527372360229492e-02
4.627398252487182617e-01,7.541370391845703125e-01,1.757740974426269531e-02
-6.556528806686401367e-02,1.390212774276733398e-01,3.111048936843872070e-01
-5.641685724258422852e-01,3.831288814544677734e-01,3.804147243499755859e-01
-1.769602298736572266e-01,-7.795640826225280762e-01,-3.561223149299621582e-01
2.550541162490844727e-01,3.050800561904907227e-01,6.848686933517456055e-01
-7.732871174812316895e-01,-9.574729204177856445e-02,-4.291485548019409180e-01
6.330572366714477539e-01,3.217900991439819336e-01,-1.763743162155151367e-01
-6.965398788452148438e-02,-1.001811623573303223e-01,-4.258419871330261230e-01
-4.034810662269592285e-01,7.616138458251953125e-01,-9.839723706245422363e-01
3.779470920562744141e-01,-2.278957366943359375e-01,5.964912176132202148e-01
-7.757287025451660156e-01,6.439827680587768555e-01,6.718058586120605469e-01
7.980052232742309570e-01,5.240972042083740234e-01,7.126605510711669922e-01
-5.185525417327880859e-01,-5.802259445190429688e-01,9.397174119949340820e-01
-2.609394788742065430e-01,-4.943243265151977539e-01,-9.488585591316223145e-01
2.479295730590820312e-01,2.429499626159667969e-01,-5.437065362930297852e-01
9.820116758346557617e-01,4.685394763946533203e-01,5.821015834808349609e-01
-3.216665983200073242e-01,5.714154243469238281e-02,3.596142530441284180e-01
-7.107645273208618164e-01,5.120099782943725586e-01,1.268606185913085938e-01
-6.013854742050170898e-01,-4.729597568511962891e-01,-2.532430887222290039e-01
-6.414479017257690430e-01,8.426517248153686523e-01,-6.520708799362182617e-01
-7.387862205505371094e-01,7.293932437896728516e-01,2.763056755065917969e-01
9.144234657287597656e-01,-5.251760482788085938e-01,9.817372560501098633e-01
-2.894436717033386230e-01,-9.977931976318359375e-01,2.318022251129150391e-01
-9.414856433868408203e-01,8.255372047424316406e-01,2.200607061386108398e-01
-9.643765687942504883e-01,-8.543654680252075195e-01,2.303910255432128906e-02
-1.399160623550415039e-01,6.958075761795043945e-01,-6.861686706542968750e-03
-2.773374915122985840e-01,2.599289417266845703e-01,-6.038789749145507812e-01
2.825993299484252930e-01,1.410373449325561523e-01,-5.502557754516601562e-02
-5.503169298171997070e-01,9.625824689865112305e-01,9.543635845184326172e-01
3.686760663986206055e-01,6.365404129028320312e-01,8.747411966323852539e-01
-7.699235677719116211e-01,-4.833430647850036621e-01,8.036900758743286133e-01
-4.416173100471496582e-01,-3.519793748855590820e-01,-6.055277585983276367e-01
6.782569885253906250e-01,-9.163869619369506836e-01,-3.279445767402648926e-01
-1.289179921150207520e-01,3.280261754989624023e-01,6.919398307800292969e-01
-5.441365242004394531e-01,5.701175928115844727e-01,6.501134634017944336e-01
6.546304225921630859e-01,-1.634840369224548340e-01,8.963888883590698242e-01
2.108757495880126953e-01,7.755776643753051758e-01,1.912384033203125000e-01
-4.562823772430419922e-01,-6.897878646850585938e-01,6.375946998596191406e-01
-6.692240834236145020e-01,-1.020677089691162109e-01,3.091506958007812500e-01
9.897754192352294922e-01,-4.304208159446716309e-01,-7.922947406768798828e-02
2.970237731933593750e-01,-9.789909124374389648e-01,9.579012393951416016e-01
-5.799227952957153320e-01,4.093288183212280273e-01,-8.281731009483337402e-01
-1.676027178764343262e-01,-9.315420985221862793e-01,-8.192660808563232422e-01
9.846603870391845703e-01,-1.818146109580993652e-01,6.909440755844116211e-01
-9.597740769386291504e-01,6.170821189880371094e-02,-3.181407451629638672e-01
2.598223686218261719e-01,-9.263163805007934570e-02,-2.113866806030273438e-02
5.396711826324462891e-02,-7.571461200714111328e-01,-8.585247993469238281e-01
5.376079082489013672e-01,1.568775177001953125e-01,3.753317594528198242e-01
2.191934585571289062e-01,-5.412691831588745117e-02,-8.427717685699462891e-01
-9.003732204437255859e-01,-2.128287553787231445e-01,4.842525720596313477e-01
-5.953347682952880859e-02,8.383095264434814453e-02,-6.805977821350097656e-01
-2.139009833335876465e-01,1.681056022644042969e-01,4.094041585922241211e-01
1.728253364562988281e-01,-3.565585017204284668e-01,-7.214337587356567383e-01
9.963667392730712891e-01,4.370510578155517578e-02,9.485229253768920898e-01
5.352385044097900391e-01,-2.987453341484069824e-01,2.633458375930786133e-01
-4.054276347160339355e-01,8.566120862960815430e-01,-4.120364189147949219e-01
-6.987129449844360352e-01,8.869423866271972656e-01,2.478189468383789062e-01
7.517633438110351562e-01,-5.808826684951782227e-01,2.708350419998168945e-01
6.276208162307739258e-01,-5.573370456695556641e-01,1.264899969100952148e-01
-2.079412341117858887e-01,-4.069751501083374023e-01,-6.508893966674804688e-01
-9.092572927474975586e-01,6.268265247344970703e-01,-2.483114600181579590e-01
-6.279520988464355469e-01,-3.573483824729919434e-01,7.350815534591674805e-01
-4.276064634323120117e-01,1.840740442276000977e-01,-3.261289596557617188e-01
7.576346397399902344e-03,-4.802033305168151855e-01,-8.662862181663513184e-01
-3.068193793296813965e-01,-7.923858761787414551e-01,-6.815612316131591797e-01
-8.709383010864257812e-02,8.483062982559204102e-01,1.725001335144042969e-01
9.409908056259155273e-01,-6.163303852081298828e-01,2.402421236038208008e-01
4.796038866043090820e-01,2.846587896347045898e-01,1.281023025512695312e-01
-1.859730482101440430e-01,5.704247951507568359e-02,-6.436288356781005859e-01
5.770714282989501953e-01,-6.019641757011413574e-01,2.798782587051391602e-01
-1.067306995391845703e-01,6.658217906951904297e-01,-5.016920566558837891e-01
4.975640773773193359e-02,-9.366465806961059570e-01,-4.217062592506408691e-01
-7.000892162322998047e-01,3.704872131347656250e-01,3.753421306610107422e-01
1.635442972183227539e-01,-4.883356094360351562e-01,2.622628211975097656e-02
5.169426202774047852e-01,-1.530989408493041992e-01,1.956439018249511719e-01
-5.487961769104003906e-01,2.018707990646362305e-01,-3.519319891929626465e-01
-2.491986155509948730e-01,3.223050832748413086e-01,6.533133983612060547e-02
-6.769436597824096680e-01,9.940494298934936523e-01,-2.715669274330139160e-01
-2.009230852127075195e-01,-2.067048549652099609e-01,-5.646581649780273438e-01
5.911140441894531250e-01,4.094018936157226562e-01,4.807890653610229492e-01
-6.129329204559326172e-01,2.419803142547607422e-01,-9.737620949745178223e-01
-9.215983748435974121e-01,-6.062990427017211914e-01,-8.716418743133544922e-01
9.221134185791015625e-01,3.436214923858642578e-01,4.501411914825439453e-01
6.447377204895019531e-01,8.245285749435424805e-01,-1.627211570739746094e-01
5.501351356506347656e-01,6.865378618240356445e-01,8.588585853576660156e-01
-6.308091878890991211e-01,-1.948382258415222168e-01,-8.230264186859130859e-01
-6.506243944168090820e-01,-6.714639663696289062e-01,6.439980268478393555e-01
7.150689363479614258e-01,4.963175058364868164e-01,-6.526305675506591797e-01
-9.417818784713745117e-01,6.144499778747558594e-02,5.255579948425292969e-01
-1.331003308296203613e-01,-4.825963377952575684e-01,7.114480733871459961e-01
8.172297477722167969e-02,2.539285421371459961e-01,9.462754726409912109e-01
8.664697408676147461e-01,4.795111417770385742e-01,-7.224810123443603516e-02
3.511660099029541016e-01,7.894628047943115234e-01,3.376702070236206055e-01
-2.878249287605285645e-01,-9.224566817283630371e-01,8.172311782836914062e-01
-7.263977527618408203e-01,-1.290177106857299805e-01,-3.649040460586547852e-01
-9.936313629150390625e-01,4.194412231445312500e-01,2.847688198089599609e-01
3.482629060745239258e-01,9.108321666717529297e-01,-3.214781880378723145e-01
1.451059579849243164e-01,6.567800045013427734e-01,5.294380187988281250e-01
-2.132111787796020508e-02,-6.470705270767211914e-01,-9.361211061477661133e-01
4.718183279037475586e-01,-3.585382103919982910e-01,7.186007499694824219e-01
-4.276216030120849609e-03,-7.865925431251525879e-01,3.996542692184448242e-01
3.568773269653320312e-01,5.615230798721313477e-01,6.379854679107666016e-02
5.829265117645263672e-01,2.134826183319091797e-01,-2.715169787406921387e-01
4.400527477264404297e-01,-5.063197016716003418e-01,6.791591644287109375e-01
-7.124802470207214355e-01,-5.845773220062255859e-01,3.823584318161010742e-01
4.761729240417480469e-01,-9.567269682884216309e-01,-7.760516405105590820e-01
