0.00000000e+00,0.00000000e+00,1.64019773e-03,1.89606678e-03,1.71092752e-03,1.49754463e-03
1.00000000e-02,9.22127455e-01,9.25278729e-03,1.03162729e-02,1.06833036e-02,4.27152358e-02
2.00000000e-02,1.14734135e+00,1.56629296e-02,1.66596927e-02,1.67837837e-02,4.61662291e-02
3.00000000e-02,1.00272245e+00,1.50301797e-02,1.58805010e-02,1.60030776e-02,5.83673924e-02
4.00000000e-02,1.10417708e+00,1.61508272e-02,1.66216712e-02,1.70877269e-02,6.32675983e-02
5.00000000e-02,1.06856667e+00,1.67782627e-02,1.66825069e-02,1.66770420e-02,7.42168769e-02
6.00000000e-02,1.08364679e+00,1.61245963e-02,1.61372188e-02,1.60054890e-02,8.12016815e-02
7.00000000e-02,1.06480480e+00,1.53181628e-02,1.60496492e-02,1.55044616e-02,8.96196611e-02
8.00000000e-02,1.09979336e+00,1.49854727e-02,1.58462374e-02,1.51029927e-02,9.60478909e-02
9.00000000e-02,1.08699679e+00,1.48710515e-02,1.60001931e-02,1.49595533e-02,1.04257964e-01
1.00000000e-01,1.13090936e+00,1.48495328e-02,1.61781820e-02,1.49109959e-02,1.11461097e-01
1.10000000e-01,1.12196589e+00,1.48924949e-02,1.60879545e-02,1.47985179e-02,1.17694534e-01
1.20000000e-01,1.16377897e+00,1.49909180e-02,1.63736935e-02,1.48555790e-02,1.26419295e-01
1.30000000e-01,1.15287311e+00,1.50807992e-02,1.63728531e-02,1.50017915e-02,1.31226026e-01
1.40000000e-01,1.19188985e+00,1.52913212e-02,1.68292413e-02,1.51717871e-02,1.37488111e-01
1.50000000e-01,1.18120099e+00,1.55301037e-02,1.69442120e-02,1.54329691e-02,1.41806718e-01
1.60000000e-01,1.21989017e+00,1.57251718e-02,1.75013642e-02,1.56436460e-02,1.49110505e-01
1.70000000e-01,1.20589179e+00,1.61305890e-02,1.75597042e-02,1.58576705e-02,1.52869290e-01
1.80000000e-01,1.23631951e+00,1.63854048e-02,1.79859565e-02,1.61094433e-02,1.58570243e-01
1.90000000e-01,1.22763250e+00,1.68520711e-02,1.81995795e-02,1.64181929e-02,1.62301078e-01
2.00000000e-01,1.25676273e+00,1.72771205e-02,1.87413121e-02,1.67919389e-02,1.67759341e-01
2.10000000e-01,1.24747635e+00,1.78162687e-02,1.90119410e-02,1.70706502e-02,1.70350024e-01
2.20000000e-01,1.32924123e+00,2.09689501e-02,2.20071428e-02,1.99305166e-02,2.19155449e-01
2.30000000e-01,1.31317754e+00,2.00329668e-02,2.12004195e-02,1.89627179e-02,1.72179901e-01
2.40000000e-01,1.27292749e+00,1.99114431e-02,2.09643622e-02,1.85967640e-02,1.75101171e-01
2.50000000e-01,1.25375342e+00,2.00612430e-02,2.11339928e-02,1.88456861e-02,1.77243406e-01
2.60000000e-01,1.27439506e+00,2.02625168e-02,2.12951418e-02,1.90687742e-02,1.83226889e-01
2.70000000e-01,1.26159303e+00,2.06485573e-02,2.16253603e-02,1.91819753e-02,1.84172679e-01
2.80000000e-01,1.26985538e+00,2.10645799e-02,2.21304936e-02,1.94741744e-02,1.88541433e-01
2.90000000e-01,1.26693131e+00,2.14309452e-02,2.25597296e-02,1.99170438e-02,1.90618922e-01
3.00000000e-01,1.28200536e+00,2.19190340e-02,2.30286872e-02,2.02932826e-02,1.95097366e-01
3.10000000e-01,1.27740847e+00,2.22475430e-02,2.33688418e-02,2.08428307e-02,1.96065336e-01
3.20000000e-01,1.28530903e+00,2.26280544e-02,2.39243694e-02,2.12627831e-02,1.99535955e-01
3.30000000e-01,1.28267649e+00,2.30641987e-02,2.43526941e-02,2.17186293e-02,2.01918504e-01
3.40000000e-01,1.29286158e+00,2.35552717e-02,2.50326434e-02,2.21998986e-02,2.04935965e-01
3.50000000e-01,1.28951097e+00,2.39840757e-02,2.53099820e-02,2.27214472e-02,2.05602886e-01
3.60000000e-01,1.29634918e+00,2.44606277e-02,2.60104511e-02,2.31498001e-02,2.08401838e-01
3.70000000e-01,1.29817085e+00,2.49353038e-02,2.63629550e-02,2.37339871e-02,2.10384259e-01
3.80000000e-01,1.30590554e+00,2.55576137e-02,2.69010471e-02,2.40819998e-02,2.12688078e-01
3.90000000e-01,1.30857679e+00,2.60496307e-02,2.73660524e-02,2.47879127e-02,2.13904062e-01
4.00000000e-01,1.32169222e+00,2.66246052e-02,2.79473355e-02,2.51521656e-02,2.16248886e-01
4.10000000e-01,1.31834363e+00,2.72410942e-02,2.84785198e-02,2.56839566e-02,2.17959473e-01
4.20000000e-01,1.33001711e+00,2.77659871e-02,2.89490260e-02,2.61172563e-02,2.19845115e-01
4.30000000e-01,1.32869791e+00,2.83984045e-02,2.94769103e-02,2.66486837e-02,2.21539223e-01
4.40000000e-01,1.34061095e+00,2.89988935e-02,3.00970998e-02,2.72092199e-02,2.23566754e-01
4.50000000e-01,1.34334255e+00,2.96464149e-02,3.05837741e-02,2.77022175e-02,2.25678687e-01
4.60000000e-01,1.35522833e+00,3.01683709e-02,3.09388192e-02,2.81898623e-02,2.27499306e-01
4.70000000e-01,1.35536337e+00,3.09596507e-02,3.15344471e-02,2.87497167e-02,2.29488085e-01
4.80000000e-01,1.36793845e+00,3.13974256e-02,3.20220284e-02,2.91713811e-02,2.31391342e-01
4.90000000e-01,1.35183913e+00,3.16440517e-02,3.17362972e-02,2.91605556e-02,2.25935362e-01
5.00000000e-01,1.34898071e+00,3.17838946e-02,3.19628514e-02,2.92139120e-02,2.24910204e-01
5.10000000e-01,1.32814535e+00,3.24929079e-02,3.24478652e-02,2.95478823e-02,2.31197575e-01
5.20000000e-01,1.34881874e+00,3.28995090e-02,3.26572768e-02,2.97538819e-02,2.30730140e-01
5.30000000e-01,1.34445871e+00,3.35590445e-02,3.32927944e-02,3.03638374e-02,2.34871505e-01
5.40000000e-01,1.35816047e+00,3.39434737e-02,3.37786520e-02,3.08469934e-02,2.36086699e-01
5.50000000e-01,1.35839942e+00,3.45600085e-02,3.43144886e-02,3.15451968e-02,2.38724677e-01
5.60000000e-01,1.37711781e+00,3.49719830e-02,3.46230773e-02,3.19836065e-02,2.39009601e-01
5.70000000e-01,1.37616155e+00,3.56876325e-02,3.53833476e-02,3.27685706e-02,2.41795263e-01
5.80000000e-01,1.39495782e+00,3.60637413e-02,3.59833857e-02,3.33508331e-02,2.42393784e-01
5.90000000e-01,1.39713874e+00,3.67309371e-02,3.65455367e-02,3.39622034e-02,2.44990948e-01
6.00000000e-01,1.40887511e+00,3.71960431e-02,3.71221408e-02,3.46319253e-02,2.45936625e-01
6.10000000e-01,1.41559957e+00,3.77681637e-02,3.75379123e-02,3.51646036e-02,2.48468980e-01
6.20000000e-01,1.42670374e+00,3.81625004e-02,3.81289002e-02,3.57677821e-02,2.48947658e-01
6.30000000e-01,1.43096149e+00,3.87172902e-02,3.85612002e-02,3.64888171e-02,2.51227993e-01
6.40000000e-01,1.44341539e+00,3.91284171e-02,3.91596276e-02,3.69957512e-02,2.52242434e-01
6.50000000e-01,1.45094723e+00,3.97633016e-02,3.93984061e-02,3.74883574e-02,2.53707768e-01
6.60000000e-01,1.46025995e+00,4.02063040e-02,4.00949102e-02,3.80032828e-02,2.54554529e-01
6.70000000e-01,1.47050439e+00,4.08021959e-02,4.05047288e-02,3.85644175e-02,2.56335771e-01
6.80000000e-01,1.47839147e+00,4.12331510e-02,4.11656672e-02,3.91151153e-02,2.57430229e-01
6.90000000e-01,1.48945942e+00,4.17644765e-02,4.14061708e-02,3.96497836e-02,2.58122125e-01
7.00000000e-01,1.49583772e+00,4.22759067e-02,4.18657541e-02,4.01079189e-02,2.59579042e-01
7.10000000e-01,1.51034346e+00,4.28250551e-02,4.22195874e-02,4.05726442e-02,2.61365199e-01
7.20000000e-01,1.52099742e+00,4.32275321e-02,4.27689254e-02,4.10591057e-02,2.62096553e-01
7.30000000e-01,1.53577334e+00,4.37655818e-02,4.30672059e-02,4.15606031e-02,2.64573197e-01
7.40000000e-01,1.54769979e+00,4.41401877e-02,4.35364839e-02,4.20284485e-02,2.65971096e-01
7.50000000e-01,1.56068263e+00,4.45877267e-02,4.36425639e-02,4.24202798e-02,2.68002000e-01
7.60000000e-01,1.57196770e+00,4.48910752e-02,4.41757031e-02,4.29434193e-02,2.69398992e-01
7.70000000e-01,1.58590513e+00,4.54333121e-02,4.44196314e-02,4.33344275e-02,2.71566601e-01
7.80000000e-01,1.59807827e+00,4.57083337e-02,4.47602395e-02,4.37764114e-02,2.72150241e-01
7.90000000e-01,1.60985168e+00,4.60991824e-02,4.49664336e-02,4.41203410e-02,2.73614813e-01
8.00000000e-01,1.62148528e+00,4.63637605e-02,4.51063389e-02,4.45753027e-02,2.74352387e-01
8.10000000e-01,1.62413628e+00,4.68011271e-02,4.53834411e-02,4.48994003e-02,2.77157778e-01
8.20000000e-01,1.63779025e+00,4.71546169e-02,4.56309319e-02,4.53161789e-02,2.77888972e-01
8.30000000e-01,1.65108309e+00,4.75805793e-02,4.60541867e-02,4.56640540e-02,2.79864106e-01
8.40000000e-01,1.66029530e+00,4.80427451e-02,4.63041000e-02,4.61613931e-02,2.81042542e-01
8.50000000e-01,1.67617704e+00,4.84888680e-02,4.66490496e-02,4.65259844e-02,2.83736455e-01
8.60000000e-01,1.68932555e+00,4.89330832e-02,4.68879532e-02,4.70974281e-02,2.84869386e-01
8.70000000e-01,1.70727575e+00,4.93818760e-02,4.74899508e-02,4.74590633e-02,2.88248536e-01
8.80000000e-01,1.73166875e+00,5.20933598e-02,4.91565902e-02,5.26332807e-02,3.49336521e-01
8.90000000e-01,1.74530138e+00,5.05919859e-02,4.78996132e-02,5.02012668e-02,2.93751915e-01
9.00000000e-01,1.73565042e+00,4.98826724e-02,4.76418976e-02,4.89244867e-02,2.92188820e-01
9.10000000e-01,1.75169550e+00,5.05480003e-02,4.81009789e-02,4.95877888e-02,2.89792441e-01
9.20000000e-01,1.70631750e+00,5.00557516e-02,4.71655268e-02,4.89618421e-02,2.93310976e-01
9.30000000e-01,1.71761839e+00,5.02335493e-02,4.73544858e-02,4.88540057e-02,2.92165244e-01
9.40000000e-01,1.72019123e+00,5.03506914e-02,4.76025406e-02,4.91713941e-02,2.94695807e-01
9.50000000e-01,1.71599944e+00,5.02451148e-02,4.72316336e-02,4.90279708e-02,2.94753265e-01
9.60000000e-01,1.72691050e+00,5.03995422e-02,4.75097500e-02,4.94551998e-02,2.98445459e-01
9.70000000e-01,1.74540184e+00,5.06464411e-02,4.79090374e-02,4.96933963e-02,3.01792762e-01
9.80000000e-01,1.75776827e+00,5.09944554e-02,4.82729826e-02,5.04023369e-02,3.04334415e-01
9.90000000e-01,1.78102726e+00,5.15066970e-02,4.87707928e-02,5.08996446e-02,3.08818598e-01
1.00000000e+00,1.81780615e+00,5.37245169e-02,5.23584414e-02,5.48276115e-02,3.95632003e-01
